provider_id,hospital_name,profile_url
05015F,60th Medical Group (Travis AFB),https://www.medicare.gov/care-compare/details/hospital/05015F?city=San%20Francisco&state=CA&zipcode=
030094,Abrazo Arrowhead Hospital,https://www.medicare.gov/care-compare/details/hospital/030094?city=Chandler&state=AZ&zipcode=
030030,Abrazo Central Campus,https://www.medicare.gov/care-compare/details/hospital/030030?city=Chandler&state=AZ&zipcode=
030083,Abrazo Scottsdale Campus,https://www.medicare.gov/care-compare/details/hospital/030083?city=Chandler&state=AZ&zipcode=
030110,Abrazo West Campus,https://www.medicare.gov/care-compare/details/hospital/030110?city=Chandler&state=AZ&zipcode=
670102,"Ad Hospital East, LLC",https://www.medicare.gov/care-compare/details/hospital/670102?city=Houston&state=TX&zipcode=
051317,Adventist Health Clearlake,https://www.medicare.gov/care-compare/details/hospital/051317?city=San%20Francisco&state=CA&zipcode=
050336,Adventist Health Lodi Memorial,https://www.medicare.gov/care-compare/details/hospital/050336?city=San%20Francisco&state=CA&zipcode=
050236,Adventist Health Simi Valley,https://www.medicare.gov/care-compare/details/hospital/050236?city=Los%20Angeles&state=CA&zipcode=
050013,Adventist Health St Helena,https://www.medicare.gov/care-compare/details/hospital/050013?city=San%20Francisco&state=CA&zipcode=
051301,Adventist Health Tehachapi Valley,https://www.medicare.gov/care-compare/details/hospital/051301?city=Los%20Angeles&state=CA&zipcode=
054074,Adventist Health Vallejo,https://www.medicare.gov/care-compare/details/hospital/054074?city=San%20Francisco&state=CA&zipcode=
050103,Adventist Health White Memorial,https://www.medicare.gov/care-compare/details/hospital/050103?city=Los%20Angeles&state=CA&zipcode=
050350,Adventist Health White Memorial Montebello,https://www.medicare.gov/care-compare/details/hospital/050350?city=Los%20Angeles&state=CA&zipcode=
034041,Agave Ridge Behavioral Hospital,https://www.medicare.gov/care-compare/details/hospital/034041?city=Chandler&state=AZ&zipcode=
050226,Ahmc Anaheim Regional Medical Center,https://www.medicare.gov/care-compare/details/hospital/050226?city=Los%20Angeles&state=CA&zipcode=
050289,Ahmc Seton Medical Center,https://www.medicare.gov/care-compare/details/hospital/050289?city=San%20Francisco&state=CA&zipcode=
310115,Ahs Hospital Corp,https://www.medicare.gov/care-compare/details/hospital/310115?city=New%20York&state=NY&zipcode=
050211,Alameda Hospital,https://www.medicare.gov/care-compare/details/hospital/050211?city=San%20Francisco&state=CA&zipcode=
074015,Albert J Solnit Children's Center - South Campus,https://www.medicare.gov/care-compare/details/hospital/074015?city=New%20York&state=NY&zipcode=
050281,Alhambra Hospital Medical Center,https://www.medicare.gov/care-compare/details/hospital/050281?city=Los%20Angeles&state=CA&zipcode=
054158,"Aliso Ridge Behavioral Health, LLC",https://www.medicare.gov/care-compare/details/hospital/054158?city=Los%20Angeles&state=CA&zipcode=
050043,Alta Bates Summit Medical Center,https://www.medicare.gov/care-compare/details/hospital/050043?city=San%20Francisco&state=CA&zipcode=
050305,Alta Bates Summit Medical Center - Alta Bates Camp,https://www.medicare.gov/care-compare/details/hospital/050305?city=San%20Francisco&state=CA&zipcode=
670135,"Altus Houston Hospital, LP",https://www.medicare.gov/care-compare/details/hospital/670135?city=Houston&state=TX&zipcode=
670134,Altus Lumberton Hospital,https://www.medicare.gov/care-compare/details/hospital/670134?city=Houston&state=TX&zipcode=
050854,"Anaheim Community Hospital, LLC",https://www.medicare.gov/care-compare/details/hospital/050854?city=Los%20Angeles&state=CA&zipcode=
050744,Anaheim Global Medical Center,https://www.medicare.gov/care-compare/details/hospital/050744?city=Los%20Angeles&state=CA&zipcode=
314005,Ancora Psych Hosp,https://www.medicare.gov/care-compare/details/hospital/314005?city=New%20York&state=NY&zipcode=
050056,Antelope Valley Hospital,https://www.medicare.gov/care-compare/details/hospital/050056?city=Los%20Angeles&state=CA&zipcode=
030112,Arizona Orthopedic and Surgical Specialty Hospital,https://www.medicare.gov/care-compare/details/hospital/030112?city=Chandler&state=AZ&zipcode=
030107,Arizona Spine and Joint Hospital,https://www.medicare.gov/care-compare/details/hospital/030107?city=Chandler&state=AZ&zipcode=
034021,Arizona State Hospital,https://www.medicare.gov/care-compare/details/hospital/034021?city=Chandler&state=AZ&zipcode=
050245,Arrowhead Regional Medical Center,https://www.medicare.gov/care-compare/details/hospital/050245?city=Los%20Angeles&state=CA&zipcode=
670043,Ascension Seton Cedar Park,https://www.medicare.gov/care-compare/details/hospital/670043?city=San%20Antonio&state=TX&zipcode=
451371,Ascension Seton Edgar B Davis,https://www.medicare.gov/care-compare/details/hospital/451371?city=San%20Antonio&state=TX&zipcode=
670056,Ascension Seton Hays,https://www.medicare.gov/care-compare/details/hospital/670056?city=San%20Antonio&state=TX&zipcode=
451365,Ascension Seton Highland Lakes,https://www.medicare.gov/care-compare/details/hospital/451365?city=San%20Antonio&state=TX&zipcode=
450056,Ascension Seton Medical Center Austin,https://www.medicare.gov/care-compare/details/hospital/450056?city=San%20Antonio&state=TX&zipcode=
450867,Ascension Seton Northwest,https://www.medicare.gov/care-compare/details/hospital/450867?city=San%20Antonio&state=TX&zipcode=
450865,Ascension Seton Southwest,https://www.medicare.gov/care-compare/details/hospital/450865?city=San%20Antonio&state=TX&zipcode=
670041,Ascension Seton Williamson,https://www.medicare.gov/care-compare/details/hospital/670041?city=San%20Antonio&state=TX&zipcode=
314023,Aspen Hills Healthcare Center,https://www.medicare.gov/care-compare/details/hospital/314023?city=New%20York&state=NY&zipcode=
670093,Aspire Hospital,https://www.medicare.gov/care-compare/details/hospital/670093?city=Houston&state=TX&zipcode=
310064,Atlanticare Regional Medical Center - City Campus,https://www.medicare.gov/care-compare/details/hospital/310064?city=New%20York&state=NY&zipcode=
340084,Atrium Health Anson,https://www.medicare.gov/care-compare/details/hospital/340084?city=Charlotte&state=NC&zipcode=
340021,Atrium Health Cleveland,https://www.medicare.gov/care-compare/details/hospital/340021?city=Charlotte&state=NC&zipcode=
340145,Atrium Health Lincoln,https://www.medicare.gov/care-compare/details/hospital/340145?city=Charlotte&state=NC&zipcode=
340098,Atrium Health Pineville,https://www.medicare.gov/care-compare/details/hospital/340098?city=Charlotte&state=NC&zipcode=
340130,Atrium Health Union,https://www.medicare.gov/care-compare/details/hospital/340130?city=Charlotte&state=NC&zipcode=
340166,Atrium Health University City,https://www.medicare.gov/care-compare/details/hospital/340166?city=Charlotte&state=NC&zipcode=
452114,Atrium Medical Center,https://www.medicare.gov/care-compare/details/hospital/452114?city=Houston&state=TX&zipcode=
034024,Aurora Behavioral Health System,https://www.medicare.gov/care-compare/details/hospital/034024?city=Chandler&state=AZ&zipcode=
054151,"Aurora Behavioral Healthcare-Santa Rosa, LLC",https://www.medicare.gov/care-compare/details/hospital/054151?city=San%20Francisco&state=CA&zipcode=
034028,Aurora Behavioral Healthcare-Tempe,https://www.medicare.gov/care-compare/details/hospital/034028?city=Chandler&state=AZ&zipcode=
054069,Aurora Charter Oak,https://www.medicare.gov/care-compare/details/hospital/054069?city=Los%20Angeles&state=CA&zipcode=
054078,Aurora Las Encinas,https://www.medicare.gov/care-compare/details/hospital/054078?city=Los%20Angeles&state=CA&zipcode=
054095,Aurora San Diego,https://www.medicare.gov/care-compare/details/hospital/054095?city=Los%20Angeles&state=CA&zipcode=
054077,Aurora Vista Del Mar Hospital,https://www.medicare.gov/care-compare/details/hospital/054077?city=Los%20Angeles&state=CA&zipcode=
454121,Austin Oaks Hospital,https://www.medicare.gov/care-compare/details/hospital/454121?city=San%20Antonio&state=TX&zipcode=
454084,Austin State Hospital,https://www.medicare.gov/care-compare/details/hospital/454084?city=San%20Antonio&state=TX&zipcode=
034035,Avenir Behavioral Health Center,https://www.medicare.gov/care-compare/details/hospital/034035?city=Chandler&state=AZ&zipcode=
054032,BHC Alhambra Hospital,https://www.medicare.gov/care-compare/details/hospital/054032?city=Los%20Angeles&state=CA&zipcode=
054110,BHC Fremont Hospital Inc,https://www.medicare.gov/care-compare/details/hospital/054110?city=San%20Francisco&state=CA&zipcode=
324010,"BHC Mesilla Valley Hospital, LLC",https://www.medicare.gov/care-compare/details/hospital/324010?city=El%20Paso&state=TX&zipcode=
054087,"BHC Sierra Vista Hospital, Inc",https://www.medicare.gov/care-compare/details/hospital/054087?city=San%20Francisco&state=CA&zipcode=
054155,"Bakersfield Behavioral Healthcare Hospital, LLC",https://www.medicare.gov/care-compare/details/hospital/054155?city=Los%20Angeles&state=CA&zipcode=
670336,Bandera Family Hospital,https://www.medicare.gov/care-compare/details/hospital/670336?city=San%20Antonio&state=TX&zipcode=
030002,Banner - University Medical Center Phoenix,https://www.medicare.gov/care-compare/details/hospital/030002?city=Chandler&state=AZ&zipcode=
030064,Banner - University Medical Center Tucson Campus,https://www.medicare.gov/care-compare/details/hospital/030064?city=Chandler&state=AZ&zipcode=
030088,Banner Baywood Medical Center,https://www.medicare.gov/care-compare/details/hospital/030088?city=Chandler&state=AZ&zipcode=
034004,Banner Behavioral Health Hospital,https://www.medicare.gov/care-compare/details/hospital/034004?city=Chandler&state=AZ&zipcode=
030061,Banner Boswell Medical Center,https://www.medicare.gov/care-compare/details/hospital/030061?city=Chandler&state=AZ&zipcode=
030016,Banner Casa Grande Medical Center,https://www.medicare.gov/care-compare/details/hospital/030016?city=Chandler&state=AZ&zipcode=
030093,Banner Del E. Webb Medical Center,https://www.medicare.gov/care-compare/details/hospital/030093?city=Chandler&state=AZ&zipcode=
030065,Banner Desert Medical Center,https://www.medicare.gov/care-compare/details/hospital/030065?city=Chandler&state=AZ&zipcode=
030115,Banner Estrella Medical Center,https://www.medicare.gov/care-compare/details/hospital/030115?city=Chandler&state=AZ&zipcode=
030122,Banner Gateway Medical Center,https://www.medicare.gov/care-compare/details/hospital/030122?city=Chandler&state=AZ&zipcode=
030134,Banner Goldfield Medical Center,https://www.medicare.gov/care-compare/details/hospital/030134?city=Chandler&state=AZ&zipcode=
030105,Banner Heart Hospital,https://www.medicare.gov/care-compare/details/hospital/030105?city=Chandler&state=AZ&zipcode=
030130,Banner Ironwood Medical Center,https://www.medicare.gov/care-compare/details/hospital/030130?city=Chandler&state=AZ&zipcode=
030147,Banner Ocotillo Medical Center,https://www.medicare.gov/care-compare/details/hospital/030147?city=Chandler&state=AZ&zipcode=
031318,Banner Payson Medical Center,https://www.medicare.gov/care-compare/details/hospital/031318?city=Chandler&state=AZ&zipcode=
030089,Banner Thunderbird Medical Center,https://www.medicare.gov/care-compare/details/hospital/030089?city=Chandler&state=AZ&zipcode=
030111,Banner-University Medical Center South Campus,https://www.medicare.gov/care-compare/details/hospital/030111?city=Chandler&state=AZ&zipcode=
450346,Baptist Beaumont Hospital,https://www.medicare.gov/care-compare/details/hospital/450346?city=Houston&state=TX&zipcode=
450058,Baptist Medical Center,https://www.medicare.gov/care-compare/details/hospital/450058?city=San%20Antonio&state=TX&zipcode=
670078,Baptist Neighborhood Hospital Thousand Oaks,https://www.medicare.gov/care-compare/details/hospital/670078?city=San%20Antonio&state=TX&zipcode=
050298,Barstow Community Hospital,https://www.medicare.gov/care-compare/details/hospital/050298?city=Los%20Angeles&state=CA&zipcode=
451397,Baylor Scott & White Hospital Brenham,https://www.medicare.gov/care-compare/details/hospital/451397?city=Houston&state=TX&zipcode=
670343,Baylor Scott & White Hospital Brenham,https://www.medicare.gov/care-compare/details/hospital/670343?city=Houston&state=TX&zipcode=
670131,Baylor Scott & White Medical Center - Buda,https://www.medicare.gov/care-compare/details/hospital/670131?city=San%20Antonio&state=TX&zipcode=
670108,Baylor Scott & White Medical Center - Marble Falls,https://www.medicare.gov/care-compare/details/hospital/670108?city=San%20Antonio&state=TX&zipcode=
670034,Baylor Scott & White Medical Center - Round Rock,https://www.medicare.gov/care-compare/details/hospital/670034?city=San%20Antonio&state=TX&zipcode=
670128,Baylor Scott & White Medical Center Pflugerville,https://www.medicare.gov/care-compare/details/hospital/670128?city=San%20Antonio&state=TX&zipcode=
670136,Baylor Scott & White Medical Center- Austin,https://www.medicare.gov/care-compare/details/hospital/670136?city=San%20Antonio&state=TX&zipcode=
670088,Baylor Scott & White Medical Center- College Stati,https://www.medicare.gov/care-compare/details/hospital/670088?city=Houston&state=TX&zipcode=
450193,Baylor St Lukes Medical Center,https://www.medicare.gov/care-compare/details/hospital/450193?city=Houston&state=TX&zipcode=
310112,Bayshore Medical Center,https://www.medicare.gov/care-compare/details/hospital/310112?city=New%20York&state=NY&zipcode=
451320,Bayside Community Hospital,https://www.medicare.gov/care-compare/details/hospital/451320?city=Houston&state=TX&zipcode=
670109,Baytown Medical Center LP,https://www.medicare.gov/care-compare/details/hospital/670109?city=Houston&state=TX&zipcode=
051335,Bear Valley Community Hospital,https://www.medicare.gov/care-compare/details/hospital/051335?city=Los%20Angeles&state=CA&zipcode=
454107,Behavioral Hospital of Bellaire,https://www.medicare.gov/care-compare/details/hospital/454107?city=Houston&state=TX&zipcode=
330204,Bellevue Hospital Center,https://www.medicare.gov/care-compare/details/hospital/330204?city=New%20York&state=NY&zipcode=
450253,Bellville Medical Center,https://www.medicare.gov/care-compare/details/hospital/450253?city=Houston&state=TX&zipcode=
394023,Belmont Behavioral Hospital,https://www.medicare.gov/care-compare/details/hospital/394023?city=New%20York&state=NY&zipcode=
310058,Bergen New Bridge Medical Center,https://www.medicare.gov/care-compare/details/hospital/310058?city=New%20York&state=NY&zipcode=
333301,Blythedale Children's Hospital,https://www.medicare.gov/care-compare/details/hospital/333301?city=New%20York&state=NY&zipcode=
330135,Bon Secours Community Hospital,https://www.medicare.gov/care-compare/details/hospital/330135?city=New%20York&state=NY&zipcode=
070010,Bridgeport Hospital,https://www.medicare.gov/care-compare/details/hospital/070010?city=New%20York&state=NY&zipcode=
070029,Bristol Hospital,https://www.medicare.gov/care-compare/details/hospital/070029?city=New%20York&state=NY&zipcode=
334053,Bronx Psychiatric Center,https://www.medicare.gov/care-compare/details/hospital/334053?city=New%20York&state=NY&zipcode=
33016F,Bronx VA Medical Center,https://www.medicare.gov/care-compare/details/hospital/33016F?city=New%20York&state=NY&zipcode=
330009,Bronxcare Hospital Center,https://www.medicare.gov/care-compare/details/hospital/330009?city=New%20York&state=NY&zipcode=
330233,Brookdale Hospital Medical Center,https://www.medicare.gov/care-compare/details/hospital/330233?city=New%20York&state=NY&zipcode=
45069F,Brooke Army Medical Center (FT Sam Houston),https://www.medicare.gov/care-compare/details/hospital/45069F?city=San%20Antonio&state=TX&zipcode=
394049,Brooke Glen Behavioral Hospital,https://www.medicare.gov/care-compare/details/hospital/394049?city=New%20York&state=NY&zipcode=
330056,Brooklyn Hospital Center - Downtown Campus,https://www.medicare.gov/care-compare/details/hospital/330056?city=New%20York&state=NY&zipcode=
334026,"Brunswick Hospital Center, Inc.",https://www.medicare.gov/care-compare/details/hospital/334026?city=New%20York&state=NY&zipcode=
670326,Brushy Creek Family Hospital LLC,https://www.medicare.gov/care-compare/details/hospital/670326?city=San%20Antonio&state=TX&zipcode=
390139,Bryn Mawr Hospital,https://www.medicare.gov/care-compare/details/hospital/390139?city=New%20York&state=NY&zipcode=
451305,Burleson St Joseph Health Center,https://www.medicare.gov/care-compare/details/hospital/451305?city=Houston&state=TX&zipcode=
050149,California Hospital Medical Center LA,https://www.medicare.gov/care-compare/details/hospital/050149?city=Los%20Angeles&state=CA&zipcode=
050055,California Pacific Medical Center - Mission Bernal,https://www.medicare.gov/care-compare/details/hospital/050055?city=San%20Francisco&state=CA&zipcode=
050047,California Pacific Medical Center- Van Ness Campus,https://www.medicare.gov/care-compare/details/hospital/050047?city=San%20Francisco&state=CA&zipcode=
050008,California Pacific Medical Ctr-Davies Campus Hosp,https://www.medicare.gov/care-compare/details/hospital/050008?city=San%20Francisco&state=CA&zipcode=
054111,Canyon Ridge Hospital,https://www.medicare.gov/care-compare/details/hospital/054111?city=Los%20Angeles&state=CA&zipcode=
310044,Capital Health Medical Center - Hopewell,https://www.medicare.gov/care-compare/details/hospital/310044?city=New%20York&state=NY&zipcode=
310092,Capital Health Regional Medical Center,https://www.medicare.gov/care-compare/details/hospital/310092?city=New%20York&state=NY&zipcode=
310025,Carepoint Health - Bayonne Medical Center,https://www.medicare.gov/care-compare/details/hospital/310025?city=New%20York&state=NY&zipcode=
310040,Carepoint Health-Hoboken University Medical Center,https://www.medicare.gov/care-compare/details/hospital/310040?city=New%20York&state=NY&zipcode=
310083,Carewell Health Medical Center,https://www.medicare.gov/care-compare/details/hospital/310083?city=New%20York&state=NY&zipcode=
340001,Carolinas Medical Center-Northeast,https://www.medicare.gov/care-compare/details/hospital/340001?city=Charlotte&state=NC&zipcode=
340113,Carolinas Medical Center/Behav Health,https://www.medicare.gov/care-compare/details/hospital/340113?city=Charlotte&state=NC&zipcode=
340032,Caromont Regional Medical Center,https://www.medicare.gov/care-compare/details/hospital/340032?city=Charlotte&state=NC&zipcode=
050782,Casa Colina Hospital,https://www.medicare.gov/care-compare/details/hospital/050782?city=Los%20Angeles&state=CA&zipcode=
051307,Catalina Island Medical Center,https://www.medicare.gov/care-compare/details/hospital/051307?city=Los%20Angeles&state=CA&zipcode=
340143,Catawba Valley Medical Center,https://www.medicare.gov/care-compare/details/hospital/340143?city=Charlotte&state=NC&zipcode=
454159,Cedar Hills Behavioral,https://www.medicare.gov/care-compare/details/hospital/454159?city=San%20Antonio&state=TX&zipcode=
050740,Cedar-Sinai Marina Del Rey Hospital,https://www.medicare.gov/care-compare/details/hospital/050740?city=Los%20Angeles&state=CA&zipcode=
050625,Cedars-Sinai Medical Center,https://www.medicare.gov/care-compare/details/hospital/050625?city=Los%20Angeles&state=CA&zipcode=
050739,Centinela Hospital Medical Center,https://www.medicare.gov/care-compare/details/hospital/050739?city=Los%20Angeles&state=CA&zipcode=
310111,Centrastate Medical Center,https://www.medicare.gov/care-compare/details/hospital/310111?city=New%20York&state=NY&zipcode=
030036,Chandler Regional Medical Center,https://www.medicare.gov/care-compare/details/hospital/030036?city=Chandler&state=AZ&zipcode=
050745,Chapman Global Medical Center,https://www.medicare.gov/care-compare/details/hospital/050745?city=Los%20Angeles&state=CA&zipcode=
070011,Charlotte Hungerford Hospital,https://www.medicare.gov/care-compare/details/hospital/070011?city=New%20York&state=NY&zipcode=
420043,Cherokee Medical Center,https://www.medicare.gov/care-compare/details/hospital/420043?city=Charlotte&state=NC&zipcode=
390179,Chester County Hospital,https://www.medicare.gov/care-compare/details/hospital/390179?city=New%20York&state=NY&zipcode=
450011,Chi St Joseph Health Regional Hospital,https://www.medicare.gov/care-compare/details/hospital/450011?city=Houston&state=TX&zipcode=
450072,Chi St Luke's Health Brazosport,https://www.medicare.gov/care-compare/details/hospital/450072?city=Houston&state=TX&zipcode=
450395,Chi St Lukes Health Memorial Livingston,https://www.medicare.gov/care-compare/details/hospital/450395?city=Houston&state=TX&zipcode=
670059,Chi St Lukes Lakeside Hospital,https://www.medicare.gov/care-compare/details/hospital/670059?city=Houston&state=TX&zipcode=
053302,Children's Hosp of Los Angeles,https://www.medicare.gov/care-compare/details/hospital/053302?city=Los%20Angeles&state=CA&zipcode=
053306,Children's Hospital at Mission,https://www.medicare.gov/care-compare/details/hospital/053306?city=Los%20Angeles&state=CA&zipcode=
053304,Children's Hospital of Orange County,https://www.medicare.gov/care-compare/details/hospital/053304?city=Los%20Angeles&state=CA&zipcode=
393303,Children's Hospital of Philadelphia,https://www.medicare.gov/care-compare/details/hospital/393303?city=New%20York&state=NY&zipcode=
453315,Children's Hospital of San Antonio,https://www.medicare.gov/care-compare/details/hospital/453315?city=San%20Antonio&state=TX&zipcode=
313300,Children's Specialized Hospital,https://www.medicare.gov/care-compare/details/hospital/313300?city=New%20York&state=NY&zipcode=
310017,Chilton Medical Center,https://www.medicare.gov/care-compare/details/hospital/310017?city=New%20York&state=NY&zipcode=
050407,Chinese Hospital,https://www.medicare.gov/care-compare/details/hospital/050407?city=San%20Francisco&state=CA&zipcode=
050586,Chino Valley Medical Center,https://www.medicare.gov/care-compare/details/hospital/050586?city=Los%20Angeles&state=CA&zipcode=
450272,Christus Santa Rosa Hospital-San Marcos,https://www.medicare.gov/care-compare/details/hospital/450272?city=San%20Antonio&state=TX&zipcode=
450237,Christus Santa Rosa Medical Center,https://www.medicare.gov/care-compare/details/hospital/450237?city=San%20Antonio&state=TX&zipcode=
450034,Christus Southeast Texas- St Elizabeth,https://www.medicare.gov/care-compare/details/hospital/450034?city=Houston&state=TX&zipcode=
320004,Christus Southern New Mexico,https://www.medicare.gov/care-compare/details/hospital/320004?city=El%20Paso&state=TX&zipcode=
450082,Christus Spohn Hospital Beeville,https://www.medicare.gov/care-compare/details/hospital/450082?city=San%20Antonio&state=TX&zipcode=
330332,Chsli St Joseph Hospital,https://www.medicare.gov/care-compare/details/hospital/330332?city=New%20York&state=NY&zipcode=
030138,City of Hope Cancer Center Phoenix,https://www.medicare.gov/care-compare/details/hospital/030138?city=Chandler&state=AZ&zipcode=
310009,Clara Maass Medical Center,https://www.medicare.gov/care-compare/details/hospital/310009?city=New%20York&state=NY&zipcode=
670115,Cleveland Emergency Hospital,https://www.medicare.gov/care-compare/details/hospital/670115?city=Houston&state=TX&zipcode=
050771,Coast Plaza Hospital,https://www.medicare.gov/care-compare/details/hospital/050771?city=Los%20Angeles&state=CA&zipcode=
050747,Coastal Communities Hospital,https://www.medicare.gov/care-compare/details/hospital/050747?city=Los%20Angeles&state=CA&zipcode=
031314,Cobre Valley Regional Medical Center,https://www.medicare.gov/care-compare/details/hospital/031314?city=Chandler&state=AZ&zipcode=
054055,College Hospital,https://www.medicare.gov/care-compare/details/hospital/054055?city=Los%20Angeles&state=CA&zipcode=
050543,College Hospital Costa Mesa,https://www.medicare.gov/care-compare/details/hospital/050543?city=Los%20Angeles&state=CA&zipcode=
050776,College Medical Center,https://www.medicare.gov/care-compare/details/hospital/050776?city=Los%20Angeles&state=CA&zipcode=
034013,College Medical Center Phoenix,https://www.medicare.gov/care-compare/details/hospital/034013?city=Chandler&state=AZ&zipcode=
450370,Columbus Community Hospital,https://www.medicare.gov/care-compare/details/hospital/450370?city=Houston&state=TX&zipcode=
050091,Community Hospital of Huntington Park,https://www.medicare.gov/care-compare/details/hospital/050091?city=Los%20Angeles&state=CA&zipcode=
050089,Community Hospital of San Bernardino,https://www.medicare.gov/care-compare/details/hospital/050089?city=Los%20Angeles&state=CA&zipcode=
050145,Community Hospital of the Monterey Peninsula,https://www.medicare.gov/care-compare/details/hospital/050145?city=San%20Francisco&state=CA&zipcode=
310041,Community Medical Center,https://www.medicare.gov/care-compare/details/hospital/310041?city=New%20York&state=NY&zipcode=
051334,Community Memorial Hospital - Ojai,https://www.medicare.gov/care-compare/details/hospital/051334?city=Los%20Angeles&state=CA&zipcode=
050394,Community Memorial Hospital - Ventura,https://www.medicare.gov/care-compare/details/hospital/050394?city=Los%20Angeles&state=CA&zipcode=
450108,Connally Memorial Medical Center,https://www.medicare.gov/care-compare/details/hospital/450108?city=San%20Antonio&state=TX&zipcode=
073300,Connecticut Childrens Medical Center,https://www.medicare.gov/care-compare/details/hospital/073300?city=New%20York&state=NY&zipcode=
074011,Connecticut Mental Health Center,https://www.medicare.gov/care-compare/details/hospital/074011?city=New%20York&state=NY&zipcode=
074003,Connecticut Valley Hosp,https://www.medicare.gov/care-compare/details/hospital/074003?city=New%20York&state=NY&zipcode=
050276,Contra Costa Regional Medical Center,https://www.medicare.gov/care-compare/details/hospital/050276?city=San%20Francisco&state=CA&zipcode=
310014,Cooper University Hospital,https://www.medicare.gov/care-compare/details/hospital/310014?city=New%20York&state=NY&zipcode=
310076,Cooperman Barnabas Medical Center,https://www.medicare.gov/care-compare/details/hospital/310076?city=New%20York&state=NY&zipcode=
034032,Copper Springs East- Gilbert,https://www.medicare.gov/care-compare/details/hospital/034032?city=Chandler&state=AZ&zipcode=
050329,Corona Regional Medical Center,https://www.medicare.gov/care-compare/details/hospital/050329?city=Los%20Angeles&state=CA&zipcode=
334004,Creedmoor Psychiatric Center,https://www.medicare.gov/care-compare/details/hospital/334004?city=New%20York&state=NY&zipcode=
454133,Cross Creek Hospital,https://www.medicare.gov/care-compare/details/hospital/454133?city=San%20Antonio&state=TX&zipcode=
390180,Crozer Chester Medical Center,https://www.medicare.gov/care-compare/details/hospital/390180?city=New%20York&state=NY&zipcode=
450597,Cuero Regional Hospital,https://www.medicare.gov/care-compare/details/hospital/450597?city=San%20Antonio&state=TX&zipcode=
454108,Cypress Creek Hospital,https://www.medicare.gov/care-compare/details/hospital/454108?city=Houston&state=TX&zipcode=
450147,DE Tar Hospital Navarro,https://www.medicare.gov/care-compare/details/hospital/450147?city=San%20Antonio&state=TX&zipcode=
050122,Dameron Hospital,https://www.medicare.gov/care-compare/details/hospital/050122?city=San%20Francisco&state=CA&zipcode=
070033,Danbury Hospital,https://www.medicare.gov/care-compare/details/hospital/070033?city=New%20York&state=NY&zipcode=
310031,Deborah Heart and Lung Center,https://www.medicare.gov/care-compare/details/hospital/310031?city=New%20York&state=NY&zipcode=
054053,Del Amo Hospital,https://www.medicare.gov/care-compare/details/hospital/054053?city=Los%20Angeles&state=CA&zipcode=
453310,Dell Children's Medical Center,https://www.medicare.gov/care-compare/details/hospital/453310?city=San%20Antonio&state=TX&zipcode=
450124,Dell Seton Med Center at the University of TX,https://www.medicare.gov/care-compare/details/hospital/450124?city=San%20Antonio&state=TX&zipcode=
054133,Dept of State Hospitals - Metropolitan - Psy,https://www.medicare.gov/care-compare/details/hospital/054133?city=Los%20Angeles&state=CA&zipcode=
054122,Dept of State Hospitals - Napa,https://www.medicare.gov/care-compare/details/hospital/054122?city=San%20Francisco&state=CA&zipcode=
050243,Desert Regional Medical Center,https://www.medicare.gov/care-compare/details/hospital/050243?city=Los%20Angeles&state=CA&zipcode=
050709,Desert Valley Hospital,https://www.medicare.gov/care-compare/details/hospital/050709?city=Los%20Angeles&state=CA&zipcode=
034034,Destiny Springs Healthcare,https://www.medicare.gov/care-compare/details/hospital/034034?city=Chandler&state=AZ&zipcode=
030136,Dignity Health - Arizona General Hospital,https://www.medicare.gov/care-compare/details/hospital/030136?city=Chandler&state=AZ&zipcode=
030139,Dignity Health Arizona General Hospital,https://www.medicare.gov/care-compare/details/hospital/030139?city=Chandler&state=AZ&zipcode=
050785,Docs Surgical Hospital,https://www.medicare.gov/care-compare/details/hospital/050785?city=Los%20Angeles&state=CA&zipcode=
050118,Doctors Hospital of Manteca,https://www.medicare.gov/care-compare/details/hospital/050118?city=San%20Francisco&state=CA&zipcode=
050464,Doctors Medical Center,https://www.medicare.gov/care-compare/details/hospital/050464?city=San%20Francisco&state=CA&zipcode=
050242,Dominican Hospital,https://www.medicare.gov/care-compare/details/hospital/050242?city=San%20Francisco&state=CA&zipcode=
390203,Doylestown Hospital,https://www.medicare.gov/care-compare/details/hospital/390203?city=New%20York&state=NY&zipcode=
340129,Duke Health Lake Norman Hospital,https://www.medicare.gov/care-compare/details/hospital/340129?city=Charlotte&state=NC&zipcode=
390278,Eagleville Hospital,https://www.medicare.gov/care-compare/details/hospital/390278?city=New%20York&state=NY&zipcode=
670320,East Houston Medical Center,https://www.medicare.gov/care-compare/details/hospital/670320?city=Houston&state=TX&zipcode=
050641,East Los Angeles Doctors Hospital,https://www.medicare.gov/care-compare/details/hospital/050641?city=Los%20Angeles&state=CA&zipcode=
030153,East Valley Er & Hospital,https://www.medicare.gov/care-compare/details/hospital/030153?city=Chandler&state=AZ&zipcode=
050488,Eden Medical Center,https://www.medicare.gov/care-compare/details/hospital/050488?city=San%20Francisco&state=CA&zipcode=
050308,El Camino Health,https://www.medicare.gov/care-compare/details/hospital/050308?city=San%20Francisco&state=CA&zipcode=
450694,El Campo Memorial Hospital,https://www.medicare.gov/care-compare/details/hospital/450694?city=Houston&state=TX&zipcode=
034033,El Dorado Springs,https://www.medicare.gov/care-compare/details/hospital/034033?city=Chandler&state=AZ&zipcode=
454109,El Paso Behavioral Health System,https://www.medicare.gov/care-compare/details/hospital/454109?city=El%20Paso&state=TX&zipcode=
453313,El Paso Children's Hospital,https://www.medicare.gov/care-compare/details/hospital/453313?city=El%20Paso&state=TX&zipcode=
454100,El Paso Psychiatric Center,https://www.medicare.gov/care-compare/details/hospital/454100?city=El%20Paso&state=TX&zipcode=
670285,Elite Hospital Kingwood,https://www.medicare.gov/care-compare/details/hospital/670285?city=Houston&state=TX&zipcode=
331310,Ellenville Regional Hospital,https://www.medicare.gov/care-compare/details/hospital/331310?city=New%20York&state=NY&zipcode=
330128,Elmhurst Hospital Center,https://www.medicare.gov/care-compare/details/hospital/330128?city=New%20York&state=NY&zipcode=
050597,Emanate Health Foothill Presbyterian Hospital,https://www.medicare.gov/care-compare/details/hospital/050597?city=Los%20Angeles&state=CA&zipcode=
050382,Emanate Health Inter-Community Hospital,https://www.medicare.gov/care-compare/details/hospital/050382?city=Los%20Angeles&state=CA&zipcode=
050179,Emanuel Medical Center,https://www.medicare.gov/care-compare/details/hospital/050179?city=San%20Francisco&state=CA&zipcode=
050158,Encino Hospital Medical Center,https://www.medicare.gov/care-compare/details/hospital/050158?city=Los%20Angeles&state=CA&zipcode=
310045,Englewood Hospital and Medical Center,https://www.medicare.gov/care-compare/details/hospital/310045?city=New%20York&state=NY&zipcode=
314020,Essex County Hospital Center,https://www.medicare.gov/care-compare/details/hospital/314020?city=New%20York&state=NY&zipcode=
030152,Exceptional Community Hospital - Maricopa,https://www.medicare.gov/care-compare/details/hospital/030152?city=Chandler&state=AZ&zipcode=
394027,Fairmount Behavioral Health System,https://www.medicare.gov/care-compare/details/hospital/394027?city=New%20York&state=NY&zipcode=
330193,Flushing Hospital Medical Center,https://www.medicare.gov/care-compare/details/hospital/330193?city=New%20York&state=NY&zipcode=
050780,Foothill Regional Medical Center,https://www.medicare.gov/care-compare/details/hospital/050780?city=Los%20Angeles&state=CA&zipcode=
670054,Foundation Surgical Hospital of San Antonio,https://www.medicare.gov/care-compare/details/hospital/670054?city=San%20Antonio&state=TX&zipcode=
394038,Foundations Behavioral Health,https://www.medicare.gov/care-compare/details/hospital/394038?city=New%20York&state=NY&zipcode=
334002,Four Winds,https://www.medicare.gov/care-compare/details/hospital/334002?city=New%20York&state=NY&zipcode=
394008,Friends Hospital,https://www.medicare.gov/care-compare/details/hospital/394008?city=New%20York&state=NY&zipcode=
451391,Frio Regional Hospital,https://www.medicare.gov/care-compare/details/hospital/451391?city=San%20Antonio&state=TX&zipcode=
340116,Frye Regional Medical Center,https://www.medicare.gov/care-compare/details/hospital/340116?city=Charlotte&state=NC&zipcode=
050230,Garden Grove Hospital & Medical Center,https://www.medicare.gov/care-compare/details/hospital/050230?city=Los%20Angeles&state=CA&zipcode=
050737,Garfield Medical Center,https://www.medicare.gov/care-compare/details/hospital/050737?city=Los%20Angeles&state=CA&zipcode=
330126,Garnet Health Medical Center,https://www.medicare.gov/care-compare/details/hospital/330126?city=New%20York&state=NY&zipcode=
330386,Garnet Health Medical Center Catskills,https://www.medicare.gov/care-compare/details/hospital/330386?city=New%20York&state=NY&zipcode=
331303,Garnet Health Medical Center Catskills,https://www.medicare.gov/care-compare/details/hospital/331303?city=New%20York&state=NY&zipcode=
054028,Gateways Hosp Mental Health Ctr,https://www.medicare.gov/care-compare/details/hospital/054028?city=Los%20Angeles&state=CA&zipcode=
394059,Geisinger Behavioral Health Center Northeast,https://www.medicare.gov/care-compare/details/hospital/394059?city=New%20York&state=NY&zipcode=
390001,Geisinger-Community Medical Center,https://www.medicare.gov/care-compare/details/hospital/390001?city=New%20York&state=NY&zipcode=
454129,Georgetown Behavioral Health Institute,https://www.medicare.gov/care-compare/details/hospital/454129?city=San%20Antonio&state=TX&zipcode=
050239,Glendale Adventist Medical Center,https://www.medicare.gov/care-compare/details/hospital/050239?city=Los%20Angeles&state=CA&zipcode=
050058,Glendale Mem Hospital & Hlth Center,https://www.medicare.gov/care-compare/details/hospital/050058?city=Los%20Angeles&state=CA&zipcode=
054157,Glendora Hospital,https://www.medicare.gov/care-compare/details/hospital/054157?city=Los%20Angeles&state=CA&zipcode=
050357,Goleta Valley Cottage Hospital,https://www.medicare.gov/care-compare/details/hospital/050357?city=Los%20Angeles&state=CA&zipcode=
050380,Good Samaritan Hospital,https://www.medicare.gov/care-compare/details/hospital/050380?city=San%20Francisco&state=CA&zipcode=
330286,Good Samaritan Hospital Medical Center,https://www.medicare.gov/care-compare/details/hospital/330286?city=New%20York&state=NY&zipcode=
330158,Good Samaritan Hospital of Suffern,https://www.medicare.gov/care-compare/details/hospital/330158?city=New%20York&state=NY&zipcode=
334048,Gracie Square Hosp,https://www.medicare.gov/care-compare/details/hospital/334048?city=New%20York&state=NY&zipcode=
050738,Greater El Monte Community Hospital,https://www.medicare.gov/care-compare/details/hospital/050738?city=Los%20Angeles&state=CA&zipcode=
070018,Greenwich Hospital Association -,https://www.medicare.gov/care-compare/details/hospital/070018?city=New%20York&state=NY&zipcode=
314016,Greystone Park Psychiatric Hospital,https://www.medicare.gov/care-compare/details/hospital/314016?city=New%20York&state=NY&zipcode=
070031,Griffin Hospital,https://www.medicare.gov/care-compare/details/hospital/070031?city=New%20York&state=NY&zipcode=
451322,Grimes St Joseph Health Center,https://www.medicare.gov/care-compare/details/hospital/451322?city=Houston&state=TX&zipcode=
450104,Guadalupe Regional Medical Center,https://www.medicare.gov/care-compare/details/hospital/450104?city=San%20Antonio&state=TX&zipcode=
314012,Hackensack Meridian Health Carrier Clinic,https://www.medicare.gov/care-compare/details/hospital/314012?city=New%20York&state=NY&zipcode=
310130,Hackensack Meridian Health Pascack Valley Medical,https://www.medicare.gov/care-compare/details/hospital/310130?city=New%20York&state=NY&zipcode=
310054,Hackensack Meridian Mountainside Medical,https://www.medicare.gov/care-compare/details/hospital/310054?city=New%20York&state=NY&zipcode=
310001,Hackensack University Medical Center,https://www.medicare.gov/care-compare/details/hospital/310001?city=New%20York&state=NY&zipcode=
314021,Hampton Behavioral Health Center,https://www.medicare.gov/care-compare/details/hospital/314021?city=New%20York&state=NY&zipcode=
330240,Harlem Hospital Center,https://www.medicare.gov/care-compare/details/hospital/330240?city=New%20York&state=NY&zipcode=
454076,Harris County Psychiatric Center,https://www.medicare.gov/care-compare/details/hospital/454076?city=Houston&state=TX&zipcode=
450289,Harris Health,https://www.medicare.gov/care-compare/details/hospital/450289?city=Houston&state=TX&zipcode=
070025,Hartford Hospital,https://www.medicare.gov/care-compare/details/hospital/070025?city=New%20York&state=NY&zipcode=
394053,Haven Behavioral Hospital of Philadelphia,https://www.medicare.gov/care-compare/details/hospital/394053?city=New%20York&state=NY&zipcode=
034020,Haven Behavioral Hospital of Phoenix,https://www.medicare.gov/care-compare/details/hospital/034020?city=Chandler&state=AZ&zipcode=
394062,Haven Behavioral Hospital of West Chester,https://www.medicare.gov/care-compare/details/hospital/394062?city=New%20York&state=NY&zipcode=
051337,Hazel Hawkins Memorial Hospital,https://www.medicare.gov/care-compare/details/hospital/051337?city=San%20Francisco&state=CA&zipcode=
450617,Hca Houston Healthcare Clear Lake,https://www.medicare.gov/care-compare/details/hospital/450617?city=Houston&state=TX&zipcode=
450222,Hca Houston Healthcare Conroe,https://www.medicare.gov/care-compare/details/hospital/450222?city=Houston&state=TX&zipcode=
450775,Hca Houston Healthcare Kingwood,https://www.medicare.gov/care-compare/details/hospital/450775?city=Houston&state=TX&zipcode=
450659,Hca Houston Healthcare Medical Center,https://www.medicare.gov/care-compare/details/hospital/450659?city=Houston&state=TX&zipcode=
450638,Hca Houston Healthcare Northwest,https://www.medicare.gov/care-compare/details/hospital/450638?city=Houston&state=TX&zipcode=
670106,Hca Houston Healthcare Pearland,https://www.medicare.gov/care-compare/details/hospital/670106?city=Houston&state=TX&zipcode=
450097,Hca Houston Healthcare Southeast,https://www.medicare.gov/care-compare/details/hospital/450097?city=Houston&state=TX&zipcode=
450670,Hca Houston Healthcare Tomball,https://www.medicare.gov/care-compare/details/hospital/450670?city=Houston&state=TX&zipcode=
450644,Hca Houston Healthcare West,https://www.medicare.gov/care-compare/details/hospital/450644?city=Houston&state=TX&zipcode=
051321,Healdsburg Hospital,https://www.medicare.gov/care-compare/details/hospital/051321?city=San%20Francisco&state=CA&zipcode=
330224,Healthalliance Hospital Marys Avenue Campus,https://www.medicare.gov/care-compare/details/hospital/330224?city=New%20York&state=NY&zipcode=
053308,Healthbridge Children's Hospital - Orange,https://www.medicare.gov/care-compare/details/hospital/053308?city=Los%20Angeles&state=CA&zipcode=
453309,Healthbridge Childrens's Hospital of Houston,https://www.medicare.gov/care-compare/details/hospital/453309?city=Houston&state=TX&zipcode=
310016,Heights University Hospital,https://www.medicare.gov/care-compare/details/hospital/310016?city=New%20York&state=NY&zipcode=
330405,Helen Hayes Hospital,https://www.medicare.gov/care-compare/details/hospital/330405?city=New%20York&state=NY&zipcode=
050390,Hemet Global Medical Center,https://www.medicare.gov/care-compare/details/hospital/050390?city=Los%20Angeles&state=CA&zipcode=
050624,Henry Mayo Newhall Hospital,https://www.medicare.gov/care-compare/details/hospital/050624?city=Los%20Angeles&state=CA&zipcode=
054104,Heritage Oaks Hospital,https://www.medicare.gov/care-compare/details/hospital/054104?city=San%20Francisco&state=CA&zipcode=
050320,Highland Hospital,https://www.medicare.gov/care-compare/details/hospital/050320?city=San%20Francisco&state=CA&zipcode=
450604,Hill Country Memorial Hospital,https://www.medicare.gov/care-compare/details/hospital/450604?city=San%20Antonio&state=TX&zipcode=
050224,Hoag Memorial Hospital Presbyterian,https://www.medicare.gov/care-compare/details/hospital/050224?city=Los%20Angeles&state=CA&zipcode=
050769,Hoag Orthopedic Institute,https://www.medicare.gov/care-compare/details/hospital/050769?city=Los%20Angeles&state=CA&zipcode=
050063,Hollywood Presbyterian Medical Center,https://www.medicare.gov/care-compare/details/hospital/050063?city=Los%20Angeles&state=CA&zipcode=
310008,Holy Name Medical Center,https://www.medicare.gov/care-compare/details/hospital/310008?city=New%20York&state=NY&zipcode=
390097,Holy Redeemer Hospital and Medical Center,https://www.medicare.gov/care-compare/details/hospital/390097?city=New%20York&state=NY&zipcode=
030014,Honor Health John C. Lincoln Medical Center,https://www.medicare.gov/care-compare/details/hospital/030014?city=Chandler&state=AZ&zipcode=
030092,Honorhealth Deer Valley Medical Center,https://www.medicare.gov/care-compare/details/hospital/030092?city=Chandler&state=AZ&zipcode=
030121,Honorhealth Four Peaks Medical Center,https://www.medicare.gov/care-compare/details/hospital/030121?city=Chandler&state=AZ&zipcode=
030038,Honorhealth Scottsdale Osborn Medical Center,https://www.medicare.gov/care-compare/details/hospital/030038?city=Chandler&state=AZ&zipcode=
030087,Honorhealth Scottsdale Shea Medical Center,https://www.medicare.gov/care-compare/details/hospital/030087?city=Chandler&state=AZ&zipcode=
030123,Honorhealth Scottsdale Thompson Peak Med Ctr,https://www.medicare.gov/care-compare/details/hospital/030123?city=Chandler&state=AZ&zipcode=
030146,Honorhealth Sonoran Crossing Medical Center,https://www.medicare.gov/care-compare/details/hospital/030146?city=Chandler&state=AZ&zipcode=
030037,Honorhealth Tempe Medical Center,https://www.medicare.gov/care-compare/details/hospital/030037?city=Chandler&state=AZ&zipcode=
394034,Horsham Clinic,https://www.medicare.gov/care-compare/details/hospital/394034?city=New%20York&state=NY&zipcode=
330270,Hospital for Special Surgery,https://www.medicare.gov/care-compare/details/hospital/330270?city=New%20York&state=NY&zipcode=
390111,Hospital of Univ of Pennsylvania,https://www.medicare.gov/care-compare/details/hospital/390111?city=New%20York&state=NY&zipcode=
454135,Houston Behavioral Healthcare Hospital LLC,https://www.medicare.gov/care-compare/details/hospital/454135?city=Houston&state=TX&zipcode=
450424,Houston Methodist Baytown Hospital,https://www.medicare.gov/care-compare/details/hospital/450424?city=Houston&state=TX&zipcode=
450709,Houston Methodist Clear Lake Hospital,https://www.medicare.gov/care-compare/details/hospital/450709?city=Houston&state=TX&zipcode=
670342,Houston Methodist Cypress Hospital,https://www.medicare.gov/care-compare/details/hospital/670342?city=Houston&state=TX&zipcode=
450358,Houston Methodist Hospital,https://www.medicare.gov/care-compare/details/hospital/450358?city=Houston&state=TX&zipcode=
450820,Houston Methodist Sugarland Hospital,https://www.medicare.gov/care-compare/details/hospital/450820?city=Houston&state=TX&zipcode=
670077,Houston Methodist West Hospital,https://www.medicare.gov/care-compare/details/hospital/670077?city=Houston&state=TX&zipcode=
450844,Houston Methodist Willowbrook Hospital,https://www.medicare.gov/care-compare/details/hospital/450844?city=Houston&state=TX&zipcode=
670122,Houston Methodist the Woodlands Hospital,https://www.medicare.gov/care-compare/details/hospital/670122?city=Houston&state=TX&zipcode=
45074F,Houston VA Medical Center,https://www.medicare.gov/care-compare/details/hospital/45074F?city=Houston&state=TX&zipcode=
314024,Hudson County Meadowview Psychiatric H,https://www.medicare.gov/care-compare/details/hospital/314024?city=New%20York&state=NY&zipcode=
310118,Hudson Regional Hospital,https://www.medicare.gov/care-compare/details/hospital/310118?city=New%20York&state=NY&zipcode=
330267,Hudson Valley Hospital Center,https://www.medicare.gov/care-compare/details/hospital/330267?city=New%20York&state=NY&zipcode=
031308,Huhu Kam Memorial Hospital,https://www.medicare.gov/care-compare/details/hospital/031308?city=Chandler&state=AZ&zipcode=
310005,Hunterdon Medical Center,https://www.medicare.gov/care-compare/details/hospital/310005?city=New%20York&state=NY&zipcode=
050526,Huntington Beach Hospital,https://www.medicare.gov/care-compare/details/hospital/050526?city=Los%20Angeles&state=CA&zipcode=
050438,Huntington Hospital,https://www.medicare.gov/care-compare/details/hospital/050438?city=Los%20Angeles&state=CA&zipcode=
450347,Huntsville Memorial Hospital,https://www.medicare.gov/care-compare/details/hospital/450347?city=Houston&state=TX&zipcode=
310069,Inspira Medical Center Mullica Hill,https://www.medicare.gov/care-compare/details/hospital/310069?city=New%20York&state=NY&zipcode=
344036,Iredell Davis Behavioral Health Hospital,https://www.medicare.gov/care-compare/details/hospital/344036?city=Charlotte&state=NC&zipcode=
340039,Iredell Memorial Hospital Inc,https://www.medicare.gov/care-compare/details/hospital/340039?city=Charlotte&state=NC&zipcode=
451363,Jackson Healthcare Center,https://www.medicare.gov/care-compare/details/hospital/451363?city=Houston&state=TX&zipcode=
330127,Jacobi Medical Center,https://www.medicare.gov/care-compare/details/hospital/330127?city=New%20York&state=NY&zipcode=
330014,Jamaica Hospital Medical Center,https://www.medicare.gov/care-compare/details/hospital/330014?city=New%20York&state=NY&zipcode=
390231,Jefferson Abington Hospital,https://www.medicare.gov/care-compare/details/hospital/390231?city=New%20York&state=NY&zipcode=
390329,Jefferson Einstein Montgomery Hospital,https://www.medicare.gov/care-compare/details/hospital/390329?city=New%20York&state=NY&zipcode=
390142,Jefferson Einstein Philadelphia Hospital,https://www.medicare.gov/care-compare/details/hospital/390142?city=New%20York&state=NY&zipcode=
390115,Jefferson Health- Northeast,https://www.medicare.gov/care-compare/details/hospital/390115?city=New%20York&state=NY&zipcode=
390012,Jefferson Lansdale Hospital,https://www.medicare.gov/care-compare/details/hospital/390012?city=New%20York&state=NY&zipcode=
310086,Jefferson Stratford Hospital,https://www.medicare.gov/care-compare/details/hospital/310086?city=New%20York&state=NY&zipcode=
310074,Jersey City Medical Center,https://www.medicare.gov/care-compare/details/hospital/310074?city=New%20York&state=NY&zipcode=
310073,Jersey Shore University Medical Center,https://www.medicare.gov/care-compare/details/hospital/310073?city=New%20York&state=NY&zipcode=
054089,Jewish Home & Rehab Center,https://www.medicare.gov/care-compare/details/hospital/054089?city=San%20Francisco&state=CA&zipcode=
310108,Jfk University Medical Center,https://www.medicare.gov/care-compare/details/hospital/310108?city=New%20York&state=NY&zipcode=
070036,John Dempsey Hospital of the University of Connect,https://www.medicare.gov/care-compare/details/hospital/070036?city=New%20York&state=NY&zipcode=
054131,John Muir Behavioral Health Center,https://www.medicare.gov/care-compare/details/hospital/054131?city=San%20Francisco&state=CA&zipcode=
050496,John Muir Medical Center - Concord Campus,https://www.medicare.gov/care-compare/details/hospital/050496?city=San%20Francisco&state=CA&zipcode=
050180,John Muir Medical Center - Walnut Creek Campus,https://www.medicare.gov/care-compare/details/hospital/050180?city=San%20Francisco&state=CA&zipcode=
330185,John T Mather Memorial Hospital of Port Jefferson,https://www.medicare.gov/care-compare/details/hospital/330185?city=New%20York&state=NY&zipcode=
054147,Joyce Eisenberg Keefer Medical Center,https://www.medicare.gov/care-compare/details/hospital/054147?city=Los%20Angeles&state=CA&zipcode=
050674,Kaiser Foundation Hosp So Sacramento,https://www.medicare.gov/care-compare/details/hospital/050674?city=San%20Francisco&state=CA&zipcode=
050510,Kaiser Foundation Hospital,https://www.medicare.gov/care-compare/details/hospital/050510?city=San%20Francisco&state=CA&zipcode=
050760,Kaiser Foundation Hospital - Antioch,https://www.medicare.gov/care-compare/details/hospital/050760?city=San%20Francisco&state=CA&zipcode=
050723,Kaiser Foundation Hospital - Baldwin Park,https://www.medicare.gov/care-compare/details/hospital/050723?city=Los%20Angeles&state=CA&zipcode=
050139,Kaiser Foundation Hospital - Downey,https://www.medicare.gov/care-compare/details/hospital/050139?city=Los%20Angeles&state=CA&zipcode=
050512,Kaiser Foundation Hospital - Fremont,https://www.medicare.gov/care-compare/details/hospital/050512?city=San%20Francisco&state=CA&zipcode=
050138,Kaiser Foundation Hospital - Los Angeles,https://www.medicare.gov/care-compare/details/hospital/050138?city=Los%20Angeles&state=CA&zipcode=
050075,Kaiser Foundation Hospital - Oakland/Richmond,https://www.medicare.gov/care-compare/details/hospital/050075?city=San%20Francisco&state=CA&zipcode=
050609,Kaiser Foundation Hospital - Orange County - Anaheim,https://www.medicare.gov/care-compare/details/hospital/050609?city=Los%20Angeles&state=CA&zipcode=
050137,Kaiser Foundation Hospital - Panorama City,https://www.medicare.gov/care-compare/details/hospital/050137?city=Los%20Angeles&state=CA&zipcode=
050541,Kaiser Foundation Hospital - Redwood City,https://www.medicare.gov/care-compare/details/hospital/050541?city=San%20Francisco&state=CA&zipcode=
050772,Kaiser Foundation Hospital - Roseville,https://www.medicare.gov/care-compare/details/hospital/050772?city=San%20Francisco&state=CA&zipcode=
050425,Kaiser Foundation Hospital - Sacramento,https://www.medicare.gov/care-compare/details/hospital/050425?city=San%20Francisco&state=CA&zipcode=
050076,Kaiser Foundation Hospital - San Francisco,https://www.medicare.gov/care-compare/details/hospital/050076?city=San%20Francisco&state=CA&zipcode=
050777,Kaiser Foundation Hospital - San Leandro,https://www.medicare.gov/care-compare/details/hospital/050777?city=San%20Francisco&state=CA&zipcode=
050855,Kaiser Foundation Hospital - San Marcos,https://www.medicare.gov/care-compare/details/hospital/050855?city=Los%20Angeles&state=CA&zipcode=
050411,Kaiser Foundation Hospital - South Bay,https://www.medicare.gov/care-compare/details/hospital/050411?city=Los%20Angeles&state=CA&zipcode=
050070,Kaiser Foundation Hospital - South San Francisco,https://www.medicare.gov/care-compare/details/hospital/050070?city=San%20Francisco&state=CA&zipcode=
050767,Kaiser Foundation Hospital - Vacaville,https://www.medicare.gov/care-compare/details/hospital/050767?city=San%20Francisco&state=CA&zipcode=
050072,Kaiser Foundation Hospital - Walnut Creek,https://www.medicare.gov/care-compare/details/hospital/050072?city=San%20Francisco&state=CA&zipcode=
050561,Kaiser Foundation Hospital - West LA,https://www.medicare.gov/care-compare/details/hospital/050561?city=Los%20Angeles&state=CA&zipcode=
050677,Kaiser Foundation Hospital - Woodland Hills,https://www.medicare.gov/care-compare/details/hospital/050677?city=Los%20Angeles&state=CA&zipcode=
050140,Kaiser Foundation Hospital Fontana/Ontario,https://www.medicare.gov/care-compare/details/hospital/050140?city=Los%20Angeles&state=CA&zipcode=
050748,Kaiser Foundation Hospital Manteca,https://www.medicare.gov/care-compare/details/hospital/050748?city=San%20Francisco&state=CA&zipcode=
050073,Kaiser Foundation Hospital and Rehab Center,https://www.medicare.gov/care-compare/details/hospital/050073?city=San%20Francisco&state=CA&zipcode=
050686,"Kaiser Foundation Hospital, Riverside",https://www.medicare.gov/care-compare/details/hospital/050686?city=Los%20Angeles&state=CA&zipcode=
050765,Kaiser Foundation Hospital-Moreno Valley,https://www.medicare.gov/care-compare/details/hospital/050765?city=Los%20Angeles&state=CA&zipcode=
050604,Kaiser Foundation Hospital-San Jose,https://www.medicare.gov/care-compare/details/hospital/050604?city=San%20Francisco&state=CA&zipcode=
050071,Kaiser Foundation Hospital-Santa Clara,https://www.medicare.gov/care-compare/details/hospital/050071?city=San%20Francisco&state=CA&zipcode=
050690,Kaiser Foundation Hospital-Santa Rosa,https://www.medicare.gov/care-compare/details/hospital/050690?city=San%20Francisco&state=CA&zipcode=
054150,Kaiser Permanente Psychiatric Health Facility-Sant,https://www.medicare.gov/care-compare/details/hospital/054150?city=San%20Francisco&state=CA&zipcode=
050696,Keck Hospital of USC,https://www.medicare.gov/care-compare/details/hospital/050696?city=Los%20Angeles&state=CA&zipcode=
33025F,Keller ACH (West Point),https://www.medicare.gov/care-compare/details/hospital/33025F?city=New%20York&state=NY&zipcode=
390025,Kensington Hospital,https://www.medicare.gov/care-compare/details/hospital/390025?city=New%20York&state=NY&zipcode=
330202,Kings County Hospital Center,https://www.medicare.gov/care-compare/details/hospital/330202?city=New%20York&state=NY&zipcode=
334063,Kingsboro Psychiatric Hospital,https://www.medicare.gov/care-compare/details/hospital/334063?city=New%20York&state=NY&zipcode=
454103,Kingwood Pines Hospital,https://www.medicare.gov/care-compare/details/hospital/454103?city=Houston&state=TX&zipcode=
334060,Kirby Forensic Psychiatric Center,https://www.medicare.gov/care-compare/details/hospital/334060?city=New%20York&state=NY&zipcode=
050763,L A Downtown Medical Center,https://www.medicare.gov/care-compare/details/hospital/050763?city=Los%20Angeles&state=CA&zipcode=
050580,LA Palma Intercommunity Hospital,https://www.medicare.gov/care-compare/details/hospital/050580?city=Los%20Angeles&state=CA&zipcode=
050376,LAC/Harbor-Ucla Med Center,https://www.medicare.gov/care-compare/details/hospital/050376?city=Los%20Angeles&state=CA&zipcode=
050040,LAC/Olive View-Ucla Medical Center,https://www.medicare.gov/care-compare/details/hospital/050040?city=Los%20Angeles&state=CA&zipcode=
050717,LAC/Rancho Los Amigos National Rehabilitation Ctr,https://www.medicare.gov/care-compare/details/hospital/050717?city=Los%20Angeles&state=CA&zipcode=
050668,Laguna Honda Hospital & Rehabilitation Center,https://www.medicare.gov/care-compare/details/hospital/050668?city=San%20Francisco&state=CA&zipcode=
450107,Las Palmas Medical Center A Campus of Lpds Healthc,https://www.medicare.gov/care-compare/details/hospital/450107?city=El%20Paso&state=TX&zipcode=
454060,Laurel Ridge Treatment Center,https://www.medicare.gov/care-compare/details/hospital/454060?city=San%20Antonio&state=TX&zipcode=
451376,Lavaca Medical Center,https://www.medicare.gov/care-compare/details/hospital/451376?city=San%20Antonio&state=TX&zipcode=
670345,Legent North Houston Surgical Hospital,https://www.medicare.gov/care-compare/details/hospital/670345?city=Houston&state=TX&zipcode=
670112,Legent Orthopedic + Spine,https://www.medicare.gov/care-compare/details/hospital/670112?city=San%20Antonio&state=TX&zipcode=
390133,Lehigh Valley Hospital,https://www.medicare.gov/care-compare/details/hospital/390133?city=New%20York&state=NY&zipcode=
390338,Lehigh Valley Hospital - Dickson City,https://www.medicare.gov/care-compare/details/hospital/390338?city=New%20York&state=NY&zipcode=
390430,Lehigh Valley Hospital - MacUngie,https://www.medicare.gov/care-compare/details/hospital/390430?city=New%20York&state=NY&zipcode=
390201,Lehigh Valley Hospital - Pocono,https://www.medicare.gov/care-compare/details/hospital/390201?city=New%20York&state=NY&zipcode=
330119,Lenox Hill Hospital,https://www.medicare.gov/care-compare/details/hospital/330119?city=New%20York&state=NY&zipcode=
451375,Liberty Dayton Regional Medical Center,https://www.medicare.gov/care-compare/details/hospital/451375?city=Houston&state=TX&zipcode=
330080,Lincoln Medical & Mental Health Center,https://www.medicare.gov/care-compare/details/hospital/330080?city=New%20York&state=NY&zipcode=
050778,Loma Linda University Children's Hospital,https://www.medicare.gov/care-compare/details/hospital/050778?city=Los%20Angeles&state=CA&zipcode=
050327,Loma Linda University Medical Center,https://www.medicare.gov/care-compare/details/hospital/050327?city=Los%20Angeles&state=CA&zipcode=
050770,Loma Linda University Medical Center-Murrieta,https://www.medicare.gov/care-compare/details/hospital/050770?city=Los%20Angeles&state=CA&zipcode=
05127F,Loma Linda VA Medical Center,https://www.medicare.gov/care-compare/details/hospital/05127F?city=Los%20Angeles&state=CA&zipcode=
454118,Lone Star Behavioral Health Cypress,https://www.medicare.gov/care-compare/details/hospital/454118?city=Houston&state=TX&zipcode=
330141,Long Island Community Hospital,https://www.medicare.gov/care-compare/details/hospital/330141?city=New%20York&state=NY&zipcode=
330195,Long Island Jewish Medical Center,https://www.medicare.gov/care-compare/details/hospital/330195?city=New%20York&state=NY&zipcode=
050663,Los Angeles Community Hospital,https://www.medicare.gov/care-compare/details/hospital/050663?city=Los%20Angeles&state=CA&zipcode=
050373,Los Angeles General Medical Center,https://www.medicare.gov/care-compare/details/hospital/050373?city=Los%20Angeles&state=CA&zipcode=
050549,Los Robles Hospital & Medical Center,https://www.medicare.gov/care-compare/details/hospital/050549?city=Los%20Angeles&state=CA&zipcode=
390070,Lower Bucks Hospital,https://www.medicare.gov/care-compare/details/hospital/390070?city=New%20York&state=NY&zipcode=
053305,Lucile Salter Packard Children's Hsp at Stanford,https://www.medicare.gov/care-compare/details/hospital/053305?city=San%20Francisco&state=CA&zipcode=
451316,Madison St Joseph Health Center,https://www.medicare.gov/care-compare/details/hospital/451316?city=Houston&state=TX&zipcode=
330194,Maimonides Medical Center,https://www.medicare.gov/care-compare/details/hospital/330194?city=New%20York&state=NY&zipcode=
390195,Main Line Hospital Lankenau,https://www.medicare.gov/care-compare/details/hospital/390195?city=New%20York&state=NY&zipcode=
394057,Malvern Behavioral Health,https://www.medicare.gov/care-compare/details/hospital/394057?city=New%20York&state=NY&zipcode=
334054,Manhattan Psychiatric Center,https://www.medicare.gov/care-compare/details/hospital/334054?city=New%20York&state=NY&zipcode=
050360,Marinhealth Medical Center,https://www.medicare.gov/care-compare/details/hospital/050360?city=San%20Francisco&state=CA&zipcode=
051332,Mark Twain Medical Center,https://www.medicare.gov/care-compare/details/hospital/051332?city=San%20Francisco&state=CA&zipcode=
050779,"Martin Luther King, Jr. Community Hospital",https://www.medicare.gov/care-compare/details/hospital/050779?city=Los%20Angeles&state=CA&zipcode=
074016,Masonicare Health Center,https://www.medicare.gov/care-compare/details/hospital/074016?city=New%20York&state=NY&zipcode=
450465,Matagorda Regional Medical Center,https://www.medicare.gov/care-compare/details/hospital/450465?city=Houston&state=TX&zipcode=
030103,Mayo Clinic Hospital,https://www.medicare.gov/care-compare/details/hospital/030103?city=Chandler&state=AZ&zipcode=
454151,"Medical Behavioral Hospital of Clear Lake, LLC",https://www.medicare.gov/care-compare/details/hospital/454151?city=Houston&state=TX&zipcode=
451330,Medina Regional Hospital,https://www.medicare.gov/care-compare/details/hospital/451330?city=San%20Antonio&state=TX&zipcode=
053309,Memorial Care Miller Children's & Women's Hosp Lb,https://www.medicare.gov/care-compare/details/hospital/053309?city=Los%20Angeles&state=CA&zipcode=
450068,Memorial Hermann - Texas Medical Center,https://www.medicare.gov/care-compare/details/hospital/450068?city=Houston&state=TX&zipcode=
450184,Memorial Hermann Hospital System,https://www.medicare.gov/care-compare/details/hospital/450184?city=Houston&state=TX&zipcode=
670008,Memorial Hermann Houston Physicians Hospital,https://www.medicare.gov/care-compare/details/hospital/670008?city=Houston&state=TX&zipcode=
450847,Memorial Hermann Katy Hospital,https://www.medicare.gov/care-compare/details/hospital/450847?city=Houston&state=TX&zipcode=
450610,Memorial Hermann Memorial City Hospital,https://www.medicare.gov/care-compare/details/hospital/450610?city=Houston&state=TX&zipcode=
450684,Memorial Hermann Northeast Hospital,https://www.medicare.gov/care-compare/details/hospital/450684?city=Houston&state=TX&zipcode=
450848,Memorial Hermann Sugar Land Hospital,https://www.medicare.gov/care-compare/details/hospital/450848?city=Houston&state=TX&zipcode=
670005,Memorial Hermann Surgical Hospital Kingwood,https://www.medicare.gov/care-compare/details/hospital/670005?city=Houston&state=TX&zipcode=
450235,Memorial Hospital,https://www.medicare.gov/care-compare/details/hospital/450235?city=San%20Antonio&state=TX&zipcode=
050528,Memorial Hospital Los Banos,https://www.medicare.gov/care-compare/details/hospital/050528?city=San%20Francisco&state=CA&zipcode=
050468,Memorial Hospital of Gardena,https://www.medicare.gov/care-compare/details/hospital/050468?city=Los%20Angeles&state=CA&zipcode=
050557,Memorial Medical Center,https://www.medicare.gov/care-compare/details/hospital/050557?city=San%20Francisco&state=CA&zipcode=
320018,Memorial Medical Center,https://www.medicare.gov/care-compare/details/hospital/320018?city=El%20Paso&state=TX&zipcode=
050485,Memorialcare Long Beach Medical Center,https://www.medicare.gov/care-compare/details/hospital/050485?city=Los%20Angeles&state=CA&zipcode=
050678,Memorialcare Orange Coast Medical Center,https://www.medicare.gov/care-compare/details/hospital/050678?city=Los%20Angeles&state=CA&zipcode=
050603,Memorialcare Saddleback Medical Center,https://www.medicare.gov/care-compare/details/hospital/050603?city=Los%20Angeles&state=CA&zipcode=
050684,Menifee Global Medical Center,https://www.medicare.gov/care-compare/details/hospital/050684?city=Los%20Angeles&state=CA&zipcode=
390156,Mercy Catholic Medical Center- Mercy Fitzgerald,https://www.medicare.gov/care-compare/details/hospital/390156?city=New%20York&state=NY&zipcode=
050017,Mercy General Hospital,https://www.medicare.gov/care-compare/details/hospital/050017?city=San%20Francisco&state=CA&zipcode=
030119,Mercy Gilbert Medical Center,https://www.medicare.gov/care-compare/details/hospital/030119?city=Chandler&state=AZ&zipcode=
050414,Mercy Hospital of Folsom,https://www.medicare.gov/care-compare/details/hospital/050414?city=San%20Francisco&state=CA&zipcode=
330259,Mercy Medical Center,https://www.medicare.gov/care-compare/details/hospital/330259?city=New%20York&state=NY&zipcode=
050516,Mercy San Juan Medical Center,https://www.medicare.gov/care-compare/details/hospital/050516?city=San%20Francisco&state=CA&zipcode=
450388,Methodist Hospital,https://www.medicare.gov/care-compare/details/hospital/450388?city=San%20Antonio&state=TX&zipcode=
450165,Methodist Hospital Atascosa,https://www.medicare.gov/care-compare/details/hospital/450165?city=San%20Antonio&state=TX&zipcode=
670055,Methodist Hospital Stone Oak,https://www.medicare.gov/care-compare/details/hospital/670055?city=San%20Antonio&state=TX&zipcode=
050590,Methodist Hospital of Sacramento,https://www.medicare.gov/care-compare/details/hospital/050590?city=San%20Francisco&state=CA&zipcode=
330199,Metropolitan Hospital Center,https://www.medicare.gov/care-compare/details/hospital/330199?city=New%20York&state=NY&zipcode=
451396,Mid Coast Medical Center - Central,https://www.medicare.gov/care-compare/details/hospital/451396?city=San%20Antonio&state=TX&zipcode=
670331,Mid Coast Medical Center-Trinity,https://www.medicare.gov/care-compare/details/hospital/670331?city=Houston&state=TX&zipcode=
334061,Mid Hudson Forensic Psychiatric Ctr,https://www.medicare.gov/care-compare/details/hospital/334061?city=New%20York&state=NY&zipcode=
070020,Middlesex Hospital,https://www.medicare.gov/care-compare/details/hospital/070020?city=New%20York&state=NY&zipcode=
070017,Midstate Medical Center,https://www.medicare.gov/care-compare/details/hospital/070017?city=New%20York&state=NY&zipcode=
321309,Mimbres Valley Medical Center,https://www.medicare.gov/care-compare/details/hospital/321309?city=El%20Paso&state=TX&zipcode=
050704,Mission Community Hospital,https://www.medicare.gov/care-compare/details/hospital/050704?city=Los%20Angeles&state=CA&zipcode=
310075,Monmouth Medical Center,https://www.medicare.gov/care-compare/details/hospital/310075?city=New%20York&state=NY&zipcode=
310084,Monmouth Medical Center-Southern Campus,https://www.medicare.gov/care-compare/details/hospital/310084?city=New%20York&state=NY&zipcode=
050758,Montclair Hospital Medical Center,https://www.medicare.gov/care-compare/details/hospital/050758?city=Los%20Angeles&state=CA&zipcode=
330059,Montefiore Medical Center,https://www.medicare.gov/care-compare/details/hospital/330059?city=New%20York&state=NY&zipcode=
330086,Montefiore Mount Vernon Hospital,https://www.medicare.gov/care-compare/details/hospital/330086?city=New%20York&state=NY&zipcode=
330184,Montefiore New Rochelle Hospital,https://www.medicare.gov/care-compare/details/hospital/330184?city=New%20York&state=NY&zipcode=
330264,Montefiore St Luke's Cornwall,https://www.medicare.gov/care-compare/details/hospital/330264?city=New%20York&state=NY&zipcode=
050736,Monterey Park Hospital,https://www.medicare.gov/care-compare/details/hospital/050736?city=Los%20Angeles&state=CA&zipcode=
394033,Montgomery County Emergency Service,https://www.medicare.gov/care-compare/details/hospital/394033?city=New%20York&state=NY&zipcode=
310015,Morristown Medical Center,https://www.medicare.gov/care-compare/details/hospital/310015?city=New%20York&state=NY&zipcode=
330169,Mount Sinai Beth Israel,https://www.medicare.gov/care-compare/details/hospital/330169?city=New%20York&state=NY&zipcode=
330024,Mount Sinai Hospital,https://www.medicare.gov/care-compare/details/hospital/330024?city=New%20York&state=NY&zipcode=
330198,Mount Sinai South Nassau,https://www.medicare.gov/care-compare/details/hospital/330198?city=New%20York&state=NY&zipcode=
330046,Mount Sinai West,https://www.medicare.gov/care-compare/details/hospital/330046?city=New%20York&state=NY&zipcode=
320085,Mountain View Regional Medical Center,https://www.medicare.gov/care-compare/details/hospital/320085?city=El%20Paso&state=TX&zipcode=
051312,Mountains Community Hospital,https://www.medicare.gov/care-compare/details/hospital/051312?city=Los%20Angeles&state=CA&zipcode=
314027,Mountainview Behavioral Hospital,https://www.medicare.gov/care-compare/details/hospital/314027?city=New%20York&state=NY&zipcode=
420019,Musc Health Chester Medical Center,https://www.medicare.gov/care-compare/details/hospital/420019?city=Charlotte&state=NC&zipcode=
420036,Musc Health Lancaster Medical Center,https://www.medicare.gov/care-compare/details/hospital/420036?city=Charlotte&state=NC&zipcode=
05020F,NH Camp Pendleton,https://www.medicare.gov/care-compare/details/hospital/05020F?city=Los%20Angeles&state=CA&zipcode=
330100,NY Eye and Ear Infirmary of Mount Sinai,https://www.medicare.gov/care-compare/details/hospital/330100?city=New%20York&state=NY&zipcode=
330214,NYU Langone Hospitals,https://www.medicare.gov/care-compare/details/hospital/330214?city=New%20York&state=NY&zipcode=
330027,Nassau University Medical Center,https://www.medicare.gov/care-compare/details/hospital/330027?city=New%20York&state=NY&zipcode=
050248,Natividad Medical Center,https://www.medicare.gov/care-compare/details/hospital/050248?city=San%20Francisco&state=CA&zipcode=
390204,Nazareth Hospital,https://www.medicare.gov/care-compare/details/hospital/390204?city=New%20York&state=NY&zipcode=
334067,New York City Childrens Psych Center,https://www.medicare.gov/care-compare/details/hospital/334067?city=New%20York&state=NY&zipcode=
330019,"New York Community Hospital of Brooklyn, Inc.",https://www.medicare.gov/care-compare/details/hospital/330019?city=New%20York&state=NY&zipcode=
334009,New York State Psychiatric Institute,https://www.medicare.gov/care-compare/details/hospital/334009?city=New%20York&state=NY&zipcode=
330101,New York-Presbyterian Hospital,https://www.medicare.gov/care-compare/details/hospital/330101?city=New%20York&state=NY&zipcode=
330055,New York-Presbyterian/Queens,https://www.medicare.gov/care-compare/details/hospital/330055?city=New%20York&state=NY&zipcode=
310002,Newark Beth Israel Medical Center,https://www.medicare.gov/care-compare/details/hospital/310002?city=New%20York&state=NY&zipcode=
310028,Newton Medical Center,https://www.medicare.gov/care-compare/details/hospital/310028?city=New%20York&state=NY&zipcode=
394001,Norristown State Hospital,https://www.medicare.gov/care-compare/details/hospital/394001?city=New%20York&state=NY&zipcode=
450809,North Austin Medical Center,https://www.medicare.gov/care-compare/details/hospital/450809?city=San%20Antonio&state=TX&zipcode=
330106,North Shore University Hospital,https://www.medicare.gov/care-compare/details/hospital/330106?city=New%20York&state=NY&zipcode=
050367,Northbay Medical Center,https://www.medicare.gov/care-compare/details/hospital/050367?city=San%20Francisco&state=CA&zipcode=
314018,Northbrook Behavioral Health Hospital,https://www.medicare.gov/care-compare/details/hospital/314018?city=New%20York&state=NY&zipcode=
330049,Northern Dutchess Hospital,https://www.medicare.gov/care-compare/details/hospital/330049?city=New%20York&state=NY&zipcode=
330162,Northern Westchester Hospital,https://www.medicare.gov/care-compare/details/hospital/330162?city=New%20York&state=NY&zipcode=
33019F,Northport VA Medical Center,https://www.medicare.gov/care-compare/details/hospital/33019F?city=New%20York&state=NY&zipcode=
050116,Northridge Hospital Medical Center,https://www.medicare.gov/care-compare/details/hospital/050116?city=Los%20Angeles&state=CA&zipcode=
330181,Northwell Hospital Glen Cove,https://www.medicare.gov/care-compare/details/hospital/330181?city=New%20York&state=NY&zipcode=
450808,Northwest Hills Surgical Hospital,https://www.medicare.gov/care-compare/details/hospital/450808?city=San%20Antonio&state=TX&zipcode=
030085,Northwest Medical Center,https://www.medicare.gov/care-compare/details/hospital/030085?city=Chandler&state=AZ&zipcode=
070034,Norwalk Hospital,https://www.medicare.gov/care-compare/details/hospital/070034?city=New%20York&state=NY&zipcode=
340195,Novant Health Ballantyne Medical Center,https://www.medicare.gov/care-compare/details/hospital/340195?city=Charlotte&state=NC&zipcode=
340183,Novant Health Huntersville Medical Center,https://www.medicare.gov/care-compare/details/hospital/340183?city=Charlotte&state=NC&zipcode=
340171,Novant Health Matthews Medical Center,https://www.medicare.gov/care-compare/details/hospital/340171?city=Charlotte&state=NC&zipcode=
340190,Novant Health Mint Hill Medical Center,https://www.medicare.gov/care-compare/details/hospital/340190?city=Charlotte&state=NC&zipcode=
340053,Novant Health Presbyterian Medical Center,https://www.medicare.gov/care-compare/details/hospital/340053?city=Charlotte&state=NC&zipcode=
340015,Novant Health Rowan Medical Center,https://www.medicare.gov/care-compare/details/hospital/340015?city=Charlotte&state=NC&zipcode=
050131,Novato Community Hospital,https://www.medicare.gov/care-compare/details/hospital/050131?city=San%20Francisco&state=CA&zipcode=
330045,Ns/Lij Hs Huntington Hospital,https://www.medicare.gov/care-compare/details/hospital/330045?city=New%20York&state=NY&zipcode=
330043,Ns/Lij Hs Southside Hospital,https://www.medicare.gov/care-compare/details/hospital/330043?city=New%20York&state=NY&zipcode=
330104,Nyack Hospital,https://www.medicare.gov/care-compare/details/hospital/330104?city=New%20York&state=NY&zipcode=
050067,Oak Valley Hospital District,https://www.medicare.gov/care-compare/details/hospital/050067?city=San%20Francisco&state=CA&zipcode=
450330,Oakbend Medical Center,https://www.medicare.gov/care-compare/details/hospital/450330?city=Houston&state=TX&zipcode=
034029,Oasis Behavioral Health Hospital,https://www.medicare.gov/care-compare/details/hospital/034029?city=Chandler&state=AZ&zipcode=
310052,Ocean Medical Center,https://www.medicare.gov/care-compare/details/hospital/310052?city=New%20York&state=NY&zipcode=
054153,Ocean View Psychiatric Health Facility,https://www.medicare.gov/care-compare/details/hospital/054153?city=Los%20Angeles&state=CA&zipcode=
454136,Oceans Behavioral Hospital of Katy,https://www.medicare.gov/care-compare/details/hospital/454136?city=Houston&state=TX&zipcode=
454147,Oceans Behavioral Hospital of Pasadena,https://www.medicare.gov/care-compare/details/hospital/454147?city=Houston&state=TX&zipcode=
050746,Orange County Global Medical Center,https://www.medicare.gov/care-compare/details/hospital/050746?city=Los%20Angeles&state=CA&zipcode=
030114,Oro Valley Hospital,https://www.medicare.gov/care-compare/details/hospital/030114?city=Chandler&state=AZ&zipcode=
451364,Otto Kaiser Memorial Hospital,https://www.medicare.gov/care-compare/details/hospital/451364?city=San%20Antonio&state=TX&zipcode=
310051,Overlook Medical Center,https://www.medicare.gov/care-compare/details/hospital/310051?city=New%20York&state=NY&zipcode=
054130,Pacific Grove Hospital,https://www.medicare.gov/care-compare/details/hospital/054130?city=Los%20Angeles&state=CA&zipcode=
050378,Pacifica Hospital of the Valley,https://www.medicare.gov/care-compare/details/hospital/050378?city=Los%20Angeles&state=CA&zipcode=
451332,Palacios Community Medical Center,https://www.medicare.gov/care-compare/details/hospital/451332?city=Houston&state=TX&zipcode=
310003,Palisades Medical Center,https://www.medicare.gov/care-compare/details/hospital/310003?city=New%20York&state=NY&zipcode=
050204,Palmdale Regional Medical Center,https://www.medicare.gov/care-compare/details/hospital/050204?city=Los%20Angeles&state=CA&zipcode=
05031F,Palo Alto VA Medical Center,https://www.medicare.gov/care-compare/details/hospital/05031F?city=San%20Francisco&state=CA&zipcode=
034030,Palo Verde Behavioral Health,https://www.medicare.gov/care-compare/details/hospital/034030?city=Chandler&state=AZ&zipcode=
050115,Palomar Health Downtown Campus,https://www.medicare.gov/care-compare/details/hospital/050115?city=Los%20Angeles&state=CA&zipcode=
390153,Paoli Hospital,https://www.medicare.gov/care-compare/details/hospital/390153?city=New%20York&state=NY&zipcode=
050102,Parkview Community Hospital Medical Center,https://www.medicare.gov/care-compare/details/hospital/050102?city=Los%20Angeles&state=CA&zipcode=
324012,"Peak Behavioral Health Services, LLC",https://www.medicare.gov/care-compare/details/hospital/324012?city=El%20Paso&state=TX&zipcode=
330107,Peconic Bay Medical Center,https://www.medicare.gov/care-compare/details/hospital/330107?city=New%20York&state=NY&zipcode=
050007,Peninsula Medical Center,https://www.medicare.gov/care-compare/details/hospital/050007?city=San%20Francisco&state=CA&zipcode=
390223,Penn Presbyterian Medical Center,https://www.medicare.gov/care-compare/details/hospital/390223?city=New%20York&state=NY&zipcode=
390226,Pennsylvania Hospital,https://www.medicare.gov/care-compare/details/hospital/390226?city=New%20York&state=NY&zipcode=
050136,Petaluma Valley Hospital,https://www.medicare.gov/care-compare/details/hospital/050136?city=San%20Francisco&state=CA&zipcode=
450007,Peterson Regional Medical Center,https://www.medicare.gov/care-compare/details/hospital/450007?city=San%20Antonio&state=TX&zipcode=
330261,Phelps Hospital,https://www.medicare.gov/care-compare/details/hospital/330261?city=New%20York&state=NY&zipcode=
39009F,Philadelphia VA Medical Center,https://www.medicare.gov/care-compare/details/hospital/39009F?city=New%20York&state=NY&zipcode=
033302,Phoenix Children's Hospital,https://www.medicare.gov/care-compare/details/hospital/033302?city=Chandler&state=AZ&zipcode=
030078,Phoenix Indian Medical Center,https://www.medicare.gov/care-compare/details/hospital/030078?city=Chandler&state=AZ&zipcode=
034038,"Phoenix Medical Psychiatric Hospital, LLC",https://www.medicare.gov/care-compare/details/hospital/034038?city=Chandler&state=AZ&zipcode=
03012F,Phoenix VA Medical Center,https://www.medicare.gov/care-compare/details/hospital/03012F?city=Chandler&state=AZ&zipcode=
390127,Phoenixville Hospital,https://www.medicare.gov/care-compare/details/hospital/390127?city=New%20York&state=NY&zipcode=
390324,Physicians Care Surgical Hospital,https://www.medicare.gov/care-compare/details/hospital/390324?city=New%20York&state=NY&zipcode=
450834,"Physicians Centre,the",https://www.medicare.gov/care-compare/details/hospital/450834?city=Houston&state=TX&zipcode=
420002,Piedmont Medical Center,https://www.medicare.gov/care-compare/details/hospital/420002?city=Charlotte&state=NC&zipcode=
050393,Pih Health Downey Hospital,https://www.medicare.gov/care-compare/details/hospital/050393?city=Los%20Angeles&state=CA&zipcode=
050471,Pih Health Good Samaritan Hospital,https://www.medicare.gov/care-compare/details/hospital/050471?city=Los%20Angeles&state=CA&zipcode=
050169,Pih Health Hospital-Whittier,https://www.medicare.gov/care-compare/details/hospital/050169?city=Los%20Angeles&state=CA&zipcode=
334013,Pilgrim Psychiatric Center,https://www.medicare.gov/care-compare/details/hospital/334013?city=New%20York&state=NY&zipcode=
330331,Plainview Hospital,https://www.medicare.gov/care-compare/details/hospital/330331?city=New%20York&state=NY&zipcode=
050231,Pomona Valley Hospital Medical Center,https://www.medicare.gov/care-compare/details/hospital/050231?city=Los%20Angeles&state=CA&zipcode=
390123,Pottstown Hospital,https://www.medicare.gov/care-compare/details/hospital/390123?city=New%20York&state=NY&zipcode=
050761,Providence Cedars Sinai Tarzana Medical Center,https://www.medicare.gov/care-compare/details/hospital/050761?city=Los%20Angeles&state=CA&zipcode=
050278,Providence Holy Cross Medical Center,https://www.medicare.gov/care-compare/details/hospital/050278?city=Los%20Angeles&state=CA&zipcode=
050078,Providence Little CO of Mary Med Ctr San Pedro,https://www.medicare.gov/care-compare/details/hospital/050078?city=Los%20Angeles&state=CA&zipcode=
050353,Providence Little Company of Mary Med Ctr Torrance,https://www.medicare.gov/care-compare/details/hospital/050353?city=Los%20Angeles&state=CA&zipcode=
050567,Providence Mission Hospital,https://www.medicare.gov/care-compare/details/hospital/050567?city=Los%20Angeles&state=CA&zipcode=
050009,Providence Queen of the Valley Medical Center,https://www.medicare.gov/care-compare/details/hospital/050009?city=San%20Francisco&state=CA&zipcode=
050235,Providence Saint Joseph Medical Ctr,https://www.medicare.gov/care-compare/details/hospital/050235?city=Los%20Angeles&state=CA&zipcode=
050174,Providence Santa Rosa Memorial Hospital,https://www.medicare.gov/care-compare/details/hospital/050174?city=San%20Francisco&state=CA&zipcode=
050300,Providence St Mary Medical Center,https://www.medicare.gov/care-compare/details/hospital/050300?city=Los%20Angeles&state=CA&zipcode=
050069,Providence St. Joseph Hospital,https://www.medicare.gov/care-compare/details/hospital/050069?city=Los%20Angeles&state=CA&zipcode=
050168,Providence St. Jude Medical Center,https://www.medicare.gov/care-compare/details/hospital/050168?city=Los%20Angeles&state=CA&zipcode=
330273,Putnam Hospital Center,https://www.medicare.gov/care-compare/details/hospital/330273?city=New%20York&state=NY&zipcode=
034031,Quail Run Behavioral Health,https://www.medicare.gov/care-compare/details/hospital/034031?city=Chandler&state=AZ&zipcode=
330231,Queens Hospital Center,https://www.medicare.gov/care-compare/details/hospital/330231?city=New%20York&state=NY&zipcode=
314019,Ramapo Ridge Behavioral Health Hospital,https://www.medicare.gov/care-compare/details/hospital/314019?city=New%20York&state=NY&zipcode=
310039,Raritan Bay Medical Center,https://www.medicare.gov/care-compare/details/hospital/310039?city=New%20York&state=NY&zipcode=
424014,Rebound Behavioral Health,https://www.medicare.gov/care-compare/details/hospital/424014?city=Charlotte&state=NC&zipcode=
050272,Redlands Community Hospital,https://www.medicare.gov/care-compare/details/hospital/050272?city=Los%20Angeles&state=CA&zipcode=
390237,Regional Hospital of Scranton,https://www.medicare.gov/care-compare/details/hospital/390237?city=New%20York&state=NY&zipcode=
050125,Regional Medical Center of San Jose,https://www.medicare.gov/care-compare/details/hospital/050125?city=San%20Francisco&state=CA&zipcode=
054009,Resnick Neuropsychiatric Hospital at Ucla,https://www.medicare.gov/care-compare/details/hospital/054009?city=Los%20Angeles&state=CA&zipcode=
670098,Resolute Health Hospital,https://www.medicare.gov/care-compare/details/hospital/670098?city=San%20Antonio&state=TX&zipcode=
451312,Rice Medical Center,https://www.medicare.gov/care-compare/details/hospital/451312?city=Houston&state=TX&zipcode=
451328,Riceland Medical Center,https://www.medicare.gov/care-compare/details/hospital/451328?city=Houston&state=TX&zipcode=
330028,Richmond University Medical Center,https://www.medicare.gov/care-compare/details/hospital/330028?city=New%20York&state=NY&zipcode=
390222,Riddle Memorial Hospital,https://www.medicare.gov/care-compare/details/hospital/390222?city=New%20York&state=NY&zipcode=
454146,Rio Vista Behavioral Health,https://www.medicare.gov/care-compare/details/hospital/454146?city=El%20Paso&state=TX&zipcode=
050022,Riverside Community Hospital,https://www.medicare.gov/care-compare/details/hospital/050022?city=Los%20Angeles&state=CA&zipcode=
050292,Riverside University Health System-Medical Center,https://www.medicare.gov/care-compare/details/hospital/050292?city=Los%20Angeles&state=CA&zipcode=
310034,Riverview Medical Center,https://www.medicare.gov/care-compare/details/hospital/310034?city=New%20York&state=NY&zipcode=
310038,Robert Wood Johnson University Hospital,https://www.medicare.gov/care-compare/details/hospital/310038?city=New%20York&state=NY&zipcode=
310048,Robert Wood Johnson University Hospital - Somerset,https://www.medicare.gov/care-compare/details/hospital/310048?city=New%20York&state=NY&zipcode=
310110,Robert Wood Johnson University Hospital at Hamilton,https://www.medicare.gov/care-compare/details/hospital/310110?city=New%20York&state=NY&zipcode=
310024,Robert Wood Johnson University Hospital at Rahway,https://www.medicare.gov/care-compare/details/hospital/310024?city=New%20York&state=NY&zipcode=
454127,Rock Springs,https://www.medicare.gov/care-compare/details/hospital/454127?city=San%20Antonio&state=TX&zipcode=
334066,Rockland Childrens Psychiatric Center,https://www.medicare.gov/care-compare/details/hospital/334066?city=New%20York&state=NY&zipcode=
334015,Rockland Psych Ctr,https://www.medicare.gov/care-compare/details/hospital/334015?city=New%20York&state=NY&zipcode=
050262,Ronald Reagan Ucla Medical Center,https://www.medicare.gov/care-compare/details/hospital/050262?city=Los%20Angeles&state=CA&zipcode=
390322,Rothman Orthopaedic Specialty Hospital,https://www.medicare.gov/care-compare/details/hospital/390322?city=New%20York&state=NY&zipcode=
450718,Round Rock Medical Center,https://www.medicare.gov/care-compare/details/hospital/450718?city=San%20Antonio&state=TX&zipcode=
390304,Roxborough Memorial Hospital,https://www.medicare.gov/care-compare/details/hospital/390304?city=New%20York&state=NY&zipcode=
054159,"Sacramento Behavioral Healthcare Hospital, LLC",https://www.medicare.gov/care-compare/details/hospital/054159?city=San%20Francisco&state=CA&zipcode=
334064,Sagamore Childrens Psychiatric Center,https://www.medicare.gov/care-compare/details/hospital/334064?city=New%20York&state=NY&zipcode=
314022,Saint Barnabas Behavioral Health Center,https://www.medicare.gov/care-compare/details/hospital/314022?city=New%20York&state=NY&zipcode=
310050,Saint Clare's Hospital/ Denville Campus,https://www.medicare.gov/care-compare/details/hospital/310050?city=New%20York&state=NY&zipcode=
050104,Saint Francis Medical Center,https://www.medicare.gov/care-compare/details/hospital/050104?city=Los%20Angeles&state=CA&zipcode=
050290,Saint John's Health Center,https://www.medicare.gov/care-compare/details/hospital/050290?city=Los%20Angeles&state=CA&zipcode=
070016,Saint Mary's Hospital,https://www.medicare.gov/care-compare/details/hospital/070016?city=New%20York&state=NY&zipcode=
310096,Saint Michael's Medical Center,https://www.medicare.gov/care-compare/details/hospital/310096?city=New%20York&state=NY&zipcode=
310070,Saint Peter's University Hospital,https://www.medicare.gov/care-compare/details/hospital/310070?city=New%20York&state=NY&zipcode=
050334,Salinas Valley Memorial Hospital,https://www.medicare.gov/care-compare/details/hospital/050334?city=San%20Francisco&state=CA&zipcode=
454132,San Antonio Behavioral Healthcare Hospital,https://www.medicare.gov/care-compare/details/hospital/454132?city=San%20Antonio&state=TX&zipcode=
050099,San Antonio Regional Hospital,https://www.medicare.gov/care-compare/details/hospital/050099?city=Los%20Angeles&state=CA&zipcode=
454011,San Antonio State Hosp State School,https://www.medicare.gov/care-compare/details/hospital/454011?city=San%20Antonio&state=TX&zipcode=
45090F,San Antonio VA Medical Center (VA South Texas Healthcare System),https://www.medicare.gov/care-compare/details/hospital/45090F?city=San%20Antonio&state=TX&zipcode=
031320,San Carlos Apache Healthcare Corporation,https://www.medicare.gov/care-compare/details/hospital/031320?city=Chandler&state=AZ&zipcode=
050588,San Dimas Community Hospital,https://www.medicare.gov/care-compare/details/hospital/050588?city=Los%20Angeles&state=CA&zipcode=
05130F,San Francisco VA Medical Center,https://www.medicare.gov/care-compare/details/hospital/05130F?city=San%20Francisco&state=CA&zipcode=
050132,San Gabriel Valley Medical Center,https://www.medicare.gov/care-compare/details/hospital/050132?city=Los%20Angeles&state=CA&zipcode=
050054,San Gorgonio Memorial Hospital,https://www.medicare.gov/care-compare/details/hospital/050054?city=Los%20Angeles&state=CA&zipcode=
050167,San Joaquin General Hospital,https://www.medicare.gov/care-compare/details/hospital/050167?city=San%20Francisco&state=CA&zipcode=
054154,San Jose Behavioral Health,https://www.medicare.gov/care-compare/details/hospital/054154?city=San%20Francisco&state=CA&zipcode=
050113,San Mateo Medical Center,https://www.medicare.gov/care-compare/details/hospital/050113?city=San%20Francisco&state=CA&zipcode=
050689,San Ramon Regional Medical Center,https://www.medicare.gov/care-compare/details/hospital/050689?city=San%20Francisco&state=CA&zipcode=
050396,Santa Barbara Cottage Hospital,https://www.medicare.gov/care-compare/details/hospital/050396?city=Los%20Angeles&state=CA&zipcode=
054125,Santa Barbara County Psychiatric Health Facility,https://www.medicare.gov/care-compare/details/hospital/054125?city=Los%20Angeles&state=CA&zipcode=
050038,Santa Clara Valley Medical Center,https://www.medicare.gov/care-compare/details/hospital/050038?city=San%20Francisco&state=CA&zipcode=
054152,Santa Cruz County Psychiatric Health Facility,https://www.medicare.gov/care-compare/details/hospital/054152?city=San%20Francisco&state=CA&zipcode=
050112,Santa Monica - Ucla Med Ctr & Orthopaedic Hospital,https://www.medicare.gov/care-compare/details/hospital/050112?city=Los%20Angeles&state=CA&zipcode=
050424,Scripps Green Hospital,https://www.medicare.gov/care-compare/details/hospital/050424?city=Los%20Angeles&state=CA&zipcode=
050503,Scripps Memorial Hospital - Encinitas,https://www.medicare.gov/care-compare/details/hospital/050503?city=Los%20Angeles&state=CA&zipcode=
050324,Scripps Memorial Hospital LA Jolla,https://www.medicare.gov/care-compare/details/hospital/050324?city=Los%20Angeles&state=CA&zipcode=
030074,Sells Hospital,https://www.medicare.gov/care-compare/details/hospital/030074?city=Chandler&state=AZ&zipcode=
050197,Sequoia Hospital,https://www.medicare.gov/care-compare/details/hospital/050197?city=San%20Francisco&state=CA&zipcode=
070004,Sharon Hospital,https://www.medicare.gov/care-compare/details/hospital/070004?city=New%20York&state=NY&zipcode=
050755,Sherman Oaks Hospital,https://www.medicare.gov/care-compare/details/hospital/050755?city=Los%20Angeles&state=CA&zipcode=
453311,Shriners Hospitals for Children,https://www.medicare.gov/care-compare/details/hospital/453311?city=Houston&state=TX&zipcode=
393309,Shriners Hospitals for Children - Philadelphia,https://www.medicare.gov/care-compare/details/hospital/393309?city=New%20York&state=NY&zipcode=
053311,Shriners Hospitals for Children Northern Calif,https://www.medicare.gov/care-compare/details/hospital/053311?city=San%20Francisco&state=CA&zipcode=
450668,Sierra Medical Center,https://www.medicare.gov/care-compare/details/hospital/450668?city=El%20Paso&state=TX&zipcode=
074014,Silver Hill Hospital Inc,https://www.medicare.gov/care-compare/details/hospital/074014?city=New%20York&state=NY&zipcode=
312024,Silver Lake Hospital Ltach,https://www.medicare.gov/care-compare/details/hospital/312024?city=New%20York&state=NY&zipcode=
050090,Sonoma Valley Hospital,https://www.medicare.gov/care-compare/details/hospital/050090?city=San%20Francisco&state=CA&zipcode=
034022,Sonora Behavioral Health Hospital,https://www.medicare.gov/care-compare/details/hospital/034022?city=Chandler&state=AZ&zipcode=
334043,South Beach Psychiatric Center,https://www.medicare.gov/care-compare/details/hospital/334043?city=New%20York&state=NY&zipcode=
330196,South Brooklyn Health,https://www.medicare.gov/care-compare/details/hospital/330196?city=New%20York&state=NY&zipcode=
334027,South Oaks Hosp,https://www.medicare.gov/care-compare/details/hospital/334027?city=New%20York&state=NY&zipcode=
450856,South Texas Spine and Surgical Hospital,https://www.medicare.gov/care-compare/details/hospital/450856?city=San%20Antonio&state=TX&zipcode=
050135,Southern California Hospital at Hollywood,https://www.medicare.gov/care-compare/details/hospital/050135?city=Los%20Angeles&state=CA&zipcode=
310113,Southern Ocean Medical Center,https://www.medicare.gov/care-compare/details/hospital/310113?city=New%20York&state=NY&zipcode=
074012,Southwest Connecticut Mental Health System,https://www.medicare.gov/care-compare/details/hospital/074012?city=New%20York&state=NY&zipcode=
050701,Southwest Healthcare Rancho Springs Hospital,https://www.medicare.gov/care-compare/details/hospital/050701?city=Los%20Angeles&state=CA&zipcode=
330205,St Anthony Community Hospital,https://www.medicare.gov/care-compare/details/hospital/330205?city=New%20York&state=NY&zipcode=
330399,St Barnabas Hospital,https://www.medicare.gov/care-compare/details/hospital/330399?city=New%20York&state=NY&zipcode=
050129,St Bernardine Medical Center,https://www.medicare.gov/care-compare/details/hospital/050129?city=Los%20Angeles&state=CA&zipcode=
330401,St Catherine of Siena Hospital,https://www.medicare.gov/care-compare/details/hospital/330401?city=New%20York&state=NY&zipcode=
330246,St Charles Hospital,https://www.medicare.gov/care-compare/details/hospital/330246?city=New%20York&state=NY&zipcode=
393307,St Christopher's Hospital for Children,https://www.medicare.gov/care-compare/details/hospital/393307?city=New%20York&state=NY&zipcode=
450431,St David's Medical Center,https://www.medicare.gov/care-compare/details/hospital/450431?city=San%20Antonio&state=TX&zipcode=
450713,St David's South Austin Medical Center,https://www.medicare.gov/care-compare/details/hospital/450713?city=San%20Antonio&state=TX&zipcode=
070002,St Francis Hospital & Medical Center,https://www.medicare.gov/care-compare/details/hospital/070002?city=New%20York&state=NY&zipcode=
330182,St Francis Hospital - the Heart Center,https://www.medicare.gov/care-compare/details/hospital/330182?city=New%20York&state=NY&zipcode=
330395,St John's Episcopal Hospital at South Shore,https://www.medicare.gov/care-compare/details/hospital/330395?city=New%20York&state=NY&zipcode=
330208,St John's Riverside Hospital,https://www.medicare.gov/care-compare/details/hospital/330208?city=New%20York&state=NY&zipcode=
050082,St Johns Regional Medical Center,https://www.medicare.gov/care-compare/details/hospital/050082?city=Los%20Angeles&state=CA&zipcode=
450035,St Joseph Medical Center,https://www.medicare.gov/care-compare/details/hospital/450035?city=Houston&state=TX&zipcode=
054123,St Joseph's Behavioral Health Center,https://www.medicare.gov/care-compare/details/hospital/054123?city=San%20Francisco&state=CA&zipcode=
030011,St Joseph's Hospital,https://www.medicare.gov/care-compare/details/hospital/030011?city=Chandler&state=AZ&zipcode=
330006,St Joseph's Medical Center,https://www.medicare.gov/care-compare/details/hospital/330006?city=New%20York&state=NY&zipcode=
050084,St Joseph's Medical Center of Stockton,https://www.medicare.gov/care-compare/details/hospital/050084?city=San%20Francisco&state=CA&zipcode=
310019,St Joseph's University Medical Center Inc,https://www.medicare.gov/care-compare/details/hospital/310019?city=New%20York&state=NY&zipcode=
030024,St Josephs Hospital and Medical Center,https://www.medicare.gov/care-compare/details/hospital/030024?city=Chandler&state=AZ&zipcode=
390335,St Luke's Hospital - Carbon Campus,https://www.medicare.gov/care-compare/details/hospital/390335?city=New%20York&state=NY&zipcode=
390162,St Luke's Hospital - Easton Campus,https://www.medicare.gov/care-compare/details/hospital/390162?city=New%20York&state=NY&zipcode=
390057,St Luke's Hospital - Grand View Campus,https://www.medicare.gov/care-compare/details/hospital/390057?city=New%20York&state=NY&zipcode=
390330,St Luke's Hospital - Monroe Campus,https://www.medicare.gov/care-compare/details/hospital/390330?city=New%20York&state=NY&zipcode=
390035,St Luke's Hospital - Upper Bucks Campus,https://www.medicare.gov/care-compare/details/hospital/390035?city=New%20York&state=NY&zipcode=
670075,St Luke's Hospital at the Vintage,https://www.medicare.gov/care-compare/details/hospital/670075?city=Houston&state=TX&zipcode=
670031,St Luke's Patients Medical Center,https://www.medicare.gov/care-compare/details/hospital/670031?city=Houston&state=TX&zipcode=
670053,St Luke's Sugar Land Hospital,https://www.medicare.gov/care-compare/details/hospital/670053?city=Houston&state=TX&zipcode=
310060,St Luke's Warren Hospital,https://www.medicare.gov/care-compare/details/hospital/310060?city=New%20York&state=NY&zipcode=
450862,St Luke's the Woodlands Hospital,https://www.medicare.gov/care-compare/details/hospital/450862?city=Houston&state=TX&zipcode=
390049,St Lukes Hospital,https://www.medicare.gov/care-compare/details/hospital/390049?city=New%20York&state=NY&zipcode=
050191,St Mary Medical Center,https://www.medicare.gov/care-compare/details/hospital/050191?city=Los%20Angeles&state=CA&zipcode=
390258,St Mary Medical Center,https://www.medicare.gov/care-compare/details/hospital/390258?city=New%20York&state=NY&zipcode=
310006,St Mary's General Hospital,https://www.medicare.gov/care-compare/details/hospital/310006?city=New%20York&state=NY&zipcode=
670314,St Michaels Medical Hospital LLC,https://www.medicare.gov/care-compare/details/hospital/670314?city=Houston&state=TX&zipcode=
050002,St Rose Hospital,https://www.medicare.gov/care-compare/details/hospital/050002?city=San%20Francisco&state=CA&zipcode=
070028,St Vincent's Medical Center,https://www.medicare.gov/care-compare/details/hospital/070028?city=New%20York&state=NY&zipcode=
030010,St. Mary's Hospital,https://www.medicare.gov/care-compare/details/hospital/030010?city=Chandler&state=AZ&zipcode=
070006,Stamford Hospital,https://www.medicare.gov/care-compare/details/hospital/070006?city=New%20York&state=NY&zipcode=
050441,Stanford Health Care,https://www.medicare.gov/care-compare/details/hospital/050441?city=San%20Francisco&state=CA&zipcode=
050283,Stanford Health Care Tri-Valley,https://www.medicare.gov/care-compare/details/hospital/050283?city=San%20Francisco&state=CA&zipcode=
050726,Stanislaus Surgical Hospital,https://www.medicare.gov/care-compare/details/hospital/050726?city=San%20Francisco&state=CA&zipcode=
340119,Stanly Regional Medical Center,https://www.medicare.gov/care-compare/details/hospital/340119?city=Charlotte&state=NC&zipcode=
330160,Staten Island University Hospital,https://www.medicare.gov/care-compare/details/hospital/330160?city=New%20York&state=NY&zipcode=
390116,Suburban Community Hospital,https://www.medicare.gov/care-compare/details/hospital/390116?city=New%20York&state=NY&zipcode=
450860,Sugar Land Surgical Hospital LLP,https://www.medicare.gov/care-compare/details/hospital/450860?city=Houston&state=TX&zipcode=
314001,Summit Oaks Hospital,https://www.medicare.gov/care-compare/details/hospital/314001?city=New%20York&state=NY&zipcode=
454139,Sun Behavioral Houston,https://www.medicare.gov/care-compare/details/hospital/454139?city=Houston&state=TX&zipcode=
330350,Suny/Downstate University Hospital of Brooklyn,https://www.medicare.gov/care-compare/details/hospital/330350?city=New%20York&state=NY&zipcode=
330393,Suny/Stony Brook University Hospital,https://www.medicare.gov/care-compare/details/hospital/330393?city=New%20York&state=NY&zipcode=
450831,Surgery Specialty Hospitals of America SE Houston,https://www.medicare.gov/care-compare/details/hospital/450831?city=Houston&state=TX&zipcode=
050014,Sutter Amador Hospital,https://www.medicare.gov/care-compare/details/hospital/050014?city=San%20Francisco&state=CA&zipcode=
054096,Sutter Center for Psychiatry,https://www.medicare.gov/care-compare/details/hospital/054096?city=San%20Francisco&state=CA&zipcode=
050537,Sutter Davis Hospital,https://www.medicare.gov/care-compare/details/hospital/050537?city=San%20Francisco&state=CA&zipcode=
050523,Sutter Delta Medical Center,https://www.medicare.gov/care-compare/details/hospital/050523?city=San%20Francisco&state=CA&zipcode=
051329,Sutter Lakeside Hospital,https://www.medicare.gov/care-compare/details/hospital/051329?city=San%20Francisco&state=CA&zipcode=
050714,Sutter Maternity & Surgery Center of Santa Cruz,https://www.medicare.gov/care-compare/details/hospital/050714?city=San%20Francisco&state=CA&zipcode=
050108,"Sutter Medical Center, Sacramento",https://www.medicare.gov/care-compare/details/hospital/050108?city=San%20Francisco&state=CA&zipcode=
050309,Sutter Roseville Medical Center,https://www.medicare.gov/care-compare/details/hospital/050309?city=San%20Francisco&state=CA&zipcode=
050291,Sutter Santa Rosa Regional Hospital,https://www.medicare.gov/care-compare/details/hospital/050291?city=San%20Francisco&state=CA&zipcode=
050101,Sutter Solano Medical Center,https://www.medicare.gov/care-compare/details/hospital/050101?city=San%20Francisco&state=CA&zipcode=
050313,Sutter Tracy Community Hospital,https://www.medicare.gov/care-compare/details/hospital/050313?city=San%20Francisco&state=CA&zipcode=
451311,Sweeny Community Hospital,https://www.medicare.gov/care-compare/details/hospital/451311?city=Houston&state=TX&zipcode=
054148,Tarzana Treatment Center,https://www.medicare.gov/care-compare/details/hospital/054148?city=Los%20Angeles&state=CA&zipcode=
054146,Telecare Heritage Psychiatric Health Facility,https://www.medicare.gov/care-compare/details/hospital/054146?city=San%20Francisco&state=CA&zipcode=
050775,Temecula Valley Hospital,https://www.medicare.gov/care-compare/details/hospital/050775?city=Los%20Angeles&state=CA&zipcode=
390026,Temple Health - Chestnut Hill Hospital,https://www.medicare.gov/care-compare/details/hospital/390026?city=New%20York&state=NY&zipcode=
390027,Temple University Hospital,https://www.medicare.gov/care-compare/details/hospital/390027?city=New%20York&state=NY&zipcode=
670125,Texas Center for Infectious Disease,https://www.medicare.gov/care-compare/details/hospital/670125?city=San%20Antonio&state=TX&zipcode=
453304,Texas Childrens Hospital,https://www.medicare.gov/care-compare/details/hospital/453304?city=Houston&state=TX&zipcode=
453319,Texas Childrens Hospital North Austin Campus,https://www.medicare.gov/care-compare/details/hospital/453319?city=San%20Antonio&state=TX&zipcode=
450804,Texas Orthopedic Hospital,https://www.medicare.gov/care-compare/details/hospital/450804?city=Houston&state=TX&zipcode=
070038,The Connecticut Hospice Inc.,https://www.medicare.gov/care-compare/details/hospital/070038?city=New%20York&state=NY&zipcode=
030108,The Core Institute Specialty Hosp,https://www.medicare.gov/care-compare/details/hospital/030108?city=Chandler&state=AZ&zipcode=
034025,The Healing Place,https://www.medicare.gov/care-compare/details/hospital/034025?city=Chandler&state=AZ&zipcode=
670006,The Hospital at Westlake Medical Center,https://www.medicare.gov/care-compare/details/hospital/670006?city=San%20Antonio&state=TX&zipcode=
070035,The Hospital of Central Connecticut,https://www.medicare.gov/care-compare/details/hospital/070035?city=New%20York&state=NY&zipcode=
670047,The Hospitals of Providence - East Campus,https://www.medicare.gov/care-compare/details/hospital/670047?city=El%20Paso&state=TX&zipcode=
450002,The Hospitals of Providence - Memorial Campus,https://www.medicare.gov/care-compare/details/hospital/450002?city=El%20Paso&state=TX&zipcode=
670124,The Hospitals of Providence Horizon City Campus,https://www.medicare.gov/care-compare/details/hospital/670124?city=El%20Paso&state=TX&zipcode=
670120,The Hospitals of Providence Transmountain Campus,https://www.medicare.gov/care-compare/details/hospital/670120?city=El%20Paso&state=TX&zipcode=
450518,The Medical Center of Southeast Texas,https://www.medicare.gov/care-compare/details/hospital/450518?city=Houston&state=TX&zipcode=
310119,The University Hospital,https://www.medicare.gov/care-compare/details/hospital/310119?city=New%20York&state=NY&zipcode=
670267,The Woodlands Specialty Hospital,https://www.medicare.gov/care-compare/details/hospital/670267?city=Houston&state=TX&zipcode=
390174,Thomas Jefferson University Hospital,https://www.medicare.gov/care-compare/details/hospital/390174?city=New%20York&state=NY&zipcode=
320091,Three Crosses Regional Hospital LLC,https://www.medicare.gov/care-compare/details/hospital/320091?city=El%20Paso&state=TX&zipcode=
450774,Tops Surgical Specialty Hospital,https://www.medicare.gov/care-compare/details/hospital/450774?city=Houston&state=TX&zipcode=
050351,Torrance Memorial Medical Center,https://www.medicare.gov/care-compare/details/hospital/050351?city=Los%20Angeles&state=CA&zipcode=
670266,Townsen Memorial Hospital,https://www.medicare.gov/care-compare/details/hospital/670266?city=Houston&state=TX&zipcode=
314013,Trenton Psychiatric Hosp,https://www.medicare.gov/care-compare/details/hospital/314013?city=New%20York&state=NY&zipcode=
050128,Tri-City Medical Center,https://www.medicare.gov/care-compare/details/hospital/050128?city=Los%20Angeles&state=CA&zipcode=
310027,Trinitas Regional Medical Center,https://www.medicare.gov/care-compare/details/hospital/310027?city=New%20York&state=NY&zipcode=
030006,Tucson Medical Center,https://www.medicare.gov/care-compare/details/hospital/030006?city=Chandler&state=AZ&zipcode=
450460,Tyler County Hospital,https://www.medicare.gov/care-compare/details/hospital/450460?city=Houston&state=TX&zipcode=
053301,UCSF Benioff Children's Hospital Oakland,https://www.medicare.gov/care-compare/details/hospital/053301?city=San%20Francisco&state=CA&zipcode=
050152,UCSF Health Saint Francis Hospital,https://www.medicare.gov/care-compare/details/hospital/050152?city=San%20Francisco&state=CA&zipcode=
050457,UCSF Health St. Mary's Hospital,https://www.medicare.gov/care-compare/details/hospital/050457?city=San%20Francisco&state=CA&zipcode=
054144,UCSF Langley Porter Psychiatric Hospital and Clinics,https://www.medicare.gov/care-compare/details/hospital/054144?city=San%20Francisco&state=CA&zipcode=
050454,UCSF Medical Center,https://www.medicare.gov/care-compare/details/hospital/050454?city=San%20Francisco&state=CA&zipcode=
050238,USC Arcadia Hospital,https://www.medicare.gov/care-compare/details/hospital/050238?city=Los%20Angeles&state=CA&zipcode=
050124,USC Verdugo Hills Hospital,https://www.medicare.gov/care-compare/details/hospital/050124?city=Los%20Angeles&state=CA&zipcode=
670335,UT Health San Antonio Multispecialty & Research Ho,https://www.medicare.gov/care-compare/details/hospital/670335?city=San%20Antonio&state=TX&zipcode=
050570,Uci Health - Fountain Valley,https://www.medicare.gov/care-compare/details/hospital/050570?city=Los%20Angeles&state=CA&zipcode=
050551,Uci Health - Los Alamitos,https://www.medicare.gov/care-compare/details/hospital/050551?city=Los%20Angeles&state=CA&zipcode=
050581,Uci Health-Lakewood,https://www.medicare.gov/care-compare/details/hospital/050581?city=Los%20Angeles&state=CA&zipcode=
050348,Uci Health-Orange,https://www.medicare.gov/care-compare/details/hospital/050348?city=Los%20Angeles&state=CA&zipcode=
050481,Ucla West Valley Medical Center,https://www.medicare.gov/care-compare/details/hospital/050481?city=Los%20Angeles&state=CA&zipcode=
314011,University Behavioral Health Care,https://www.medicare.gov/care-compare/details/hospital/314011?city=New%20York&state=NY&zipcode=
450213,University Health System,https://www.medicare.gov/care-compare/details/hospital/450213?city=San%20Antonio&state=TX&zipcode=
450024,University Medical Center of El Paso,https://www.medicare.gov/care-compare/details/hospital/450024?city=El%20Paso&state=TX&zipcode=
310010,University Medical Center of Princeton at Plainsboro,https://www.medicare.gov/care-compare/details/hospital/310010?city=New%20York&state=NY&zipcode=
050599,University of California Davis Medical Center,https://www.medicare.gov/care-compare/details/hospital/050599?city=San%20Francisco&state=CA&zipcode=
450018,University of Texas Medical Branch Galveston,https://www.medicare.gov/care-compare/details/hospital/450018?city=Houston&state=TX&zipcode=
451387,Uvalde Memorial Hospital,https://www.medicare.gov/care-compare/details/hospital/451387?city=San%20Antonio&state=TX&zipcode=
05128F,VA Greater Los Angeles Healthcare System,https://www.medicare.gov/care-compare/details/hospital/05128F?city=Los%20Angeles&state=CA&zipcode=
33015F,VA Hudson Valley Healthcare System,https://www.medicare.gov/care-compare/details/hospital/33015F?city=New%20York&state=NY&zipcode=
05027F,VA Long Beach Healthcare System,https://www.medicare.gov/care-compare/details/hospital/05027F?city=Los%20Angeles&state=CA&zipcode=
05030F,VA N California Healthcare System,https://www.medicare.gov/care-compare/details/hospital/05030F?city=San%20Francisco&state=CA&zipcode=
31001F,VA New Jersey Health Care System,https://www.medicare.gov/care-compare/details/hospital/31001F?city=New%20York&state=NY&zipcode=
33020F,VA New York Harbor Healthcare System - Brooklyn,https://www.medicare.gov/care-compare/details/hospital/33020F?city=New%20York&state=NY&zipcode=
33017F,VA New York Harbor Healthcare System - NY Div.,https://www.medicare.gov/care-compare/details/hospital/33017F?city=New%20York&state=NY&zipcode=
03033F,VA Northern Arizona Healthcare System,https://www.medicare.gov/care-compare/details/hospital/03033F?city=Chandler&state=AZ&zipcode=
03013F,VA S. Arizona Healthcare System,https://www.medicare.gov/care-compare/details/hospital/03013F?city=Chandler&state=AZ&zipcode=
390272,Valley Forge Medical Center,https://www.medicare.gov/care-compare/details/hospital/390272?city=New%20York&state=NY&zipcode=
034026,Valley Hospital,https://www.medicare.gov/care-compare/details/hospital/034026?city=Chandler&state=AZ&zipcode=
310012,Valley Hospital,https://www.medicare.gov/care-compare/details/hospital/310012?city=New%20York&state=NY&zipcode=
050126,Valley Presbyterian Hospital,https://www.medicare.gov/care-compare/details/hospital/050126?city=Los%20Angeles&state=CA&zipcode=
030022,Valleywise Health Medical Center,https://www.medicare.gov/care-compare/details/hospital/030022?city=Chandler&state=AZ&zipcode=
330023,Vassar Brothers Medical Center,https://www.medicare.gov/care-compare/details/hospital/330023?city=New%20York&state=NY&zipcode=
050159,Ventura County Medical Center,https://www.medicare.gov/care-compare/details/hospital/050159?city=Los%20Angeles&state=CA&zipcode=
030007,Verde Valley Medical Center,https://www.medicare.gov/care-compare/details/hospital/030007?city=Chandler&state=AZ&zipcode=
034040,Via Linda Behavioral Hospital,https://www.medicare.gov/care-compare/details/hospital/034040?city=Chandler&state=AZ&zipcode=
050517,Victor Valley Global Medical Center,https://www.medicare.gov/care-compare/details/hospital/050517?city=Los%20Angeles&state=CA&zipcode=
310057,Virtua Mount Holly Hospital,https://www.medicare.gov/care-compare/details/hospital/310057?city=New%20York&state=NY&zipcode=
310029,Virtua Our Lady of Lourdes Hospital,https://www.medicare.gov/care-compare/details/hospital/310029?city=New%20York&state=NY&zipcode=
310061,Virtua Willingboro Hospital,https://www.medicare.gov/care-compare/details/hospital/310061?city=New%20York&state=NY&zipcode=
454158,Voyages Behavioral Health of Conroe,https://www.medicare.gov/care-compare/details/hospital/454158?city=Houston&state=TX&zipcode=
454156,Voyages Behavioral Health of Sugar Land,https://www.medicare.gov/care-compare/details/hospital/454156?city=Houston&state=TX&zipcode=
34017F,W.G. (Bill) Hefner Salisbury VA Medical Center (Salsbury),https://www.medicare.gov/care-compare/details/hospital/34017F?city=Charlotte&state=NC&zipcode=
050195,Washington Hospital,https://www.medicare.gov/care-compare/details/hospital/050195?city=San%20Francisco&state=CA&zipcode=
070005,Waterbury Hospital,https://www.medicare.gov/care-compare/details/hospital/070005?city=New%20York&state=NY&zipcode=
050194,Watsonville Community Hospital,https://www.medicare.gov/care-compare/details/hospital/050194?city=San%20Francisco&state=CA&zipcode=
390125,Wayne Memorial Hospital,https://www.medicare.gov/care-compare/details/hospital/390125?city=New%20York&state=NY&zipcode=
313302,Weisman Childrens Rehabilitation Hospital,https://www.medicare.gov/care-compare/details/hospital/313302?city=New%20York&state=NY&zipcode=
050426,West Anaheim Medical Center,https://www.medicare.gov/care-compare/details/hospital/050426?city=Los%20Angeles&state=CA&zipcode=
07003F,West Haven VA Medical Center,https://www.medicare.gov/care-compare/details/hospital/07003F?city=New%20York&state=NY&zipcode=
310022,West Jersey Hospital,https://www.medicare.gov/care-compare/details/hospital/310022?city=New%20York&state=NY&zipcode=
454026,West Oaks Hospital,https://www.medicare.gov/care-compare/details/hospital/454026?city=Houston&state=TX&zipcode=
330234,Westchester Medical Center,https://www.medicare.gov/care-compare/details/hospital/330234?city=New%20York&state=NY&zipcode=
670333,Westover Hills Baptist Hospital,https://www.medicare.gov/care-compare/details/hospital/670333?city=San%20Antonio&state=TX&zipcode=
454131,Westpark Springs LLC,https://www.medicare.gov/care-compare/details/hospital/454131?city=Houston&state=TX&zipcode=
330304,White Plains Hospital Center,https://www.medicare.gov/care-compare/details/hospital/330304?city=New%20York&state=NY&zipcode=
050735,Whittier Hospital Medical Center,https://www.medicare.gov/care-compare/details/hospital/050735?city=Los%20Angeles&state=CA&zipcode=
031300,Wickenburg Community Hospital,https://www.medicare.gov/care-compare/details/hospital/031300?city=Chandler&state=AZ&zipcode=
45068F,William Beaumont Amg (FT Bliss),https://www.medicare.gov/care-compare/details/hospital/45068F?city=El%20Paso&state=TX&zipcode=
054149,Willow Rock Center,https://www.medicare.gov/care-compare/details/hospital/054149?city=San%20Francisco&state=CA&zipcode=
390331,Wills Eye Hospital,https://www.medicare.gov/care-compare/details/hospital/390331?city=New%20York&state=NY&zipcode=
450674,"Womans Hospital of Texas,the",https://www.medicare.gov/care-compare/details/hospital/450674?city=Houston&state=TX&zipcode=
330396,Woodhull Medical & Mental Health Center,https://www.medicare.gov/care-compare/details/hospital/330396?city=New%20York&state=NY&zipcode=
050127,Woodland Memorial Hospital,https://www.medicare.gov/care-compare/details/hospital/050127?city=San%20Francisco&state=CA&zipcode=
454144,Woodland Springs,https://www.medicare.gov/care-compare/details/hospital/454144?city=Houston&state=TX&zipcode=
330221,Wyckoff Heights Medical Center,https://www.medicare.gov/care-compare/details/hospital/330221?city=New%20York&state=NY&zipcode=
070022,Yale-New Haven Hospital,https://www.medicare.gov/care-compare/details/hospital/070022?city=New%20York&state=NY&zipcode=
030012,Yavapai Regional Medical Center,https://www.medicare.gov/care-compare/details/hospital/030012?city=Chandler&state=AZ&zipcode=
451346,Yoakum Community Hospital,https://www.medicare.gov/care-compare/details/hospital/451346?city=San%20Antonio&state=TX&zipcode=
050228,Zuckerberg San Francisco General Hosp & Trauma Ctr,https://www.medicare.gov/care-compare/details/hospital/050228?city=San%20Francisco&state=CA&zipcode=
