provider_id,hospital_name,address,city,state,zip_code,phone_number,hospital_type,emergency_services,overall_rating,overall_rating_raw,patient_survey_rating,patient_survey_rating_raw,affiliated_clinicians,all_star_rating_labels,data_last_updated,profile_url,scraped_at,hospital_ownership,county,mort_group_measure_count,facility_mort_measures,mort_better,mort_no_different,mort_worse,safety_group_measure_count,facility_safety_measures,safety_better,safety_no_different,safety_worse,readm_group_measure_count,facility_readm_measures,readm_better,readm_no_different,readm_worse,patient_exp_group_measure_count,facility_patient_exp_measures,te_group_measure_count,facility_te_measures,total_better_measures,total_worse_measures,quality_balance_score,better_measure_ratio,worse_measure_ratio,quality_coverage,hospital_size_category,rating_category
30002,Banner - University Medical Center Phoenix,1111 East McDowell Road,Phoenix,AZ,85006,(602) 839-2000,Acute Care Hospitals,Yes,3,3 stars,3,3 stars,1202,3 stars | 3 stars | 3 stars | 3 stars,"May 13, 2026",https://www.medicare.gov/care-compare/details/hospital/030002?city=Phoenix&state=AZ&zipcode=,2026-08-04T16:49:32.925188+00:00,Voluntary non-profit - Other,MARICOPA,8,8,1,7,0,8,7,3,3,1,11,10,1,7,2,15,15,10,8,5,3,2,0.2,0.12,48,Large,Medium
30006,Tucson Medical Center,5301 East Grant Road,Tucson,AZ,85712,(520) 324-1399,Acute Care Hospitals,Yes,2,2 stars,2,2 stars,1210,2 stars | 2 stars | 2 stars | 2 stars,"May 13, 2026",https://www.medicare.gov/care-compare/details/hospital/030006?city=Chandler&state=AZ&zipcode=,2026-08-04T17:09:58.294290+00:00,Voluntary non-profit - Private,PIMA,8,8,0,7,1,8,8,3,4,1,11,11,0,8,3,15,15,10,8,3,5,-2,0.111111111,0.185185185,50,Large,Low
30007,Verde Valley Medical Center,269 South Candy Lane,Cottonwood,AZ,86326,(928) 773-2357,Acute Care Hospitals,Yes,4,4 stars,3,3 stars,590,4 stars | 3 stars | 4 stars | 3 stars,"May 13, 2026",https://www.medicare.gov/care-compare/details/hospital/030007?city=Phoenix&state=AZ&zipcode=,2026-08-04T17:00:44.366534+00:00,Voluntary non-profit - Private,YAVAPAI,8,6,0,6,0,8,4,1,3,0,11,9,2,6,1,15,15,10,10,3,1,2,0.157894737,0.052631579,44,Medium,High
30010,St. Mary's Hospital,1601 West St Mary's Road,Tucson,AZ,85745,(520) 872-3000,Acute Care Hospitals,Yes,2,2 stars,2,2 stars,256,2 stars | 2 stars | 2 stars | 2 stars,"May 13, 2026",https://www.medicare.gov/care-compare/details/hospital/030010?city=Chandler&state=AZ&zipcode=,2026-08-04T17:09:45.927026+00:00,Voluntary non-profit - Private,PIMA,8,8,0,8,0,8,5,1,4,0,11,8,0,7,1,15,15,10,8,1,1,0,0.047619048,0.047619048,44,Medium,Low
30011,St Joseph's Hospital,350 North Wilmot Road,Tucson,AZ,85711,(520) 873-3000,Acute Care Hospitals,Yes,3,3 stars,2,2 stars,372,3 stars | 2 stars | 3 stars | 2 stars,"May 13, 2026",https://www.medicare.gov/care-compare/details/hospital/030011?city=Chandler&state=AZ&zipcode=,2026-08-04T17:09:33.815776+00:00,Voluntary non-profit - Other,PIMA,8,7,0,6,1,8,7,3,4,0,11,8,0,8,0,15,15,10,7,3,1,2,0.136363636,0.045454545,44,Medium,Medium
30012,Yavapai Regional Medical Center,1003 Willow Creek Road,Prescott,AZ,86301,(928) 445-2700,Acute Care Hospitals,Yes,2,2 stars,3,3 stars,783,2 stars | 3 stars | 2 stars | 3 stars,"May 13, 2026",https://www.medicare.gov/care-compare/details/hospital/030012?city=Phoenix&state=AZ&zipcode=,2026-08-04T17:01:21.983304+00:00,Voluntary non-profit - Private,YAVAPAI,8,8,0,6,2,8,7,2,4,1,11,11,0,9,2,15,15,10,10,2,5,-3,0.076923077,0.192307692,51,Large,Low
30014,Honor Health John C. Lincoln Medical Center,250 East Dunlap Avenue,Phoenix,AZ,85020,(602) 943-2381,Acute Care Hospitals,Yes,3,3 stars,3,3 stars,1255,3 stars | 3 stars | 3 stars | 3 stars,"May 13, 2026",https://www.medicare.gov/care-compare/details/hospital/030014?city=Phoenix&state=AZ&zipcode=,2026-08-04T16:55:00.618677+00:00,Voluntary non-profit - Private,MARICOPA,8,7,0,7,0,8,8,2,5,1,11,10,3,5,2,15,15,10,8,5,3,2,0.2,0.12,48,Large,Medium
30016,Banner Casa Grande Medical Center,1800 East Florence Boulevard,Casa Grande,AZ,85122,(520) 381-6300,Acute Care Hospitals,Yes,2,2 stars,2,2 stars,162,2 stars | 2 stars | 2 stars | 2 stars,"May 13, 2026",https://www.medicare.gov/care-compare/details/hospital/030016?city=Phoenix&state=AZ&zipcode=,2026-08-04T16:50:25.703482+00:00,Voluntary non-profit - Other,PINAL,8,6,0,6,0,8,6,1,5,0,11,7,0,4,3,15,15,10,8,1,3,-2,0.052631579,0.157894737,42,Small,Low
30022,Valleywise Health Medical Center,2601 East Roosevelt Street,Phoenix,AZ,85008,(602) 344-5011,Acute Care Hospitals,No,1,1 stars,3,3 stars,412,1 stars | 3 stars | 1 stars | 3 stars,"May 13, 2026",https://www.medicare.gov/care-compare/details/hospital/030022?city=Phoenix&state=AZ&zipcode=,2026-08-04T17:00:32.386287+00:00,Government - Local,MARICOPA,8,4,0,4,0,8,6,4,1,1,11,3,0,1,2,15,15,10,7,4,3,1,0.307692308,0.230769231,35,Medium,Low
30024,St Josephs Hospital and Medical Center,350 West Thomas Road,Phoenix,AZ,85013,(602) 406-8225,Acute Care Hospitals,Yes,4,4 stars,3,3 stars,927,4 stars | 3 stars | 4 stars | 3 stars,"May 13, 2026",https://www.medicare.gov/care-compare/details/hospital/030024?city=Phoenix&state=AZ&zipcode=,2026-08-04T16:59:30.737802+00:00,Voluntary non-profit - Church,MARICOPA,8,8,0,8,0,8,6,3,2,1,11,10,1,8,1,15,15,10,9,4,2,2,0.166666667,0.083333333,48,Large,High
30030,Abrazo Central Campus,2000 West Bethany Home Road,Phoenix,AZ,85015,(602) 249-0212,Acute Care Hospitals,Yes,2,2 stars,2,2 stars,130,2 stars | 2 stars | 2 stars | 2 stars,"May 13, 2026",https://www.medicare.gov/care-compare/details/hospital/030030?city=Phoenix&state=AZ&zipcode=,2026-08-04T16:47:29.734601+00:00,Physician,MARICOPA,8,4,0,4,0,8,6,1,5,0,11,5,1,4,0,15,15,10,7,2,0,2,0.133333333,0,37,Small,Low
30036,Chandler Regional Medical Center,1955 West Frye Road,Chandler,AZ,85224,(480) 728-3000,Acute Care Hospitals,Yes,4,4 stars,3,3 stars,880,4 stars | 3 stars | 4 stars | 3 stars,"May 13, 2026",https://www.medicare.gov/care-compare/details/hospital/030036?city=Phoenix&state=AZ&zipcode=,2026-08-04T16:52:41.579710+00:00,Voluntary non-profit - Private,MARICOPA,8,8,0,8,0,8,7,4,3,0,11,10,2,7,1,15,15,10,9,6,1,5,0.24,0.04,49,Large,High
30037,Honorhealth Tempe Medical Center,1800 East Van Buren Street,Phoenix,AZ,85006,(602) 251-8156,Acute Care Hospitals,Yes,2,2 stars,2,2 stars,71,2 stars | 2 stars,"May 13, 2026",https://www.medicare.gov/care-compare/details/hospital/030037?city=Phoenix&state=AZ&zipcode=,2026-08-04T16:56:24.309515+00:00,Proprietary,MARICOPA,8,1,0,1,0,8,2,0,2,0,11,2,0,2,0,15,5,10,8,0,0,0,0,0,18,Small,Low
30038,Honorhealth Scottsdale Osborn Medical Center,7400 East Osborn Road,Scottsdale,AZ,85251,(480) 882-4004,Acute Care Hospitals,Yes,3,3 stars,3,3 stars,856,3 stars | 3 stars | 3 stars | 3 stars,"May 13, 2026",https://www.medicare.gov/care-compare/details/hospital/030038?city=Phoenix&state=AZ&zipcode=,2026-08-04T16:55:36.909154+00:00,Proprietary,MARICOPA,8,7,0,7,0,8,7,3,3,1,11,8,0,6,2,15,15,10,8,3,3,0,0.136363636,0.136363636,45,Large,Medium
30061,Banner Boswell Medical Center,13632 N 99th Ave,Sun City,AZ,85351,(623) 832-4000,Acute Care Hospitals,Yes,3,3 stars,2,2 stars,579,3 stars | 2 stars | 3 stars | 2 stars,"May 13, 2026",https://www.medicare.gov/care-compare/details/hospital/030061?city=Phoenix&state=AZ&zipcode=,2026-08-04T16:50:13.431490+00:00,Voluntary non-profit - Other,MARICOPA,8,8,0,7,1,8,7,3,3,1,11,9,0,6,3,15,15,10,9,3,5,-2,0.125,0.208333333,48,Medium,Medium
30064,Banner - University Medical Center Tucson Campus,1625 North Campbell Avenue,Tucson,AZ,85719,(520) 874-4189,Acute Care Hospitals,Yes,3,3 stars,3,3 stars,1057,3 stars | 3 stars | 3 stars | 3 stars,"May 13, 2026",https://www.medicare.gov/care-compare/details/hospital/030064?city=Chandler&state=AZ&zipcode=,2026-08-04T17:08:42.073742+00:00,Voluntary non-profit - Private,PIMA,8,8,0,8,0,8,7,4,3,0,11,10,2,8,0,15,15,10,8,6,0,6,0.24,0,48,Large,Medium
30065,Banner Desert Medical Center,1400 South Dobson Road,Mesa,AZ,85202,(480) 412-3000,Acute Care Hospitals,Yes,2,2 stars,2,2 stars,804,2 stars | 2 stars | 2 stars | 2 stars,"May 13, 2026",https://www.medicare.gov/care-compare/details/hospital/030065?city=Phoenix&state=AZ&zipcode=,2026-08-04T16:50:50.432843+00:00,Voluntary non-profit - Private,MARICOPA,8,8,0,7,1,8,7,2,5,0,11,8,0,7,1,15,15,10,8,2,2,0,0.086956522,0.086956522,46,Large,Low
30074,Sells Hospital,"Highway 86, at Topawa Road",Sells,AZ,85634,(520) 362-7003,Acute Care Hospitals,Yes,,,,,64,,"May 13, 2026",https://www.medicare.gov/care-compare/details/hospital/030074?city=Phoenix&state=AZ&zipcode=,2026-08-04T16:59:06.117751+00:00,Tribal,PIMA,8,,,,,8,,,,,11,,,,,15,,10,,,,,,,,Small,
30078,Phoenix Indian Medical Center,4212 North 16th Street,Phoenix,AZ,85016,(602) 263-1200,Acute Care Hospitals,No,4,4 stars,4,4 stars,186,4 stars | 4 stars,"May 13, 2026",https://www.medicare.gov/care-compare/details/hospital/030078?city=Phoenix&state=AZ&zipcode=,2026-08-04T16:58:02.321271+00:00,Government - Federal,MARICOPA,8,1,0,1,0,8,2,0,2,0,11,1,0,1,0,15,10,10,2,0,0,0,0,0,16,Small,High
30083,Abrazo Scottsdale Campus,3929 East Bell Road,Phoenix,AZ,85032,(602) 923-5609,Acute Care Hospitals,Yes,3,3 stars,2,2 stars,270,3 stars | 2 stars | 3 stars | 2 stars,"May 13, 2026",https://www.medicare.gov/care-compare/details/hospital/030083?city=Phoenix&state=AZ&zipcode=,2026-08-04T16:47:41.561662+00:00,Proprietary,MARICOPA,8,5,0,5,0,8,4,0,4,0,11,6,1,5,0,15,15,10,7,1,0,1,0.066666667,0,37,Medium,Medium
30085,Northwest Medical Center,6200 North LA Cholla Boulevard,Tucson,AZ,85741,(520) 469-8100,Acute Care Hospitals,Yes,2,2 stars,1,1 stars,674,2 stars | 1 stars | 2 stars | 1 stars,"May 13, 2026",https://www.medicare.gov/care-compare/details/hospital/030085?city=Phoenix&state=AZ&zipcode=,2026-08-04T16:57:12.735705+00:00,Proprietary,PIMA,8,8,0,8,0,8,8,2,6,0,11,11,1,9,1,15,15,10,9,3,1,2,0.111111111,0.037037037,51,Large,Low
30087,Honorhealth Scottsdale Shea Medical Center,9003 East Shea Boulevard,Scottsdale,AZ,85260,(480) 323-3000,Acute Care Hospitals,Yes,3,3 stars,3,3 stars,1047,3 stars | 3 stars | 3 stars | 3 stars,"May 13, 2026",https://www.medicare.gov/care-compare/details/hospital/030087?city=Phoenix&state=AZ&zipcode=,2026-08-04T16:55:48.728717+00:00,Proprietary,MARICOPA,8,8,1,7,0,8,8,2,4,2,11,11,1,10,0,15,15,10,8,4,2,2,0.148148148,0.074074074,50,Large,Medium
30088,Banner Baywood Medical Center,6644 East Baywood Avenue,Mesa,AZ,85206,(480) 321-2000,Acute Care Hospitals,Yes,2,2 stars,2,2 stars,602,2 stars | 2 stars | 2 stars | 2 stars,"May 13, 2026",https://www.medicare.gov/care-compare/details/hospital/030088?city=Phoenix&state=AZ&zipcode=,2026-08-04T16:49:46.482874+00:00,Voluntary non-profit - Private,MARICOPA,8,6,0,5,1,8,7,0,7,0,11,9,1,7,1,15,15,10,9,1,2,-1,0.045454545,0.090909091,46,Large,Low
30089,Banner Thunderbird Medical Center,5555 West Thunderbird Road,Glendale,AZ,85306,(602) 865-4470,Acute Care Hospitals,No,4,4 stars,2,2 stars,923,4 stars | 2 stars | 4 stars | 2 stars,"May 13, 2026",https://www.medicare.gov/care-compare/details/hospital/030089?city=Phoenix&state=AZ&zipcode=,2026-08-04T16:52:28.441461+00:00,Government - Hospital District or Authority,MARICOPA,8,8,0,8,0,8,7,4,3,0,11,10,0,8,2,15,15,10,8,4,2,2,0.16,0.08,48,Large,High
30092,Honorhealth Deer Valley Medical Center,19829 North 27th Avenue,Phoenix,AZ,85027,(623) 879-6100,Acute Care Hospitals,Yes,3,3 stars,3,3 stars,675,3 stars | 3 stars | 3 stars | 3 stars,"May 13, 2026",https://www.medicare.gov/care-compare/details/hospital/030092?city=Phoenix&state=AZ&zipcode=,2026-08-04T16:55:13.146979+00:00,Voluntary non-profit - Private,MARICOPA,8,8,0,8,0,8,7,2,5,0,11,9,0,8,1,15,15,10,8,2,1,1,0.083333333,0.041666667,47,Large,Medium
30093,Banner Del E. Webb Medical Center,14502 West Meeker Boulevard,Sun City West,AZ,85375,(623) 524-4000,Acute Care Hospitals,Yes,3,3 stars,2,2 stars,736,3 stars | 2 stars | 3 stars | 2 stars,"May 13, 2026",https://www.medicare.gov/care-compare/details/hospital/030093?city=Phoenix&state=AZ&zipcode=,2026-08-04T16:50:38.274825+00:00,Voluntary non-profit - Private,MARICOPA,8,7,0,7,0,8,8,1,7,0,11,8,1,5,2,15,15,10,9,2,2,0,0.086956522,0.086956522,47,Large,Medium
30094,Abrazo Arrowhead Hospital,18701 North 67th Avenue,Glendale,AZ,85308,(623) 561-1000,Acute Care Hospitals,Yes,2,2 stars,2,2 stars,517,2 stars | 2 stars | 2 stars | 2 stars,"May 13, 2026",https://www.medicare.gov/care-compare/details/hospital/030094?city=Phoenix&state=AZ&zipcode=,2026-08-04T16:47:17.801333+00:00,Proprietary,MARICOPA,8,8,0,8,0,8,7,4,3,0,11,9,0,6,3,15,15,10,9,4,3,1,0.166666667,0.125,48,Medium,Low
30103,Mayo Clinic Hospital,5777 East Mayo Boulevard,Phoenix,AZ,85054,(480) 342-4201,Acute Care Hospitals,Yes,5,5 stars,5,5 stars,1564,5 stars | 5 stars | 5 stars | 5 stars,"May 13, 2026",https://www.medicare.gov/care-compare/details/hospital/030103?city=Phoenix&state=AZ&zipcode=,2026-08-04T16:56:49.134475+00:00,Voluntary non-profit - Private,MARICOPA,8,8,5,3,0,8,8,1,7,0,11,11,4,7,0,15,15,10,9,10,0,10,0.37037037,0,51,Large,High
30105,Banner Heart Hospital,6750 East Baywood Avenue,Mesa,AZ,85206,(480) 854-5050,Acute Care Hospitals,No,2,2 stars,3,3 stars,214,2 stars | 3 stars | 2 stars | 3 stars,"May 13, 2026",https://www.medicare.gov/care-compare/details/hospital/030105?city=Phoenix&state=AZ&zipcode=,2026-08-04T16:51:39.511804+00:00,Voluntary non-profit - Private,MARICOPA,8,6,0,6,0,8,4,1,3,0,11,6,1,4,1,15,15,10,2,2,1,1,0.125,0.0625,33,Small,Low
30107,Arizona Spine and Joint Hospital,4620 East Baseline Road,Mesa,AZ,85206,(480) 832-4770,Acute Care Hospitals,No,4,4 stars,4,4 stars,60,4 stars | 4 stars,"May 13, 2026",https://www.medicare.gov/care-compare/details/hospital/030107?city=Phoenix&state=AZ&zipcode=,2026-08-04T16:48:29.870693+00:00,Physician,MARICOPA,8,1,0,1,0,8,2,0,2,0,11,3,0,2,1,15,15,10,2,0,1,-1,0,0.166666667,23,Small,High
30108,The Core Institute Specialty Hosp,6501 North 19th Avenue,Phoenix,AZ,85015,(602) 795-6020,Acute Care Hospitals,No,4,4 stars,4,4 stars,170,4 stars | 4 stars,"May 13, 2026",https://www.medicare.gov/care-compare/details/hospital/030108?city=Phoenix&state=AZ&zipcode=,2026-08-04T16:59:42.590255+00:00,Physician,MARICOPA,8,1,0,1,0,8,2,0,2,0,11,3,1,2,0,15,15,10,2,1,0,1,0.166666667,0,23,Small,High
30110,Abrazo West Campus,Sallie,Goodyear,AZ,85395,(623) 882-1970,Acute Care Hospitals,Yes,2,2 stars,1,1 stars,294,2 stars | 1 stars | 2 stars | 1 stars,"May 13, 2026",https://www.medicare.gov/care-compare/details/hospital/030110?city=Phoenix&state=AZ&zipcode=,2026-08-04T16:47:53.439462+00:00,Proprietary,MARICOPA,8,7,0,6,1,8,6,1,5,0,11,7,1,6,0,15,15,10,7,2,1,1,0.1,0.05,42,Medium,Low
30111,Banner-University Medical Center South Campus,2800 East Ajo Way,Tucson,AZ,85713,(520) 874-2000,Acute Care Hospitals,Yes,4,4 stars,2,2 stars,601,4 stars | 2 stars | 4 stars | 2 stars,"May 13, 2026",https://www.medicare.gov/care-compare/details/hospital/030111?city=Chandler&state=AZ&zipcode=,2026-08-04T17:08:54.551588+00:00,Voluntary non-profit - Private,PIMA,8,5,0,5,0,8,6,1,5,0,11,6,0,6,0,15,15,10,7,1,0,1,0.058823529,0,39,Large,High
30112,Arizona Orthopedic and Surgical Specialty Hospital,750 North 40th Street,Phoenix,AZ,85008,(480) 603-9000,Acute Care Hospitals,No,4,4 stars,4,4 stars,141,4 stars | 4 stars,"May 13, 2026",https://www.medicare.gov/care-compare/details/hospital/030112?city=Phoenix&state=AZ&zipcode=,2026-08-04T16:48:18.108147+00:00,Proprietary,MARICOPA,8,1,0,1,0,8,2,0,1,1,11,3,0,2,1,15,15,10,2,0,2,-2,0,0.333333333,23,Small,High
30114,Oro Valley Hospital,1551 East Tangerine Road,Oro Valley,AZ,85755,(520) 901-3500,Acute Care Hospitals,Yes,3,3 stars,2,2 stars,467,3 stars | 2 stars | 3 stars | 2 stars,"May 13, 2026",https://www.medicare.gov/care-compare/details/hospital/030114?city=Phoenix&state=AZ&zipcode=,2026-08-04T16:57:37.697889+00:00,Proprietary,PIMA,8,6,0,6,0,8,5,1,4,0,11,8,0,8,0,15,15,10,8,1,0,1,0.052631579,0,42,Medium,Medium
30115,Banner Estrella Medical Center,9201 West Thomas Road,Phoenix,AZ,85037,(623) 327-4000,Acute Care Hospitals,Yes,3,3 stars,3,3 stars,437,3 stars | 3 stars | 3 stars | 3 stars,"May 13, 2026",https://www.medicare.gov/care-compare/details/hospital/030115?city=Phoenix&state=AZ&zipcode=,2026-08-04T16:51:02.818311+00:00,Voluntary non-profit - Private,MARICOPA,8,8,1,7,0,8,7,2,5,0,11,8,0,7,1,15,15,10,8,3,1,2,0.130434783,0.043478261,46,Medium,Medium
30119,Mercy Gilbert Medical Center,3555 South Val Vista Drive,Gilbert,AZ,85297,(480) 728-8000,Acute Care Hospitals,Yes,5,5 stars,3,3 stars,730,5 stars | 3 stars | 5 stars | 3 stars,"May 13, 2026",https://www.medicare.gov/care-compare/details/hospital/030119?city=Phoenix&state=AZ&zipcode=,2026-08-04T16:57:00.816858+00:00,Voluntary non-profit - Church,MARICOPA,8,7,1,6,0,8,8,2,5,1,11,10,0,10,0,15,15,10,9,3,1,2,0.12,0.04,49,Large,High
30121,Honorhealth Four Peaks Medical Center,1301 South Crismon Road,Mesa,AZ,85209,(480) 358-6100,Acute Care Hospitals,Yes,2,2 stars,2,2 stars,220,2 stars | 2 stars | 2 stars | 2 stars,"May 13, 2026",https://www.medicare.gov/care-compare/details/hospital/030121?city=Phoenix&state=AZ&zipcode=,2026-08-04T16:55:24.968347+00:00,Proprietary,MARICOPA,8,7,0,7,0,8,6,1,5,0,11,8,0,7,1,15,15,10,8,1,1,0,0.047619048,0.047619048,44,Small,Low
30122,Banner Gateway Medical Center,1900 North Higley Road,Gilbert,AZ,85234,(480) 543-2000,Acute Care Hospitals,Yes,3,3 stars,3,3 stars,649,3 stars | 3 stars | 3 stars | 3 stars,"May 13, 2026",https://www.medicare.gov/care-compare/details/hospital/030122?city=Phoenix&state=AZ&zipcode=,2026-08-04T16:51:15.075524+00:00,Voluntary non-profit - Other,MARICOPA,8,6,0,6,0,8,7,1,6,0,11,8,0,8,0,15,15,10,8,1,0,1,0.047619048,0,44,Large,Medium
30123,Honorhealth Scottsdale Thompson Peak Med Ctr,7400 East Thompson Peak Parkway,Scottsdale,AZ,85255,(480) 324-7001,Acute Care Hospitals,Yes,5,5 stars,4,4 stars,700,5 stars | 4 stars | 5 stars | 4 stars,"May 13, 2026",https://www.medicare.gov/care-compare/details/hospital/030123?city=Phoenix&state=AZ&zipcode=,2026-08-04T16:56:00.638993+00:00,Voluntary non-profit - Private,MARICOPA,8,7,1,6,0,8,7,1,6,0,11,8,0,8,0,15,15,10,8,2,0,2,0.090909091,0,45,Large,High
03012F,Phoenix VA Medical Center,650 E. Indian School Road,Phoenix,AZ,85012,(602) 222-6444,Acute Care - Veterans Administration,Yes,5,5 stars,3,3 stars,,5 stars | 3 stars | 5 stars | 3 stars,"May 13, 2026",https://www.medicare.gov/care-compare/details/hospital/03012F?city=Phoenix&state=AZ&zipcode=,2026-08-04T16:58:27.029590+00:00,Veterans Health Administration,MARICOPA,8,5,2,3,0,8,4,0,4,0,11,6,2,4,0,15,10,10,5,4,0,4,0.266666667,0,30,Unknown,High
30130,Banner Ironwood Medical Center,37000 North Gantzel Road,Queen Creek,AZ,85140,(480) 394-4000,Acute Care Hospitals,Yes,3,3 stars,3,3 stars,219,3 stars | 3 stars | 3 stars | 3 stars,"May 13, 2026",https://www.medicare.gov/care-compare/details/hospital/030130?city=Phoenix&state=AZ&zipcode=,2026-08-04T16:51:51.530479+00:00,Voluntary non-profit - Private,PINAL,8,4,0,4,0,8,4,1,3,0,11,6,1,5,0,15,15,10,8,2,0,2,0.142857143,0,37,Small,Medium
30134,Banner Goldfield Medical Center,2050 West Southern Avenue,Apache Junction,AZ,85120,(480) 733-3300,Acute Care Hospitals,Yes,5,5 stars,3,3 stars,106,5 stars | 3 stars | 5 stars | 3 stars,"May 13, 2026",https://www.medicare.gov/care-compare/details/hospital/030134?city=Phoenix&state=AZ&zipcode=,2026-08-04T16:51:27.177892+00:00,Voluntary non-profit - Other,PINAL,8,3,0,3,0,8,,,,,11,3,0,3,0,15,10,10,6,0,0,0,0,0,22,Small,High
30136,Dignity Health - Arizona General Hospital,7171 South 51st Avenue,Laveen,AZ,85339,(623) 584-5100,Acute Care Hospitals,No,,,,,125,,"May 13, 2026",https://www.medicare.gov/care-compare/details/hospital/030136?city=Phoenix&state=AZ&zipcode=,2026-08-04T16:53:57.914769+00:00,Proprietary,MARICOPA,8,2,0,2,0,8,,,,,11,2,1,1,0,15,,10,7,1,0,1,0.25,0,11,Small,
30138,City of Hope Cancer Center Phoenix,14200 West Celebrate Life Way,Goodyear,AZ,85338,(623) 207-3000,Acute Care Hospitals,No,4,4 stars,4,4 stars,190,4 stars | 4 stars | 4 stars | 4 stars,"May 13, 2026",https://www.medicare.gov/care-compare/details/hospital/030138?city=Phoenix&state=AZ&zipcode=,2026-08-04T16:52:54.347763+00:00,Proprietary,MARICOPA,8,1,0,1,0,8,3,0,3,0,11,5,1,4,0,15,15,10,5,1,0,1,0.111111111,0,29,Small,High
30139,Dignity Health Arizona General Hospital,9130 East Elliot Road,Mesa,AZ,85212,(480) 410-4500,Acute Care Hospitals,Yes,5,5 stars,4,4 stars,261,5 stars | 4 stars | 5 stars | 4 stars,"May 13, 2026",https://www.medicare.gov/care-compare/details/hospital/030139?city=Phoenix&state=AZ&zipcode=,2026-08-04T16:54:10.409953+00:00,Voluntary non-profit - Private,MARICOPA,8,4,0,4,0,8,3,0,3,0,11,5,1,4,0,15,15,10,7,1,0,1,0.083333333,0,34,Medium,High
03013F,VA S. Arizona Healthcare System,3601 South Sixth Avenue,Tucson,AZ,85723,(520) 629-1821,Acute Care - Veterans Administration,Yes,5,5 stars,4,4 stars,,5 stars | 4 stars | 5 stars | 4 stars,"May 13, 2026",https://www.medicare.gov/care-compare/details/hospital/03013F?city=Chandler&state=AZ&zipcode=,2026-08-04T17:10:10.889130+00:00,Veterans Health Administration,PIMA,8,5,2,3,0,8,4,1,2,1,11,6,0,6,0,15,10,10,5,3,1,2,0.2,0.066666667,30,Unknown,High
30146,Honorhealth Sonoran Crossing Medical Center,33400 North 32nd Avenue,Phoenix,AZ,85085,(480) 882-4327,Acute Care Hospitals,Yes,4,4 stars,4,4 stars,295,4 stars | 4 stars | 4 stars | 4 stars,"May 13, 2026",https://www.medicare.gov/care-compare/details/hospital/030146?city=Phoenix&state=AZ&zipcode=,2026-08-04T16:56:12.516327+00:00,Voluntary non-profit - Private,MARICOPA,8,4,0,4,0,8,6,0,6,0,11,6,0,5,1,15,15,10,7,0,1,-1,0,0.0625,38,Medium,High
30147,Banner Ocotillo Medical Center,1405 South Alma School Road,Chandler,AZ,85286,(480) 256-7000,Acute Care Hospitals,Yes,3,3 stars,3,3 stars,145,3 stars | 3 stars | 3 stars | 3 stars,"May 13, 2026",https://www.medicare.gov/care-compare/details/hospital/030147?city=Phoenix&state=AZ&zipcode=,2026-08-04T16:52:03.723275+00:00,Voluntary non-profit - Private,MARICOPA,8,4,0,4,0,8,2,1,1,0,11,5,0,3,2,15,15,10,7,1,2,-1,0.090909091,0.181818182,33,Small,Medium
30152,Exceptional Community Hospital - Maricopa,19060 North John Wayne Parkway,Maricopa,AZ,85139,(910) 988-9080,Acute Care Hospitals,Yes,,,,,27,,"May 13, 2026",https://www.medicare.gov/care-compare/details/hospital/030152?city=Phoenix&state=AZ&zipcode=,2026-08-04T16:54:35.776369+00:00,Proprietary,PINAL,8,,,,,8,,,,,11,1,0,1,0,15,,10,3,0,0,0,0,0,4,Small,
30153,East Valley Er & Hospital,5656 South Power Rd,Gilbert,AZ,85295,(713) 660-0557,Acute Care Hospitals,Yes,,,,,19,,"May 13, 2026",https://www.medicare.gov/care-compare/details/hospital/030153?city=Phoenix&state=AZ&zipcode=,2026-08-04T16:54:23.089950+00:00,Proprietary,MARICOPA,8,,,,,8,,,,,11,,,,,15,,10,2,,,,,,2,Small,
03033F,VA Northern Arizona Healthcare System,500 Highway 89 North,Prescott,AZ,86313,(928) 445-4860,Acute Care - Veterans Administration,Yes,5,5 stars,4,4 stars,,5 stars | 4 stars | 5 stars | 4 stars,"May 13, 2026",https://www.medicare.gov/care-compare/details/hospital/03033F?city=Phoenix&state=AZ&zipcode=,2026-08-04T17:00:07.468227+00:00,Veterans Health Administration,YAVAPAI,8,3,0,3,0,8,,,,,11,4,1,3,0,15,10,10,3,1,0,1,0.142857143,0,20,Unknown,High
31300,Wickenburg Community Hospital,520 Rose Lane,Wickenburg,AZ,85390,(928) 684-5421,Critical Access Hospitals,Yes,,,,,213,,"May 13, 2026",https://www.medicare.gov/care-compare/details/hospital/031300?city=Phoenix&state=AZ&zipcode=,2026-08-04T17:01:10.148873+00:00,Voluntary non-profit - Other,MARICOPA,8,2,0,2,0,8,,,,,11,2,0,2,0,15,,10,5,0,0,0,0,0,9,Small,
31308,Huhu Kam Memorial Hospital,483 West Seed Farm Road,Sacaton,AZ,85147,(520) 562-3321,Critical Access Hospitals,Yes,,,,,262,,"May 13, 2026",https://www.medicare.gov/care-compare/details/hospital/031308?city=Phoenix&state=AZ&zipcode=,2026-08-04T16:56:37.383352+00:00,Government - Federal,PINAL,8,,,,,8,,,,,11,,,,,15,,10,2,,,,,,2,Medium,
31314,Cobre Valley Regional Medical Center,5880 South Hospital Drive,Globe,AZ,85501,(928) 402-1122,Critical Access Hospitals,Yes,2,2 stars,3,3 stars,158,2 stars | 3 stars | 2 stars | 3 stars,"May 13, 2026",https://www.medicare.gov/care-compare/details/hospital/031314?city=Phoenix&state=AZ&zipcode=,2026-08-04T16:53:06.605866+00:00,Voluntary non-profit - Private,GILA,8,5,0,5,0,8,,,,,11,9,0,6,3,15,10,10,6,0,3,-3,0,0.214285714,30,Small,Low
31318,Banner Payson Medical Center,807 South Ponderosa Drive,Payson,AZ,85541,(928) 474-3222,Critical Access Hospitals,No,4,4 stars,4,4 stars,182,4 stars | 4 stars | 4 stars | 4 stars,"May 13, 2026",https://www.medicare.gov/care-compare/details/hospital/031318?city=Phoenix&state=AZ&zipcode=,2026-08-04T16:52:15.941440+00:00,Voluntary non-profit - Other,GILA,8,5,0,5,0,8,1,0,1,0,11,6,1,4,1,15,10,10,7,1,1,0,0.083333333,0.083333333,29,Small,High
31320,San Carlos Apache Healthcare Corporation,103 Medicine Way Road,Peridot,AZ,85542,(928) 475-1200,Critical Access Hospitals,Yes,,,,,113,,"May 13, 2026",https://www.medicare.gov/care-compare/details/hospital/031320?city=Phoenix&state=AZ&zipcode=,2026-08-04T16:58:52.588956+00:00,Tribal,GILA,8,1,0,1,0,8,,,,,11,1,0,1,0,15,,10,2,0,0,0,0,0,4,Small,
33302,Phoenix Children's Hospital,1919 East Thomas Road,Phoenix,AZ,85016,(602) 933-1000,Childrens,No,,,,,102,,"May 13, 2026",https://www.medicare.gov/care-compare/details/hospital/033302?city=Phoenix&state=AZ&zipcode=,2026-08-04T16:57:50.578904+00:00,Voluntary non-profit - Private,MARICOPA,,,,,,,,,,,,,,,,,,,,,,,,,,Small,
34004,Banner Behavioral Health Hospital,7575 East Earll Drive,Scottsdale,AZ,85251,(480) 448-7500,Psychiatric,No,,,,,,,"May 13, 2026",https://www.medicare.gov/care-compare/details/hospital/034004?city=Phoenix&state=AZ&zipcode=,2026-08-04T16:50:00.926787+00:00,Voluntary non-profit - Private,MARICOPA,,,,,,,,,,,,,,,,,,,,,,,,,,Unknown,
34013,College Medical Center Phoenix,1800 East Van Buren,Phoenix,AZ,85006,(602) 251-8535,Psychiatric,No,,,,,,,"May 13, 2026",https://www.medicare.gov/care-compare/details/hospital/034013?city=Phoenix&state=AZ&zipcode=,2026-08-04T16:53:19.701573+00:00,Proprietary,MARICOPA,,,,,,,,,,,,,,,,,,,,,,,,,,Unknown,
34020,Haven Behavioral Hospital of Phoenix,"1201 South 7th Avenue, Suite 200",Phoenix,AZ,85007,(623) 236-2000,Psychiatric,No,,,,,,,"May 13, 2026",https://www.medicare.gov/care-compare/details/hospital/034020?city=Phoenix&state=AZ&zipcode=,2026-08-04T16:54:48.707571+00:00,Proprietary,MARICOPA,,,,,,,,,,,,,,,,,,,,,,,,,,Unknown,
34021,Arizona State Hospital,2500 East Van Buren Street,Phoenix,AZ,85008,(602) 220-6000,Psychiatric,No,,,,,,,"May 13, 2026",https://www.medicare.gov/care-compare/details/hospital/034021?city=Phoenix&state=AZ&zipcode=,2026-08-04T16:48:42.598710+00:00,Government - State,MARICOPA,,,,,,,,,,,,,,,,,,,,,,,,,,Unknown,
34022,Sonora Behavioral Health Hospital,6050 North Corona Road,Tucson,AZ,85704,(520) 469-8700,Psychiatric,Yes,,,,,,,"May 13, 2026",https://www.medicare.gov/care-compare/details/hospital/034022?city=Phoenix&state=AZ&zipcode=,2026-08-04T16:59:18.911021+00:00,Proprietary,PIMA,,,,,,,,,,,,,,,,,,,,,,,,,,Unknown,
34024,Aurora Behavioral Health System,6015 West Peoria Avenue,Glendale,AZ,85302,(623) 344-4400,Psychiatric,No,,,,,,,"May 13, 2026",https://www.medicare.gov/care-compare/details/hospital/034024?city=Phoenix&state=AZ&zipcode=,2026-08-04T16:48:55.384343+00:00,Proprietary,MARICOPA,,,,,,,,,,,,,,,,,,,,,,,,,,Unknown,
34025,The Healing Place,181 Whipple St,Prescott,AZ,86301,(928) 445-5211,Psychiatric,No,,,,,,,"May 13, 2026",https://www.medicare.gov/care-compare/details/hospital/034025?city=Phoenix&state=AZ&zipcode=,2026-08-04T16:59:55.612137+00:00,Proprietary,YAVAPAI,,,,,,,,,,,,,,,,,,,,,,,,,,Unknown,
34026,Valley Hospital,3550 East Pinchot Avenue,Phoenix,AZ,85018,(602) 952-3900,Psychiatric,No,,,,,,,"May 13, 2026",https://www.medicare.gov/care-compare/details/hospital/034026?city=Phoenix&state=AZ&zipcode=,2026-08-04T17:00:20.506894+00:00,Proprietary,MARICOPA,,,,,,,,,,,,,,,,,,,,,,,,,,Unknown,
34028,Aurora Behavioral Healthcare-Tempe,6350 South Maple Avenue,Tempe,AZ,85283,(480) 345-5400,Psychiatric,No,,,,,,,"May 13, 2026",https://www.medicare.gov/care-compare/details/hospital/034028?city=Phoenix&state=AZ&zipcode=,2026-08-04T16:49:08.166958+00:00,Proprietary,MARICOPA,,,,,,,,,,,,,,,,,,,,,,,,,,Unknown,
34029,Oasis Behavioral Health Hospital,"2190 North Grace Boulevard, Building A",Chandler,AZ,85225,(480) 917-9301,Psychiatric,No,,,,,,,"May 13, 2026",https://www.medicare.gov/care-compare/details/hospital/034029?city=Phoenix&state=AZ&zipcode=,2026-08-04T16:57:25.521197+00:00,Proprietary,MARICOPA,,,,,,,,,,,,,,,,,,,,,,,,,,Unknown,
34030,Palo Verde Behavioral Health,2695 North Craycroft Road,Tucson,AZ,85712,(520) 322-2888,Psychiatric,Yes,,,,,,,"May 13, 2026",https://www.medicare.gov/care-compare/details/hospital/034030?city=Chandler&state=AZ&zipcode=,2026-08-04T17:09:21.699047+00:00,Voluntary non-profit - Private,PIMA,,,,,,,,,,,,,,,,,,,,,,,,,,Unknown,
34031,Quail Run Behavioral Health,2545 West Quail Avenue,Phoenix,AZ,85027,(602) 455-5700,Psychiatric,No,,,,,,,"May 13, 2026",https://www.medicare.gov/care-compare/details/hospital/034031?city=Phoenix&state=AZ&zipcode=,2026-08-04T16:58:39.824234+00:00,Voluntary non-profit - Other,MARICOPA,,,,,,,,,,,,,,,,,,,,,,,,,,Unknown,
34032,Copper Springs East- Gilbert,10550 West McDowell Road,Avondale,AZ,85392,(480) 565-3035,Psychiatric,Yes,,,,,,,"May 13, 2026",https://www.medicare.gov/care-compare/details/hospital/034032?city=Phoenix&state=AZ&zipcode=,2026-08-04T16:53:32.462157+00:00,Proprietary,MARICOPA,,,,,,,,,,,,,,,,,,,,,,,,,,Unknown,
34033,El Dorado Springs,1400 North Wilmot Road,Tucson,AZ,85712,(520) 222-8268,Psychiatric,No,,,,,,,"May 13, 2026",https://www.medicare.gov/care-compare/details/hospital/034033?city=Chandler&state=AZ&zipcode=,2026-08-04T17:09:08.074873+00:00,Proprietary,PIMA,,,,,,,,,,,,,,,,,,,,,,,,,,Unknown,
34034,Destiny Springs Healthcare,17300 North Dysart Road,Surprise,AZ,85378,(623) 233-3000,Psychiatric,No,,,,,,,"May 13, 2026",https://www.medicare.gov/care-compare/details/hospital/034034?city=Phoenix&state=AZ&zipcode=,2026-08-04T16:53:45.153750+00:00,Physician,MARICOPA,,,,,,,,,,,,,,,,,,,,,,,,,,Unknown,
34035,Avenir Behavioral Health Center,16561 North Parkview Place,Surprise,AZ,85374,(480) 229-9894,Psychiatric,No,,,,,,,"May 13, 2026",https://www.medicare.gov/care-compare/details/hospital/034035?city=Phoenix&state=AZ&zipcode=,2026-08-04T16:49:20.874158+00:00,Proprietary,MARICOPA,,,,,,,,,,,,,,,,,,,,,,,,,,Unknown,
34038,"Phoenix Medical Psychiatric Hospital, LLC",1346 East McDowell Road,Phoenix,AZ,85006,(833) 312-0320,Psychiatric,No,,,,,,,"May 13, 2026",https://www.medicare.gov/care-compare/details/hospital/034038?city=Phoenix&state=AZ&zipcode=,2026-08-04T16:58:15.131027+00:00,Proprietary,MARICOPA,,,,,,,,,,,,,,,,,,,,,,,,,,Unknown,
34040,Via Linda Behavioral Hospital,9160 East Horseshoe Rd,Scottsdale,AZ,85258,(480) 476-7000,Psychiatric,No,,,,,,,"May 13, 2026",https://www.medicare.gov/care-compare/details/hospital/034040?city=Phoenix&state=AZ&zipcode=,2026-08-04T17:00:57.224351+00:00,Proprietary,MARICOPA,,,,,,,,,,,,,,,,,,,,,,,,,,Unknown,
34041,Agave Ridge Behavioral Hospital,3322 South Ellsworth Road,Mesa,AZ,85212,(615) 861-6000,Psychiatric,No,,,,,,,"May 13, 2026",https://www.medicare.gov/care-compare/details/hospital/034041?city=Phoenix&state=AZ&zipcode=,2026-08-04T16:48:06.320650+00:00,Proprietary,MARICOPA,,,,,,,,,,,,,,,,,,,,,,,,,,Unknown,
50002,St Rose Hospital,27200 Calaroga Ave,Hayward,CA,94545,(510) 782-6200,Acute Care Hospitals,No,1,1 stars,2,2 stars,135,1 stars | 2 stars | 1 stars | 2 stars,"May 13, 2026",https://www.medicare.gov/care-compare/details/hospital/050002?city=San%20Francisco&state=CA&zipcode=,2026-08-04T18:12:39.478584+00:00,Voluntary non-profit - Church,ALAMEDA,8,6,0,6,0,8,5,0,5,0,11,5,0,3,2,15,15,10,6,0,2,-2,0,0.125,37,Small,Low
50007,Peninsula Medical Center,1501 Trousdale Drive,Burlingame,CA,94010,(650) 696-5400,Acute Care Hospitals,Yes,5,5 stars,4,4 stars,1156,5 stars | 4 stars | 5 stars | 4 stars,"May 13, 2026",https://www.medicare.gov/care-compare/details/hospital/050007?city=San%20Francisco&state=CA&zipcode=,2026-08-04T18:08:38.565155+00:00,Voluntary non-profit - Private,SAN MATEO,8,8,2,6,0,8,7,2,5,0,11,11,0,10,1,15,15,10,9,4,1,3,0.153846154,0.038461538,50,Large,High
50008,California Pacific Medical Ctr-Davies Campus Hosp,601 Duboce Avenue,San Francisco,CA,94117,(415) 600-6000,Acute Care Hospitals,No,3,3 stars,3,3 stars,879,3 stars | 3 stars | 3 stars | 3 stars,"May 13, 2026",https://www.medicare.gov/care-compare/details/hospital/050008?city=San%20Francisco&state=CA&zipcode=,2026-08-04T17:57:28.579737+00:00,Voluntary non-profit - Other,SAN FRANCISCO,8,4,0,4,0,8,6,1,5,0,11,5,0,4,1,15,15,10,6,1,1,0,0.066666667,0.066666667,36,Large,Medium
50009,Providence Queen of the Valley Medical Center,1000 Trancas St,Napa,CA,94558,(707) 252-4411,Acute Care Hospitals,Yes,4,4 stars,3,3 stars,349,4 stars | 3 stars | 4 stars | 3 stars,"May 13, 2026",https://www.medicare.gov/care-compare/details/hospital/050009?city=San%20Francisco&state=CA&zipcode=,2026-08-04T18:09:03.078883+00:00,Voluntary non-profit - Private,NAPA,8,8,0,7,1,8,6,1,5,0,11,11,2,9,0,15,15,10,10,3,1,2,0.12,0.04,50,Medium,High
50013,Adventist Health St Helena,10 Woodland Road,Saint Helena,CA,94574,(707) 963-3611,Acute Care Hospitals,Yes,4,4 stars,3,3 stars,287,4 stars | 3 stars | 4 stars | 3 stars,"May 13, 2026",https://www.medicare.gov/care-compare/details/hospital/050013?city=San%20Francisco&state=CA&zipcode=,2026-08-04T17:55:07.782285+00:00,Voluntary non-profit - Private,NAPA,8,8,0,8,0,8,4,0,4,0,11,10,1,8,1,15,15,10,8,1,1,0,0.045454545,0.045454545,45,Medium,High
50014,Sutter Amador Hospital,200 Mission Blvd,Jackson,CA,95642,(209) 223-7500,Acute Care Hospitals,Yes,4,4 stars,4,4 stars,578,4 stars | 4 stars | 4 stars | 4 stars,"May 13, 2026",https://www.medicare.gov/care-compare/details/hospital/050014?city=San%20Francisco&state=CA&zipcode=,2026-08-04T18:13:29.420162+00:00,Voluntary non-profit - Private,AMADOR,8,5,0,5,0,8,3,0,3,0,11,9,1,7,1,15,15,10,9,1,1,0,0.058823529,0.058823529,41,Medium,High
50017,Mercy General Hospital,4001 J St,Sacramento,CA,95819,(916) 453-4453,Acute Care Hospitals,Yes,3,3 stars,4,4 stars,617,3 stars | 4 stars | 3 stars | 4 stars,"May 13, 2026",https://www.medicare.gov/care-compare/details/hospital/050017?city=San%20Francisco&state=CA&zipcode=,2026-08-04T18:06:49.287726+00:00,Voluntary non-profit - Private,SACRAMENTO,8,8,0,8,0,8,8,2,5,1,11,9,0,6,3,15,15,10,8,2,4,-2,0.08,0.16,48,Large,Medium
50022,Riverside Community Hospital,4445 Magnolia Avenue,Riverside,CA,92501,(951) 788-3000,Acute Care Hospitals,Yes,2,2 stars,2,2 stars,411,2 stars | 2 stars | 2 stars | 2 stars,"May 13, 2026",https://www.medicare.gov/care-compare/details/hospital/050022?city=Los%20Angeles&state=CA&zipcode=,2026-08-04T17:42:44.051005+00:00,Proprietary,RIVERSIDE,8,8,1,7,0,8,7,2,5,0,11,9,0,5,4,15,15,10,7,3,4,-1,0.125,0.166666667,46,Medium,Low
50038,Santa Clara Valley Medical Center,751 South Bascom Avenue,San Jose,CA,95128,(408) 885-5000,Acute Care Hospitals,Yes,2,2 stars,3,3 stars,1310,2 stars | 3 stars | 2 stars | 3 stars,"May 13, 2026",https://www.medicare.gov/care-compare/details/hospital/050038?city=San%20Francisco&state=CA&zipcode=,2026-08-04T18:11:09.371339+00:00,Government - Local,SANTA CLARA,8,8,2,6,0,8,8,2,5,1,11,11,0,10,1,15,15,10,9,4,2,2,0.148148148,0.074074074,51,Large,Low
50040,LAC/Olive View-Ucla Medical Center,14445 Olive View Drive,Sylmar,CA,91342,(818) 364-1555,Acute Care Hospitals,Yes,2,2 stars,3,3 stars,255,2 stars | 3 stars | 2 stars | 3 stars,"May 13, 2026",https://www.medicare.gov/care-compare/details/hospital/050040?city=Los%20Angeles&state=CA&zipcode=,2026-08-04T17:33:45.809192+00:00,Voluntary non-profit - Other,LOS ANGELES,8,4,0,4,0,8,7,1,6,0,11,6,1,5,0,15,15,10,7,2,0,2,0.117647059,0,39,Medium,Low
50043,Alta Bates Summit Medical Center,350 Hawthorne Avenue,Oakland,CA,94609,(510) 655-4000,Acute Care Hospitals,Yes,5,5 stars,3,3 stars,981,5 stars | 3 stars | 5 stars | 3 stars,"May 13, 2026",https://www.medicare.gov/care-compare/details/hospital/050043?city=San%20Francisco&state=CA&zipcode=,2026-08-04T17:55:57.499967+00:00,Voluntary non-profit - Private,ALAMEDA,8,8,2,6,0,8,7,4,3,0,11,9,3,6,0,15,15,10,8,9,0,9,0.375,0,47,Large,High
50047,California Pacific Medical Center- Van Ness Campus,1101 Van Ness Avenue,San Francisco,CA,94109,(415) 600-6000,Acute Care Hospitals,Yes,3,3 stars,4,4 stars,1189,3 stars | 4 stars | 3 stars | 4 stars,"May 13, 2026",https://www.medicare.gov/care-compare/details/hospital/050047?city=San%20Francisco&state=CA&zipcode=,2026-08-04T17:57:16.236229+00:00,Voluntary non-profit - Private,SAN FRANCISCO,8,8,0,8,0,8,7,1,6,0,11,10,0,8,2,15,15,10,9,1,2,-1,0.04,0.08,49,Large,Medium
50054,San Gorgonio Memorial Hospital,600 North Highland Springs Avenue,Banning,CA,92220,(951) 769-2101,Acute Care Hospitals,Yes,3,3 stars,3,3 stars,150,3 stars | 3 stars | 3 stars | 3 stars,"May 13, 2026",https://www.medicare.gov/care-compare/details/hospital/050054?city=Los%20Angeles&state=CA&zipcode=,2026-08-04T17:44:21.356565+00:00,Government - Hospital District or Authority,RIVERSIDE,8,4,0,4,0,8,3,1,2,0,11,3,0,3,0,15,15,10,7,1,0,1,0.1,0,32,Small,Medium
50055,California Pacific Medical Center - Mission Bernal,3555 Cesar Chavez,San Francisco,CA,94110,(415) 641-6562,Acute Care Hospitals,Yes,4,4 stars,4,4 stars,556,4 stars | 4 stars | 4 stars | 4 stars,"May 13, 2026",https://www.medicare.gov/care-compare/details/hospital/050055?city=San%20Francisco&state=CA&zipcode=,2026-08-04T17:57:03.256837+00:00,Voluntary non-profit - Church,SAN FRANCISCO,8,5,0,5,0,8,7,1,6,0,11,6,0,3,3,15,15,10,6,1,3,-2,0.055555556,0.166666667,39,Medium,High
50056,Antelope Valley Hospital,1600 W Ave J,Lancaster,CA,93534,(661) 949-5500,Acute Care Hospitals,Yes,1,1 stars,1,1 stars,308,1 stars | 1 stars | 1 stars | 1 stars,"May 13, 2026",https://www.medicare.gov/care-compare/details/hospital/050056?city=Los%20Angeles&state=CA&zipcode=,2026-08-04T17:18:19.480139+00:00,Government - Hospital District or Authority,LOS ANGELES,8,7,0,6,1,8,7,1,6,0,11,7,0,5,2,15,15,10,7,1,3,-2,0.047619048,0.142857143,43,Medium,Low
50058,Glendale Mem Hospital & Hlth Center,1420 S Central Ave,Glendale,CA,91204,(818) 502-1900,Acute Care Hospitals,Yes,4,4 stars,3,3 stars,340,4 stars | 3 stars | 4 stars | 3 stars,"May 13, 2026",https://www.medicare.gov/care-compare/details/hospital/050058?city=Los%20Angeles&state=CA&zipcode=,2026-08-04T17:27:56.220570+00:00,Voluntary non-profit - Private,LOS ANGELES,8,7,1,6,0,8,7,1,6,0,11,8,1,6,1,15,15,10,7,3,1,2,0.136363636,0.045454545,44,Medium,High
50063,Hollywood Presbyterian Medical Center,1300 N Vermont Ave,Los Angeles,CA,90027,(213) 413-3000,Acute Care Hospitals,Yes,3,3 stars,2,2 stars,244,3 stars | 2 stars | 3 stars | 2 stars,"May 13, 2026",https://www.medicare.gov/care-compare/details/hospital/050063?city=Los%20Angeles&state=CA&zipcode=,2026-08-04T17:29:46.426633+00:00,Proprietary,LOS ANGELES,8,7,1,6,0,8,7,3,4,0,11,8,1,5,2,15,15,10,7,5,2,3,0.227272727,0.090909091,44,Medium,Medium
50067,Oak Valley Hospital District,350 S Oak Ave,Oakdale,CA,95361,(209) 847-3011,Acute Care Hospitals,Yes,1,1 stars,1,1 stars,131,1 stars | 1 stars,"May 13, 2026",https://www.medicare.gov/care-compare/details/hospital/050067?city=San%20Francisco&state=CA&zipcode=,2026-08-04T18:08:14.102799+00:00,Government - Hospital District or Authority,STANISLAUS,8,3,0,3,0,8,1,0,1,0,11,4,0,2,2,15,5,10,6,0,2,-2,0,0.25,19,Small,Low
50069,Providence St. Joseph Hospital,1100 West Stewart Dr,Orange,CA,92868,(714) 633-9111,Acute Care Hospitals,Yes,4,4 stars,2,2 stars,661,4 stars | 2 stars | 4 stars | 2 stars,"May 13, 2026",https://www.medicare.gov/care-compare/details/hospital/050069?city=Los%20Angeles&state=CA&zipcode=,2026-08-04T17:41:55.025852+00:00,Voluntary non-profit - Church,ORANGE,8,8,1,7,0,8,8,1,7,0,11,11,0,10,1,15,15,10,9,2,1,1,0.074074074,0.037037037,51,Large,High
50070,Kaiser Foundation Hospital - South San Francisco,1200 El Camino Real,South San Francisco,CA,94080,(650) 742-3200,Acute Care Hospitals,Yes,4,4 stars,3,3 stars,164,4 stars | 3 stars | 4 stars | 3 stars,"May 13, 2026",https://www.medicare.gov/care-compare/details/hospital/050070?city=San%20Francisco&state=CA&zipcode=,2026-08-04T18:03:45.672550+00:00,Voluntary non-profit - Private,SAN MATEO,8,1,0,1,0,8,6,1,5,0,11,1,0,1,0,15,15,10,3,1,0,1,0.125,0,26,Small,High
50071,Kaiser Foundation Hospital-Santa Clara,700 Lawrence Expressway,Santa Clara,CA,95051,(408) 236-6400,Acute Care Hospitals,Yes,2,2 stars,3,3 stars,342,2 stars | 3 stars | 2 stars | 3 stars,"May 13, 2026",https://www.medicare.gov/care-compare/details/hospital/050071?city=San%20Francisco&state=CA&zipcode=,2026-08-04T18:04:57.445460+00:00,Voluntary non-profit - Private,SANTA CLARA,8,3,0,3,0,8,6,2,4,0,11,2,0,1,1,15,15,10,4,2,1,1,0.181818182,0.090909091,30,Medium,Low
50072,Kaiser Foundation Hospital - Walnut Creek,1425 S Main Street,Walnut Creek,CA,94596,(925) 295-4000,Acute Care Hospitals,Yes,3,3 stars,3,3 stars,260,3 stars | 3 stars | 3 stars | 3 stars,"May 13, 2026",https://www.medicare.gov/care-compare/details/hospital/050072?city=San%20Francisco&state=CA&zipcode=,2026-08-04T18:04:09.374380+00:00,Voluntary non-profit - Private,CONTRA COSTA,8,1,0,1,0,8,6,2,4,0,11,1,0,1,0,15,15,10,4,2,0,2,0.25,0,27,Medium,Medium
50073,Kaiser Foundation Hospital and Rehab Center,975 Sereno Dr,Vallejo,CA,94589,(707) 651-1000,Acute Care Hospitals,No,2,2 stars,4,4 stars,310,2 stars | 4 stars | 2 stars | 4 stars,"May 13, 2026",https://www.medicare.gov/care-compare/details/hospital/050073?city=San%20Francisco&state=CA&zipcode=,2026-08-04T18:04:33.769934+00:00,Voluntary non-profit - Private,SOLANO,8,3,0,3,0,8,6,1,5,0,11,2,0,2,0,15,15,10,4,1,0,1,0.090909091,0,30,Medium,Low
50075,Kaiser Foundation Hospital - Oakland/Richmond,275 West MacArthur Boulevard,Oakland,CA,94611,(510) 752-1000,Acute Care Hospitals,Yes,2,2 stars,3,3 stars,587,2 stars | 3 stars | 2 stars | 3 stars,"May 13, 2026",https://www.medicare.gov/care-compare/details/hospital/050075?city=San%20Francisco&state=CA&zipcode=,2026-08-04T18:02:34.885482+00:00,Voluntary non-profit - Private,ALAMEDA,8,6,0,6,0,8,6,2,4,0,11,4,0,2,2,15,15,10,4,2,2,0,0.125,0.125,35,Medium,Low
50076,Kaiser Foundation Hospital - San Francisco,2425 Geary Blvd,San Francisco,CA,94115,(415) 833-2646,Acute Care Hospitals,Yes,4,4 stars,3,3 stars,213,4 stars | 3 stars | 4 stars | 3 stars,"May 13, 2026",https://www.medicare.gov/care-compare/details/hospital/050076?city=San%20Francisco&state=CA&zipcode=,2026-08-04T18:03:22.081118+00:00,Voluntary non-profit - Private,SAN FRANCISCO,8,1,0,1,0,8,7,2,5,0,11,1,0,1,0,15,15,10,4,2,0,2,0.222222222,0,28,Small,High
50078,Providence Little CO of Mary Med Ctr San Pedro,1300 W 7th St,San Pedro,CA,90732,(310) 832-3311,Acute Care Hospitals,No,4,4 stars,4,4 stars,263,4 stars | 4 stars | 4 stars | 4 stars,"May 13, 2026",https://www.medicare.gov/care-compare/details/hospital/050078?city=Los%20Angeles&state=CA&zipcode=,2026-08-04T17:40:55.277535+00:00,Voluntary non-profit - Private,LOS ANGELES,8,5,0,5,0,8,3,1,2,0,11,6,0,6,0,15,15,10,7,1,0,1,0.071428571,0,36,Medium,High
50082,St Johns Regional Medical Center,1600 N Rose Ave,Oxnard,CA,93030,(805) 988-2500,Acute Care Hospitals,Yes,4,4 stars,3,3 stars,472,4 stars | 3 stars | 4 stars | 3 stars,"May 13, 2026",https://www.medicare.gov/care-compare/details/hospital/050082?city=Los%20Angeles&state=CA&zipcode=,2026-08-04T17:46:35.346175+00:00,Voluntary non-profit - Private,VENTURA,8,8,2,6,0,8,7,2,5,0,11,11,1,9,1,15,15,10,9,5,1,4,0.192307692,0.038461538,50,Medium,High
50084,St Joseph's Medical Center of Stockton,1800 N California St,Stockton,CA,95204,(209) 943-2000,Acute Care Hospitals,Yes,3,3 stars,3,3 stars,513,3 stars | 3 stars | 3 stars | 3 stars,"May 13, 2026",https://www.medicare.gov/care-compare/details/hospital/050084?city=San%20Francisco&state=CA&zipcode=,2026-08-04T18:12:27.056731+00:00,Voluntary non-profit - Private,SAN JOAQUIN,8,8,0,8,0,8,6,2,4,0,11,8,0,6,2,15,15,10,9,2,2,0,0.090909091,0.090909091,46,Medium,Medium
50089,Community Hospital of San Bernardino,1805 Medical Center Drive,San Bernardino,CA,92411,(909) 887-6333,Acute Care Hospitals,Yes,3,3 stars,2,2 stars,121,3 stars | 2 stars | 3 stars | 2 stars,"May 13, 2026",https://www.medicare.gov/care-compare/details/hospital/050089?city=Los%20Angeles&state=CA&zipcode=,2026-08-04T17:24:08.250536+00:00,Voluntary non-profit - Private,SAN BERNARDINO,8,3,0,3,0,8,6,1,5,0,11,3,0,2,1,15,15,10,7,1,1,0,0.083333333,0.083333333,34,Small,Medium
50090,Sonoma Valley Hospital,347 Andrieux St,Sonoma,CA,95476,(707) 935-5000,Acute Care Hospitals,Yes,2,2 stars,4,4 stars,377,2 stars | 4 stars | 2 stars | 4 stars,"May 13, 2026",https://www.medicare.gov/care-compare/details/hospital/050090?city=San%20Francisco&state=CA&zipcode=,2026-08-04T18:12:00.368354+00:00,Government - Hospital District or Authority,SONOMA,8,5,0,5,0,8,2,0,2,0,11,6,0,6,0,15,15,10,9,0,0,0,0,0,37,Medium,Low
50091,Community Hospital of Huntington Park,2623 E Slauson Ave,Huntington Park,CA,90255,(323) 583-1931,Acute Care Hospitals,Yes,1,1 stars,2,2 stars,56,1 stars | 2 stars | 1 stars | 2 stars,"May 13, 2026",https://www.medicare.gov/care-compare/details/hospital/050091?city=Los%20Angeles&state=CA&zipcode=,2026-08-04T17:23:56.295897+00:00,Proprietary,LOS ANGELES,8,3,0,3,0,8,2,0,2,0,11,4,0,2,2,15,10,10,6,0,2,-2,0,0.222222222,25,Small,Low
50099,San Antonio Regional Hospital,999 San Bernardino Road,Upland,CA,91786,(909) 985-2811,Acute Care Hospitals,Yes,3,3 stars,2,2 stars,613,3 stars | 2 stars | 3 stars | 2 stars,"May 13, 2026",https://www.medicare.gov/care-compare/details/hospital/050099?city=Los%20Angeles&state=CA&zipcode=,2026-08-04T17:43:45.412440+00:00,Voluntary non-profit - Other,SAN BERNARDINO,8,8,0,8,0,8,7,3,4,0,11,8,0,6,2,15,15,10,9,3,2,1,0.130434783,0.086956522,47,Large,Medium
50101,Sutter Solano Medical Center,300 Hospital Dr,Vallejo,CA,94589,(707) 554-5280,Acute Care Hospitals,Yes,3,3 stars,3,3 stars,269,3 stars | 3 stars | 3 stars | 3 stars,"May 13, 2026",https://www.medicare.gov/care-compare/details/hospital/050101?city=San%20Francisco&state=CA&zipcode=,2026-08-04T18:15:18.581402+00:00,Voluntary non-profit - Private,SOLANO,8,7,0,7,0,8,6,1,5,0,11,9,0,8,1,15,15,10,8,1,1,0,0.045454545,0.045454545,45,Medium,Medium
50102,Parkview Community Hospital Medical Center,3865 Jackson Street,Riverside,CA,92503,(951) 688-2211,Acute Care Hospitals,Yes,3,3 stars,2,2 stars,133,3 stars | 2 stars | 3 stars | 2 stars,"May 13, 2026",https://www.medicare.gov/care-compare/details/hospital/050102?city=Los%20Angeles&state=CA&zipcode=,2026-08-04T17:39:29.300625+00:00,Proprietary,RIVERSIDE,8,4,0,4,0,8,4,1,3,0,11,5,0,4,1,15,15,10,6,1,1,0,0.076923077,0.076923077,34,Small,Medium
50103,Adventist Health White Memorial,1720 Cesar E Chavez Avenue,Los Angeles,CA,90033,(323) 268-5000,Acute Care Hospitals,No,3,3 stars,3,3 stars,367,3 stars | 3 stars | 3 stars | 3 stars,"May 13, 2026",https://www.medicare.gov/care-compare/details/hospital/050103?city=Los%20Angeles&state=CA&zipcode=,2026-08-04T17:16:53.178619+00:00,Voluntary non-profit - Church,LOS ANGELES,8,7,0,7,0,8,7,1,6,0,11,7,1,5,1,15,15,10,7,2,1,1,0.095238095,0.047619048,43,Medium,Medium
50104,Saint Francis Medical Center,3630 East Imperial Highway,Lynwood,CA,90262,(310) 900-8900,Acute Care Hospitals,No,3,3 stars,2,2 stars,214,3 stars | 2 stars | 3 stars | 2 stars,"May 13, 2026",https://www.medicare.gov/care-compare/details/hospital/050104?city=Los%20Angeles&state=CA&zipcode=,2026-08-04T17:43:20.491157+00:00,Voluntary non-profit - Church,LOS ANGELES,8,7,0,7,0,8,6,3,3,0,11,5,1,4,0,15,15,10,7,4,0,4,0.222222222,0,40,Small,Medium
50108,"Sutter Medical Center, Sacramento",2825 Capitol Avenue,Sacramento,CA,95816,(916) 454-2222,Acute Care Hospitals,Yes,4,4 stars,3,3 stars,1874,4 stars | 3 stars | 4 stars | 3 stars,"May 13, 2026",https://www.medicare.gov/care-compare/details/hospital/050108?city=San%20Francisco&state=CA&zipcode=,2026-08-04T18:14:42.825342+00:00,Voluntary non-profit - Private,SACRAMENTO,8,8,0,8,0,8,8,3,5,0,11,11,0,9,2,15,15,10,7,3,2,1,0.111111111,0.074074074,49,Large,High
50112,Santa Monica - Ucla Med Ctr & Orthopaedic Hospital,1250 16th Street,Santa Monica,CA,90404,(310) 319-4000,Acute Care Hospitals,Yes,5,5 stars,3,3 stars,1698,5 stars | 3 stars | 5 stars | 3 stars,"May 13, 2026",https://www.medicare.gov/care-compare/details/hospital/050112?city=Los%20Angeles&state=CA&zipcode=,2026-08-04T17:44:58.567677+00:00,Voluntary non-profit - Private,LOS ANGELES,8,7,3,4,0,8,7,1,6,0,11,10,1,7,2,15,15,10,9,5,2,3,0.208333333,0.083333333,48,Large,High
50113,San Mateo Medical Center,222 W 39th Ave,San Mateo,CA,94403,(650) 573-2222,Acute Care Hospitals,Yes,3,3 stars,3,3 stars,219,3 stars | 3 stars,"May 13, 2026",https://www.medicare.gov/care-compare/details/hospital/050113?city=San%20Francisco&state=CA&zipcode=,2026-08-04T18:10:44.685455+00:00,Government - Local,SAN MATEO,8,2,0,2,0,8,2,0,2,0,11,3,0,3,0,15,15,10,5,0,0,0,0,0,27,Small,Medium
50115,Palomar Health Downtown Campus,555 East Valley Parkway,Escondido,CA,92025,(760) 739-3000,Acute Care Hospitals,Yes,3,3 stars,3,3 stars,521,3 stars | 3 stars | 3 stars | 3 stars,"May 13, 2026",https://www.medicare.gov/care-compare/details/hospital/050115?city=Los%20Angeles&state=CA&zipcode=,2026-08-04T17:39:17.200171+00:00,Government - Hospital District or Authority,SAN DIEGO,8,8,0,8,0,8,7,2,5,0,11,11,2,8,1,15,15,10,9,4,1,3,0.153846154,0.038461538,50,Medium,Medium
50116,Northridge Hospital Medical Center,18300 Roscoe Blvd,Northridge,CA,91325,(818) 885-8500,Acute Care Hospitals,Yes,4,4 stars,3,3 stars,547,4 stars | 3 stars | 4 stars | 3 stars,"May 13, 2026",https://www.medicare.gov/care-compare/details/hospital/050116?city=Los%20Angeles&state=CA&zipcode=,2026-08-04T17:38:02.323066+00:00,Voluntary non-profit - Private,LOS ANGELES,8,8,1,7,0,8,7,3,4,0,11,10,0,8,2,15,15,10,6,4,2,2,0.16,0.08,46,Medium,High
50118,Doctors Hospital of Manteca,1205 E North Street,Manteca,CA,95336,(209) 823-3111,Acute Care Hospitals,Yes,2,2 stars,2,2 stars,212,2 stars | 2 stars | 2 stars | 2 stars,"May 13, 2026",https://www.medicare.gov/care-compare/details/hospital/050118?city=San%20Francisco&state=CA&zipcode=,2026-08-04T17:58:44.075717+00:00,Voluntary non-profit - Other,SAN JOAQUIN,8,5,0,5,0,8,2,0,2,0,11,6,0,4,2,15,15,10,9,0,2,-2,0,0.153846154,37,Small,Low
50122,Dameron Hospital,525 West Acacia Street,Stockton,CA,95203,(209) 944-5550,Acute Care Hospitals,Yes,2,2 stars,2,2 stars,162,2 stars | 2 stars | 2 stars | 2 stars,"May 13, 2026",https://www.medicare.gov/care-compare/details/hospital/050122?city=San%20Francisco&state=CA&zipcode=,2026-08-04T17:58:18.287869+00:00,Voluntary non-profit - Other,SAN JOAQUIN,8,6,0,6,0,8,5,1,4,0,11,8,0,8,0,15,15,10,8,1,0,1,0.052631579,0,42,Small,Low
50124,USC Verdugo Hills Hospital,1812 Verdugo Blvd,Glendale,CA,91208,(818) 790-7100,Acute Care Hospitals,Yes,4,4 stars,3,3 stars,665,4 stars | 3 stars | 4 stars | 3 stars,"May 13, 2026",https://www.medicare.gov/care-compare/details/hospital/050124?city=Los%20Angeles&state=CA&zipcode=,2026-08-04T17:48:00.615423+00:00,Voluntary non-profit - Private,LOS ANGELES,8,7,2,5,0,8,7,1,6,0,11,7,1,4,2,15,15,10,8,4,2,2,0.19047619,0.095238095,44,Large,High
50125,Regional Medical Center of San Jose,225 N Jackson Avenue,San Jose,CA,95116,(408) 259-5000,Acute Care Hospitals,Yes,3,3 stars,3,3 stars,,3 stars | 3 stars,"May 13, 2026",https://www.medicare.gov/care-compare/details/hospital/050125?city=San%20Francisco&state=CA&zipcode=,2026-08-04T18:09:27.978772+00:00,Government - Federal,SANTA CLARA,8,7,2,5,0,8,7,1,6,0,11,8,0,5,3,15,15,10,7,3,3,0,0.136363636,0.136363636,44,Unknown,Medium
50126,Valley Presbyterian Hospital,15107 Vanowen St,Van Nuys,CA,91405,(818) 782-6600,Acute Care Hospitals,Yes,1,1 stars,2,2 stars,221,1 stars | 2 stars | 1 stars | 2 stars,"May 13, 2026",https://www.medicare.gov/care-compare/details/hospital/050126?city=Los%20Angeles&state=CA&zipcode=,2026-08-04T17:49:37.104453+00:00,Voluntary non-profit - Other,LOS ANGELES,8,7,1,6,0,8,7,1,6,0,11,8,0,6,2,15,15,10,7,2,2,0,0.090909091,0.090909091,44,Small,Low
50127,Woodland Memorial Hospital,1325 Cottonwood Street,Woodland,CA,95695,(530) 662-3961,Acute Care Hospitals,Yes,5,5 stars,4,4 stars,174,5 stars | 4 stars | 5 stars | 4 stars,"May 13, 2026",https://www.medicare.gov/care-compare/details/hospital/050127?city=San%20Francisco&state=CA&zipcode=,2026-08-04T18:17:58.030902+00:00,Voluntary non-profit - Other,YOLO,8,5,0,5,0,8,5,0,5,0,11,8,1,7,0,15,15,10,9,1,0,1,0.055555556,0,42,Small,High
50128,Tri-City Medical Center,4002 Vista Way,Oceanside,CA,92056,(760) 724-8411,Acute Care Hospitals,Yes,1,1 stars,2,2 stars,331,1 stars | 2 stars | 1 stars | 2 stars,"May 13, 2026",https://www.medicare.gov/care-compare/details/hospital/050128?city=Los%20Angeles&state=CA&zipcode=,2026-08-04T17:47:36.822295+00:00,Government - Hospital District or Authority,SAN DIEGO,8,7,0,7,0,8,7,1,6,0,11,10,1,8,1,15,15,10,6,2,1,1,0.083333333,0.041666667,45,Medium,Low
50129,St Bernardine Medical Center,2101 N Waterman Ave,San Bernardino,CA,92404,(909) 883-8711,Acute Care Hospitals,Yes,2,2 stars,3,3 stars,244,2 stars | 3 stars | 2 stars | 3 stars,"May 13, 2026",https://www.medicare.gov/care-compare/details/hospital/050129?city=Los%20Angeles&state=CA&zipcode=,2026-08-04T17:46:23.410464+00:00,Voluntary non-profit - Private,SAN BERNARDINO,8,8,0,8,0,8,7,3,4,0,11,8,0,7,1,15,15,10,7,3,1,2,0.130434783,0.043478261,45,Medium,Low
50131,Novato Community Hospital,180 Rowland Way,Novato,CA,94945,(415) 209-1300,Acute Care Hospitals,Yes,5,5 stars,4,4 stars,571,5 stars | 4 stars | 5 stars | 4 stars,"May 13, 2026",https://www.medicare.gov/care-compare/details/hospital/050131?city=San%20Francisco&state=CA&zipcode=,2026-08-04T18:08:01.859740+00:00,Voluntary non-profit - Private,MARIN,8,5,0,5,0,8,3,0,3,0,11,7,0,7,0,15,15,10,7,0,0,0,0,0,37,Medium,High
50132,San Gabriel Valley Medical Center,438 W Las Tunas Drive,San Gabriel,CA,91776,(626) 289-5454,Acute Care Hospitals,Yes,4,4 stars,2,2 stars,209,4 stars | 2 stars | 4 stars | 2 stars,"May 13, 2026",https://www.medicare.gov/care-compare/details/hospital/050132?city=Los%20Angeles&state=CA&zipcode=,2026-08-04T17:44:09.486065+00:00,Proprietary,LOS ANGELES,8,6,1,5,0,8,7,2,5,0,11,5,0,4,1,15,15,10,6,3,1,2,0.166666667,0.055555556,39,Small,High
50135,Southern California Hospital at Hollywood,6245 DE Longpre Ave,Hollywood,CA,90028,(323) 462-2271,Acute Care Hospitals,Yes,3,3 stars,1,1 stars,223,3 stars | 1 stars | 3 stars | 1 stars,"May 13, 2026",https://www.medicare.gov/care-compare/details/hospital/050135?city=Los%20Angeles&state=CA&zipcode=,2026-08-04T17:45:59.563348+00:00,Proprietary,LOS ANGELES,8,7,4,3,0,8,5,2,3,0,11,6,0,4,2,15,10,10,6,6,2,4,0.333333333,0.111111111,34,Small,Medium
50136,Petaluma Valley Hospital,400 N McDowell Blvd,Petaluma,CA,94954,(707) 778-1111,Acute Care Hospitals,No,4,4 stars,3,3 stars,329,4 stars | 3 stars | 4 stars | 3 stars,"May 13, 2026",https://www.medicare.gov/care-compare/details/hospital/050136?city=San%20Francisco&state=CA&zipcode=,2026-08-04T18:08:50.914630+00:00,Voluntary non-profit - Other,SONOMA,8,5,0,5,0,8,3,0,3,0,11,7,0,6,1,15,15,10,8,0,1,-1,0,0.066666667,38,Medium,High
50137,Kaiser Foundation Hospital - Panorama City,13652 Cantara St,Panorama City,CA,91402,(818) 375-2000,Acute Care Hospitals,No,4,4 stars,3,3 stars,278,4 stars | 3 stars | 4 stars | 3 stars,"May 13, 2026",https://www.medicare.gov/care-compare/details/hospital/050137?city=Los%20Angeles&state=CA&zipcode=,2026-08-04T17:31:22.843664+00:00,Voluntary non-profit - Private,LOS ANGELES,8,1,0,1,0,8,6,1,5,0,11,1,0,1,0,15,15,10,4,1,0,1,0.125,0,27,Medium,High
50138,Kaiser Foundation Hospital - Los Angeles,4867 Sunset Blvd,Los Angeles,CA,90027,(323) 783-4011,Acute Care Hospitals,No,5,5 stars,3,3 stars,442,5 stars | 3 stars | 5 stars | 3 stars,"May 13, 2026",https://www.medicare.gov/care-compare/details/hospital/050138?city=Los%20Angeles&state=CA&zipcode=,2026-08-04T17:30:58.904275+00:00,Voluntary non-profit - Other,LOS ANGELES,8,4,0,4,0,8,6,3,3,0,11,3,1,1,1,15,15,10,4,4,1,3,0.307692308,0.076923077,32,Medium,High
50139,Kaiser Foundation Hospital - Downey,9333 Imperial Highway,Downey,CA,90242,(562) 461-6007,Acute Care Hospitals,No,4,4 stars,3,3 stars,397,4 stars | 3 stars | 4 stars | 3 stars,"May 13, 2026",https://www.medicare.gov/care-compare/details/hospital/050139?city=Los%20Angeles&state=CA&zipcode=,2026-08-04T17:30:47.011066+00:00,Voluntary non-profit - Other,LOS ANGELES,8,1,0,1,0,8,7,1,6,0,11,1,0,1,0,15,15,10,4,1,0,1,0.111111111,0,28,Medium,High
50140,Kaiser Foundation Hospital Fontana/Ontario,9961 Sierra Ave,Fontana,CA,92335,(909) 427-5000,Acute Care Hospitals,Yes,3,3 stars,4,4 stars,597,3 stars | 4 stars | 3 stars | 4 stars,"May 13, 2026",https://www.medicare.gov/care-compare/details/hospital/050140?city=Los%20Angeles&state=CA&zipcode=,2026-08-04T17:32:22.304610+00:00,Voluntary non-profit - Private,SAN BERNARDINO,8,2,0,2,0,8,7,3,3,1,11,3,0,2,1,15,15,10,4,3,2,1,0.25,0.166666667,31,Large,Medium
50145,Community Hospital of the Monterey Peninsula,23625 W R Holman Highway,Monterey,CA,93940,(831) 624-5311,Acute Care Hospitals,Yes,4,4 stars,4,4 stars,697,4 stars | 4 stars | 4 stars | 4 stars,"May 13, 2026",https://www.medicare.gov/care-compare/details/hospital/050145?city=San%20Francisco&state=CA&zipcode=,2026-08-04T17:57:52.870883+00:00,Voluntary non-profit - Private,MONTEREY,8,8,2,6,0,8,7,1,5,1,11,11,0,11,0,15,15,10,10,3,1,2,0.115384615,0.038461538,51,Large,High
50149,California Hospital Medical Center LA,1401 South Grand Avenue,Los Angeles,CA,90015,(213) 748-2411,Acute Care Hospitals,Yes,2,2 stars,2,2 stars,198,2 stars | 2 stars | 2 stars | 2 stars,"May 13, 2026",https://www.medicare.gov/care-compare/details/hospital/050149?city=Los%20Angeles&state=CA&zipcode=,2026-08-04T17:20:26.673044+00:00,Voluntary non-profit - Other,LOS ANGELES,8,4,0,4,0,8,8,2,4,2,11,6,0,5,1,15,15,10,7,2,3,-1,0.111111111,0.166666667,40,Small,Low
50152,UCSF Health Saint Francis Hospital,900 Hyde St,San Francisco,CA,94109,(415) 353-6000,Acute Care Hospitals,Yes,3,3 stars,2,2 stars,229,3 stars | 2 stars | 3 stars | 2 stars,"May 13, 2026",https://www.medicare.gov/care-compare/details/hospital/050152?city=San%20Francisco&state=CA&zipcode=,2026-08-04T18:16:08.297345+00:00,Voluntary non-profit - Private,SAN FRANCISCO,8,5,0,5,0,8,5,1,4,0,11,7,0,5,2,15,15,10,8,1,2,-1,0.058823529,0.117647059,40,Small,Medium
50158,Encino Hospital Medical Center,16237 Ventura Blvd,Encino,CA,91436,(818) 995-5000,Acute Care Hospitals,No,3,3 stars,2,2 stars,81,3 stars | 2 stars | 3 stars | 2 stars,"May 13, 2026",https://www.medicare.gov/care-compare/details/hospital/050158?city=Los%20Angeles&state=CA&zipcode=,2026-08-04T17:26:41.381370+00:00,Proprietary,LOS ANGELES,8,3,1,2,0,8,3,1,2,0,11,4,0,4,0,15,10,10,6,2,0,2,0.2,0,26,Small,Medium
50159,Ventura County Medical Center,300 Hillmont Avenue,Ventura,CA,93003,(805) 652-6075,Acute Care Hospitals,Yes,2,2 stars,3,3 stars,352,2 stars | 3 stars | 2 stars | 3 stars,"May 13, 2026",https://www.medicare.gov/care-compare/details/hospital/050159?city=Los%20Angeles&state=CA&zipcode=,2026-08-04T17:49:49.537758+00:00,Government - Local,VENTURA,8,6,0,6,0,8,7,0,7,0,11,9,0,7,2,15,15,10,8,0,2,-2,0,0.090909091,45,Medium,Low
05015F,60th Medical Group (Travis AFB),101 Bodin Cir Bldg 777,Travis AFB,CA,94535,(707) 423-7300,Acute Care - Department of Defense,Yes,5,5 stars,5,5 stars,,5 stars | 5 stars,"May 13, 2026",https://www.medicare.gov/care-compare/details/hospital/05015F?city=San%20Francisco&state=CA&zipcode=,2026-08-04T17:54:31.098579+00:00,Department of Defense,SOLANO,,,,,,,,,,,,,,,,,,,,,,,,,,Unknown,High
50167,San Joaquin General Hospital,500 W Hospital Road,French Camp,CA,95231,(209) 468-6000,Acute Care Hospitals,Yes,2,2 stars,2,2 stars,202,2 stars | 2 stars | 2 stars | 2 stars,"May 13, 2026",https://www.medicare.gov/care-compare/details/hospital/050167?city=San%20Francisco&state=CA&zipcode=,2026-08-04T18:10:18.760173+00:00,Government - Local,SAN JOAQUIN,8,6,0,6,0,8,6,3,2,1,11,6,0,5,1,15,15,10,8,3,2,1,0.166666667,0.111111111,41,Small,Low
50168,Providence St. Jude Medical Center,101 E Valencia Mesa Drive,Fullerton,CA,92835,(714) 992-3000,Acute Care Hospitals,Yes,4,4 stars,3,3 stars,694,4 stars | 3 stars | 4 stars | 3 stars,"May 13, 2026",https://www.medicare.gov/care-compare/details/hospital/050168?city=Los%20Angeles&state=CA&zipcode=,2026-08-04T17:42:07.162687+00:00,Voluntary non-profit - Church,ORANGE,8,8,0,8,0,8,8,4,4,0,11,11,1,9,1,15,15,10,10,5,1,4,0.185185185,0.037037037,52,Large,High
50169,Pih Health Hospital-Whittier,12401 Washington Blvd,Whittier,CA,90602,(562) 698-0811,Acute Care Hospitals,Yes,4,4 stars,4,4 stars,564,4 stars | 4 stars | 4 stars | 4 stars,"May 13, 2026",https://www.medicare.gov/care-compare/details/hospital/050169?city=Los%20Angeles&state=CA&zipcode=,2026-08-04T17:40:05.909296+00:00,Voluntary non-profit - Private,LOS ANGELES,8,8,0,8,0,8,8,3,5,0,11,11,0,9,2,15,15,10,8,3,2,1,0.111111111,0.074074074,50,Medium,High
50174,Providence Santa Rosa Memorial Hospital,1165 Montgomery Dr,Santa Rosa,CA,95405,(707) 525-5300,Acute Care Hospitals,Yes,3,3 stars,3,3 stars,826,3 stars | 3 stars | 3 stars | 3 stars,"May 13, 2026",https://www.medicare.gov/care-compare/details/hospital/050174?city=San%20Francisco&state=CA&zipcode=,2026-08-04T18:09:15.432962+00:00,Voluntary non-profit - Private,SONOMA,8,8,0,8,0,8,7,1,6,0,11,11,1,9,1,15,15,10,10,2,1,1,0.076923077,0.038461538,51,Large,Medium
50179,Emanuel Medical Center,825 Delbon Ave,Turlock,CA,95382,(209) 667-4200,Acute Care Hospitals,Yes,2,2 stars,2,2 stars,340,2 stars | 2 stars | 2 stars | 2 stars,"May 13, 2026",https://www.medicare.gov/care-compare/details/hospital/050179?city=San%20Francisco&state=CA&zipcode=,2026-08-04T17:59:43.553957+00:00,Proprietary,STANISLAUS,8,7,0,7,0,8,6,1,5,0,11,10,0,7,3,15,15,10,9,1,3,-2,0.043478261,0.130434783,47,Medium,Low
50180,John Muir Medical Center - Walnut Creek Campus,1601 Ygnacio Valley Rd,Walnut Creek,CA,94598,(925) 939-3000,Acute Care Hospitals,Yes,2,2 stars,3,3 stars,1197,2 stars | 3 stars | 2 stars | 3 stars,"May 13, 2026",https://www.medicare.gov/care-compare/details/hospital/050180?city=San%20Francisco&state=CA&zipcode=,2026-08-04T18:01:35.551717+00:00,Voluntary non-profit - Other,CONTRA COSTA,8,7,3,2,2,8,8,2,5,1,11,10,3,5,2,15,15,10,8,8,5,3,0.32,0.2,48,Large,Low
50191,St Mary Medical Center,1050 Linden Ave,Long Beach,CA,90813,(562) 491-9000,Acute Care Hospitals,Yes,5,5 stars,2,2 stars,296,5 stars | 2 stars | 5 stars | 2 stars,"May 13, 2026",https://www.medicare.gov/care-compare/details/hospital/050191?city=Los%20Angeles&state=CA&zipcode=,2026-08-04T17:46:47.349877+00:00,Voluntary non-profit - Church,LOS ANGELES,8,7,0,7,0,8,6,2,4,0,11,6,2,3,1,15,15,10,7,4,1,3,0.210526316,0.052631579,41,Medium,High
50194,Watsonville Community Hospital,75 Nielson Street,Watsonville,CA,95076,(831) 724-4741,Acute Care Hospitals,Yes,2,2 stars,3,3 stars,264,2 stars | 3 stars | 2 stars | 3 stars,"May 13, 2026",https://www.medicare.gov/care-compare/details/hospital/050194?city=San%20Francisco&state=CA&zipcode=,2026-08-04T18:17:33.123235+00:00,Proprietary,SANTA CRUZ,8,5,0,5,0,8,2,0,2,0,11,6,0,4,2,15,15,10,9,0,2,-2,0,0.153846154,37,Medium,Low
50195,Washington Hospital,2000 Mowry Ave,Fremont,CA,94538,(510) 797-1111,Acute Care Hospitals,Yes,2,2 stars,3,3 stars,484,2 stars | 3 stars | 2 stars | 3 stars,"May 13, 2026",https://www.medicare.gov/care-compare/details/hospital/050195?city=San%20Francisco&state=CA&zipcode=,2026-08-04T18:17:21.153352+00:00,Government - Hospital District or Authority,ALAMEDA,8,8,0,8,0,8,7,2,5,0,11,11,1,6,4,15,15,10,8,3,4,-1,0.115384615,0.153846154,49,Medium,Low
50197,Sequoia Hospital,170 Alameda DE Las Pulgas,Redwood City,CA,94062,(650) 369-5811,Acute Care Hospitals,Yes,5,5 stars,4,4 stars,340,5 stars | 4 stars | 5 stars | 4 stars,"May 13, 2026",https://www.medicare.gov/care-compare/details/hospital/050197?city=San%20Francisco&state=CA&zipcode=,2026-08-04T18:11:35.001150+00:00,Voluntary non-profit - Private,SAN MATEO,8,8,2,6,0,8,5,1,4,0,11,9,3,6,0,15,15,10,7,6,0,6,0.272727273,0,44,Medium,High
50204,Palmdale Regional Medical Center,38600 Medical Center Drive,Palmdale,CA,93552,(661) 382-5000,Acute Care Hospitals,Yes,3,3 stars,3,3 stars,266,3 stars | 3 stars | 3 stars | 3 stars,"May 13, 2026",https://www.medicare.gov/care-compare/details/hospital/050204?city=Los%20Angeles&state=CA&zipcode=,2026-08-04T17:39:05.137958+00:00,Proprietary,LOS ANGELES,8,7,0,7,0,8,7,2,5,0,11,7,1,5,1,15,15,10,6,3,1,2,0.142857143,0.047619048,42,Medium,Medium
05020F,NH Camp Pendleton,200 Mercy Cir,Camp Pendleton,CA,92055,(760) 725-1288,Acute Care - Department of Defense,Yes,4,4 stars,4,4 stars,,4 stars | 4 stars,"May 13, 2026",https://www.medicare.gov/care-compare/details/hospital/05020F?city=Los%20Angeles&state=CA&zipcode=,2026-08-04T17:37:50.314502+00:00,Department of Defense,SAN DIEGO,,,,,,,,,,,,,,,,,,,,,,,,,,Unknown,High
50211,Alameda Hospital,2070 Clinton Avenue,Alameda,CA,94501,(510) 522-3700,Acute Care Hospitals,Yes,4,4 stars,3,3 stars,330,4 stars | 3 stars | 4 stars | 3 stars,"May 13, 2026",https://www.medicare.gov/care-compare/details/hospital/050211?city=San%20Francisco&state=CA&zipcode=,2026-08-04T17:55:45.466664+00:00,Government - Hospital District or Authority,ALAMEDA,8,5,0,5,0,8,3,0,3,0,11,4,0,4,0,15,15,10,7,0,0,0,0,0,34,Medium,High
50224,Hoag Memorial Hospital Presbyterian,One Hoag Drive,Newport Beach,CA,92663,(949) 764-4624,Acute Care Hospitals,Yes,5,5 stars,4,4 stars,2254,5 stars | 4 stars | 5 stars | 4 stars,"May 13, 2026",https://www.medicare.gov/care-compare/details/hospital/050224?city=Los%20Angeles&state=CA&zipcode=,2026-08-04T17:29:22.018940+00:00,Voluntary non-profit - Private,ORANGE,8,8,1,7,0,8,7,4,3,0,11,10,1,9,0,15,15,10,10,6,0,6,0.24,0,50,Large,High
50226,Ahmc Anaheim Regional Medical Center,1111 W LA Palma Avenue,Anaheim,CA,92801,(714) 774-1450,Acute Care Hospitals,Yes,4,4 stars,2,2 stars,174,4 stars | 2 stars | 4 stars | 2 stars,"May 13, 2026",https://www.medicare.gov/care-compare/details/hospital/050226?city=Los%20Angeles&state=CA&zipcode=,2026-08-04T17:17:17.099689+00:00,Voluntary non-profit - Private,ORANGE,8,8,1,7,0,8,5,1,4,0,11,8,0,6,2,15,15,10,7,2,2,0,0.095238095,0.095238095,43,Small,High
50228,Zuckerberg San Francisco General Hosp & Trauma Ctr,1001 Potrero Avenue,San Francisco,CA,94110,(415) 206-8000,Acute Care Hospitals,Yes,2,2 stars,3,3 stars,882,2 stars | 3 stars | 2 stars | 3 stars,"May 13, 2026",https://www.medicare.gov/care-compare/details/hospital/050228?city=San%20Francisco&state=CA&zipcode=,2026-08-04T18:18:10.130657+00:00,Government - Local,SAN FRANCISCO,8,7,1,6,0,8,7,1,5,1,11,9,0,7,2,15,15,10,8,2,3,-1,0.086956522,0.130434783,46,Large,Low
50230,Garden Grove Hospital & Medical Center,12601 Garden Grove Blvd,Garden Grove,CA,92843,(714) 537-5160,Acute Care Hospitals,Yes,2,2 stars,1,1 stars,101,2 stars | 1 stars | 2 stars | 1 stars,"May 13, 2026",https://www.medicare.gov/care-compare/details/hospital/050230?city=Los%20Angeles&state=CA&zipcode=,2026-08-04T17:27:05.971855+00:00,Proprietary,ORANGE,8,4,0,4,0,8,3,0,3,0,11,5,1,3,1,15,10,10,7,1,1,0,0.083333333,0.083333333,29,Small,Low
50231,Pomona Valley Hospital Medical Center,1798 N Garey Ave,Pomona,CA,91767,(909) 865-9500,Acute Care Hospitals,Yes,3,3 stars,2,2 stars,540,3 stars | 2 stars | 3 stars | 2 stars,"May 13, 2026",https://www.medicare.gov/care-compare/details/hospital/050231?city=Los%20Angeles&state=CA&zipcode=,2026-08-04T17:40:19.268055+00:00,Voluntary non-profit - Private,LOS ANGELES,8,8,1,7,0,8,7,4,3,0,11,11,2,9,0,15,15,10,8,7,0,7,0.269230769,0,49,Medium,Medium
50235,Providence Saint Joseph Medical Ctr,501 South Buena Vista Street,Burbank,CA,91505,(818) 843-5111,Acute Care Hospitals,Yes,3,3 stars,3,3 stars,515,3 stars | 3 stars | 3 stars | 3 stars,"May 13, 2026",https://www.medicare.gov/care-compare/details/hospital/050235?city=Los%20Angeles&state=CA&zipcode=,2026-08-04T17:41:31.310952+00:00,Voluntary non-profit - Church,LOS ANGELES,8,8,3,5,0,8,8,1,7,0,11,11,0,8,3,15,15,10,7,4,3,1,0.148148148,0.111111111,49,Medium,Medium
50236,Adventist Health Simi Valley,2975 N Sycamore Dr,Simi Valley,CA,93065,(805) 955-6000,Acute Care Hospitals,Yes,2,2 stars,3,3 stars,399,2 stars | 3 stars | 2 stars | 3 stars,"May 13, 2026",https://www.medicare.gov/care-compare/details/hospital/050236?city=Los%20Angeles&state=CA&zipcode=,2026-08-04T17:16:29.623619+00:00,Voluntary non-profit - Private,VENTURA,8,7,0,7,0,8,7,1,6,0,11,8,0,5,3,15,15,10,8,1,3,-2,0.045454545,0.136363636,45,Medium,Low
50238,USC Arcadia Hospital,300 W Huntington Dr,Arcadia,CA,91007,(626) 898-8000,Acute Care Hospitals,Yes,3,3 stars,2,2 stars,517,3 stars | 2 stars | 3 stars | 2 stars,"May 13, 2026",https://www.medicare.gov/care-compare/details/hospital/050238?city=Los%20Angeles&state=CA&zipcode=,2026-08-04T17:47:48.694722+00:00,Voluntary non-profit - Private,LOS ANGELES,8,8,2,6,0,8,7,1,6,0,11,8,1,5,2,15,15,10,7,4,2,2,0.173913043,0.086956522,45,Medium,Medium
50239,Glendale Adventist Medical Center,1509 E Wilson Terrace,Glendale,CA,91206,(818) 409-8202,Acute Care Hospitals,Yes,4,4 stars,3,3 stars,580,4 stars | 3 stars | 4 stars | 3 stars,"May 13, 2026",https://www.medicare.gov/care-compare/details/hospital/050239?city=Los%20Angeles&state=CA&zipcode=,2026-08-04T17:27:44.344582+00:00,Voluntary non-profit - Private,LOS ANGELES,8,8,3,5,0,8,7,3,4,0,11,9,0,6,3,15,15,10,9,6,3,3,0.25,0.125,48,Medium,High
50242,Dominican Hospital,1555 Soquel Drive,Santa Cruz,CA,95065,(831) 462-7700,Acute Care Hospitals,Yes,4,4 stars,3,3 stars,471,4 stars | 3 stars | 4 stars | 3 stars,"May 13, 2026",https://www.medicare.gov/care-compare/details/hospital/050242?city=San%20Francisco&state=CA&zipcode=,2026-08-04T17:59:07.746814+00:00,Voluntary non-profit - Private,SANTA CRUZ,8,8,1,7,0,8,7,2,5,0,11,11,1,8,2,15,15,10,8,4,2,2,0.153846154,0.076923077,49,Medium,High
50243,Desert Regional Medical Center,1150 North Indian Canyon Drive,Palm Springs,CA,92262,(760) 323-6511,Acute Care Hospitals,Yes,2,2 stars,2,2 stars,488,2 stars | 2 stars | 2 stars | 2 stars,"May 13, 2026",https://www.medicare.gov/care-compare/details/hospital/050243?city=Los%20Angeles&state=CA&zipcode=,2026-08-04T17:25:26.104138+00:00,Proprietary,RIVERSIDE,8,8,0,8,0,8,6,1,5,0,11,9,0,7,2,15,15,10,8,1,2,-1,0.043478261,0.086956522,46,Medium,Low
50245,Arrowhead Regional Medical Center,400 North Pepper Avenue,Colton,CA,92324,(909) 580-1000,Acute Care Hospitals,Yes,2,2 stars,3,3 stars,301,2 stars | 3 stars | 2 stars | 3 stars,"May 13, 2026",https://www.medicare.gov/care-compare/details/hospital/050245?city=Los%20Angeles&state=CA&zipcode=,2026-08-04T17:18:32.150380+00:00,Government - Local,SAN BERNARDINO,8,6,0,6,0,8,6,2,4,0,11,7,0,6,1,15,15,10,8,2,1,1,0.105263158,0.052631579,42,Medium,Low
50248,Natividad Medical Center,1441 Constitution Boulevard,Salinas,CA,93906,(831) 755-4111,Acute Care Hospitals,Yes,3,3 stars,3,3 stars,276,3 stars | 3 stars | 3 stars | 3 stars,"May 13, 2026",https://www.medicare.gov/care-compare/details/hospital/050248?city=San%20Francisco&state=CA&zipcode=,2026-08-04T18:07:37.469733+00:00,Government - Local,MONTEREY,8,6,0,6,0,8,6,1,5,0,11,6,0,6,0,15,15,10,9,1,0,1,0.055555556,0,42,Medium,Medium
50262,Ronald Reagan Ucla Medical Center,757 Westwood Plaza,Los Angeles,CA,90095,(310) 825-6301,Acute Care Hospitals,Yes,4,4 stars,3,3 stars,2533,4 stars | 3 stars | 4 stars | 3 stars,"May 13, 2026",https://www.medicare.gov/care-compare/details/hospital/050262?city=Los%20Angeles&state=CA&zipcode=,2026-08-04T17:43:07.835270+00:00,Government - State,LOS ANGELES,8,8,3,5,0,8,7,1,6,0,11,10,1,8,1,15,15,10,8,5,1,4,0.2,0.04,48,Large,High
50272,Redlands Community Hospital,350 Terracina Blvd,Redlands,CA,92373,(909) 335-5500,Acute Care Hospitals,Yes,2,2 stars,3,3 stars,330,2 stars | 3 stars | 2 stars | 3 stars,"May 13, 2026",https://www.medicare.gov/care-compare/details/hospital/050272?city=Los%20Angeles&state=CA&zipcode=,2026-08-04T17:42:19.089066+00:00,Voluntary non-profit - Private,SAN BERNARDINO,8,5,0,4,1,8,7,0,7,0,11,9,1,7,1,15,15,10,7,1,2,-1,0.047619048,0.095238095,43,Medium,Low
50276,Contra Costa Regional Medical Center,2500 Alhambra Avenue,Martinez,CA,94553,(925) 370-5000,Acute Care Hospitals,Yes,4,4 stars,3,3 stars,304,4 stars | 3 stars | 4 stars | 3 stars,"May 13, 2026",https://www.medicare.gov/care-compare/details/hospital/050276?city=San%20Francisco&state=CA&zipcode=,2026-08-04T17:58:05.909329+00:00,Government - Local,CONTRA COSTA,8,5,0,5,0,8,5,1,4,0,11,6,1,4,1,15,15,10,8,2,1,1,0.125,0.0625,39,Medium,High
50278,Providence Holy Cross Medical Center,15031 Rinaldi St,Mission Hills,CA,91346,(818) 365-8051,Acute Care Hospitals,Yes,4,4 stars,3,3 stars,387,4 stars | 3 stars | 4 stars | 3 stars,"May 13, 2026",https://www.medicare.gov/care-compare/details/hospital/050278?city=Los%20Angeles&state=CA&zipcode=,2026-08-04T17:40:43.227296+00:00,Voluntary non-profit - Church,LOS ANGELES,8,7,1,6,0,8,8,1,7,0,11,10,1,7,2,15,15,10,8,3,2,1,0.12,0.08,48,Medium,High
05027F,VA Long Beach Healthcare System,5901 E. Seventh Street,Long Beach,CA,90822,(562) 826-8000,Acute Care - Veterans Administration,Yes,4,4 stars,3,3 stars,,4 stars | 3 stars | 4 stars | 3 stars,"May 13, 2026",https://www.medicare.gov/care-compare/details/hospital/05027F?city=Los%20Angeles&state=CA&zipcode=,2026-08-04T17:49:25.078904+00:00,Veterans Health Administration,LOS ANGELES,8,5,2,3,0,8,4,1,3,0,11,5,0,3,2,15,10,10,5,3,2,1,0.214285714,0.142857143,29,Unknown,High
50281,Alhambra Hospital Medical Center,100 S Raymond Ave,Alhambra,CA,91801,(626) 570-1606,Acute Care Hospitals,No,4,4 stars,3,3 stars,149,4 stars | 3 stars | 4 stars | 3 stars,"May 13, 2026",https://www.medicare.gov/care-compare/details/hospital/050281?city=Los%20Angeles&state=CA&zipcode=,2026-08-04T17:17:28.925889+00:00,Proprietary,LOS ANGELES,8,4,1,3,0,8,4,1,3,0,11,3,0,2,1,15,15,10,6,2,1,1,0.181818182,0.090909091,32,Small,High
50283,Stanford Health Care Tri-Valley,5555 West Las Positas Boulevard,Pleasanton,CA,94588,(925) 847-3000,Acute Care Hospitals,Yes,5,5 stars,3,3 stars,1212,5 stars | 3 stars | 5 stars | 3 stars,"May 13, 2026",https://www.medicare.gov/care-compare/details/hospital/050283?city=San%20Francisco&state=CA&zipcode=,2026-08-04T18:13:03.758906+00:00,Voluntary non-profit - Private,ALAMEDA,8,8,2,6,0,8,7,2,5,0,11,9,2,7,0,15,15,10,9,6,0,6,0.25,0,48,Large,High
50289,Ahmc Seton Medical Center,1900 Sullivan Avenue,Daly City,CA,94015,(650) 992-4000,Acute Care Hospitals,Yes,1,1 stars,3,3 stars,155,1 stars | 3 stars | 1 stars | 3 stars,"May 13, 2026",https://www.medicare.gov/care-compare/details/hospital/050289?city=San%20Francisco&state=CA&zipcode=,2026-08-04T17:55:32.935173+00:00,Voluntary non-profit - Church,SAN MATEO,8,6,0,6,0,8,3,1,2,0,11,7,0,5,2,15,15,10,7,1,2,-1,0.0625,0.125,38,Small,Low
50290,Saint John's Health Center,2121 Santa Monica Blvd,Santa Monica,CA,90404,(310) 829-5511,Acute Care Hospitals,Yes,4,4 stars,3,3 stars,700,4 stars | 3 stars | 4 stars | 3 stars,"May 13, 2026",https://www.medicare.gov/care-compare/details/hospital/050290?city=Los%20Angeles&state=CA&zipcode=,2026-08-04T17:43:32.525755+00:00,Voluntary non-profit - Private,LOS ANGELES,8,8,3,5,0,8,7,2,5,0,11,11,1,8,2,15,15,10,8,6,2,4,0.230769231,0.076923077,49,Large,High
50291,Sutter Santa Rosa Regional Hospital,30 Mark West Springs Road,Santa Rosa,CA,95403,(707) 576-4000,Acute Care Hospitals,Yes,5,5 stars,3,3 stars,503,5 stars | 3 stars | 5 stars | 3 stars,"May 13, 2026",https://www.medicare.gov/care-compare/details/hospital/050291?city=San%20Francisco&state=CA&zipcode=,2026-08-04T18:15:06.683581+00:00,Voluntary non-profit - Other,SONOMA,8,7,1,6,0,8,7,1,6,0,11,10,1,8,1,15,15,10,9,3,1,2,0.125,0.041666667,48,Medium,High
50292,Riverside University Health System-Medical Center,26520 Cactus Avenue,Moreno Valley,CA,92555,(951) 486-4000,Acute Care Hospitals,Yes,3,3 stars,2,2 stars,487,3 stars | 2 stars | 3 stars | 2 stars,"May 13, 2026",https://www.medicare.gov/care-compare/details/hospital/050292?city=Los%20Angeles&state=CA&zipcode=,2026-08-04T17:42:55.996114+00:00,Government - Local,RIVERSIDE,8,6,0,6,0,8,7,4,3,0,11,8,0,7,1,15,15,10,7,4,1,3,0.19047619,0.047619048,43,Medium,Medium
50298,Barstow Community Hospital,820 E Mountain View Street,Barstow,CA,92311,(760) 256-1761,Acute Care Hospitals,Yes,1,1 stars,3,3 stars,73,1 stars | 3 stars | 1 stars | 3 stars,"May 13, 2026",https://www.medicare.gov/care-compare/details/hospital/050298?city=Los%20Angeles&state=CA&zipcode=,2026-08-04T17:20:01.614982+00:00,Proprietary,SAN BERNARDINO,8,3,0,3,0,8,2,0,2,0,11,4,1,3,0,15,15,10,7,1,0,1,0.111111111,0,31,Small,Low
50300,Providence St Mary Medical Center,18300 Highway 18,Apple Valley,CA,92307,(760) 242-2311,Acute Care Hospitals,Yes,2,2 stars,2,2 stars,270,2 stars | 2 stars | 2 stars | 2 stars,"May 13, 2026",https://www.medicare.gov/care-compare/details/hospital/050300?city=Los%20Angeles&state=CA&zipcode=,2026-08-04T17:41:43.214502+00:00,Voluntary non-profit - Private,SAN BERNARDINO,8,7,0,7,0,8,7,1,6,0,11,8,0,5,3,15,15,10,7,1,3,-2,0.045454545,0.136363636,44,Medium,Low
50305,Alta Bates Summit Medical Center - Alta Bates Camp,2450 Ashby Avenue,Berkeley,CA,94705,(510) 204-4444,Acute Care Hospitals,Yes,4,4 stars,2,2 stars,999,4 stars | 2 stars | 4 stars | 2 stars,"May 13, 2026",https://www.medicare.gov/care-compare/details/hospital/050305?city=San%20Francisco&state=CA&zipcode=,2026-08-04T17:56:09.709752+00:00,Voluntary non-profit - Private,ALAMEDA,8,7,2,5,0,8,7,2,5,0,11,9,2,6,1,15,15,10,8,6,1,5,0.260869565,0.043478261,46,Large,High
50308,El Camino Health,2500 Grant Road,Mountain View,CA,94040,(650) 940-7000,Acute Care Hospitals,Yes,4,4 stars,4,4 stars,1161,4 stars | 4 stars | 4 stars | 4 stars,"May 13, 2026",https://www.medicare.gov/care-compare/details/hospital/050308?city=San%20Francisco&state=CA&zipcode=,2026-08-04T17:59:31.636593+00:00,Government - Hospital District or Authority,SANTA CLARA,8,8,3,5,0,8,8,3,5,0,11,11,1,9,1,15,15,10,9,7,1,6,0.259259259,0.037037037,51,Large,High
50309,Sutter Roseville Medical Center,One Medical Plaza,Roseville,CA,95661,(916) 781-1000,Acute Care Hospitals,Yes,5,5 stars,4,4 stars,1484,5 stars | 4 stars | 5 stars | 4 stars,"May 13, 2026",https://www.medicare.gov/care-compare/details/hospital/050309?city=San%20Francisco&state=CA&zipcode=,2026-08-04T18:14:54.734699+00:00,Voluntary non-profit - Private,PLACER,8,7,2,5,0,8,7,5,1,1,11,10,2,7,1,15,15,10,6,9,2,7,0.375,0.083333333,45,Large,High
05030F,VA N California Healthcare System,10535 Hospital Way,Mather,CA,95655,(800) 382-8387,Acute Care - Veterans Administration,Yes,4,4 stars,3,3 stars,,4 stars | 3 stars | 4 stars | 3 stars,"May 13, 2026",https://www.medicare.gov/care-compare/details/hospital/05030F?city=San%20Francisco&state=CA&zipcode=,2026-08-04T18:17:08.927401+00:00,Veterans Health Administration,SACRAMENTO,8,5,0,5,0,8,3,0,3,0,11,4,0,2,2,15,10,10,5,0,2,-2,0,0.166666667,27,Unknown,High
50313,Sutter Tracy Community Hospital,1420 North Tracy Blvd,Tracy,CA,95376,(209) 835-1500,Acute Care Hospitals,Yes,4,4 stars,3,3 stars,254,4 stars | 3 stars | 4 stars | 3 stars,"May 13, 2026",https://www.medicare.gov/care-compare/details/hospital/050313?city=San%20Francisco&state=CA&zipcode=,2026-08-04T18:15:30.582614+00:00,Proprietary,SAN JOAQUIN,8,5,0,5,0,8,5,1,4,0,11,7,2,5,0,15,15,10,10,3,0,3,0.176470588,0,42,Medium,High
05031F,Palo Alto VA Medical Center,3801 Miranda Avenue,Palo Alto,CA,94304,(650) 858-3939,Acute Care - Veterans Administration,Yes,5,5 stars,4,4 stars,,5 stars | 4 stars | 5 stars | 4 stars,"May 13, 2026",https://www.medicare.gov/care-compare/details/hospital/05031F?city=San%20Francisco&state=CA&zipcode=,2026-08-04T18:08:26.324570+00:00,Veterans Health Administration,SANTA CLARA,8,5,1,4,0,8,4,0,4,0,11,6,0,5,1,15,10,10,5,1,1,0,0.066666667,0.066666667,30,Unknown,High
50320,Highland Hospital,1411 East 31st Street,Oakland,CA,94602,(510) 437-4800,Acute Care Hospitals,Yes,1,1 stars,3,3 stars,627,1 stars | 3 stars | 1 stars | 3 stars,"May 13, 2026",https://www.medicare.gov/care-compare/details/hospital/050320?city=San%20Francisco&state=CA&zipcode=,2026-08-04T18:00:45.683455+00:00,Government - Hospital District or Authority,ALAMEDA,8,7,0,7,0,8,6,0,5,1,11,9,0,6,3,15,15,10,10,0,4,-4,0,0.181818182,47,Large,Low
50324,Scripps Memorial Hospital LA Jolla,9888 Genesee Avenue,LA Jolla,CA,92037,(858) 626-4123,Acute Care Hospitals,Yes,5,5 stars,4,4 stars,1239,5 stars | 4 stars | 5 stars | 4 stars,"May 13, 2026",https://www.medicare.gov/care-compare/details/hospital/050324?city=Los%20Angeles&state=CA&zipcode=,2026-08-04T17:45:35.799187+00:00,Physician,SAN DIEGO,8,8,4,4,0,8,8,3,4,1,11,9,2,6,1,15,15,10,9,9,2,7,0.36,0.08,49,Large,High
50327,Loma Linda University Medical Center,11234 Anderson St,Loma Linda,CA,92354,(909) 558-4000,Acute Care Hospitals,Yes,4,4 stars,4,4 stars,1186,4 stars | 4 stars | 4 stars | 4 stars,"May 13, 2026",https://www.medicare.gov/care-compare/details/hospital/050327?city=Los%20Angeles&state=CA&zipcode=,2026-08-04T17:34:21.696051+00:00,Voluntary non-profit - Private,SAN BERNARDINO,8,8,0,8,0,8,7,5,2,0,11,10,0,8,2,15,15,10,8,5,2,3,0.2,0.08,48,Large,High
50329,Corona Regional Medical Center,800 South Main Street,Corona,CA,92882,(951) 736-6240,Acute Care Hospitals,Yes,3,3 stars,2,2 stars,228,3 stars | 2 stars | 3 stars | 2 stars,"May 13, 2026",https://www.medicare.gov/care-compare/details/hospital/050329?city=Los%20Angeles&state=CA&zipcode=,2026-08-04T17:24:45.278103+00:00,Proprietary,RIVERSIDE,8,6,0,6,0,8,5,1,4,0,11,6,1,4,1,15,15,10,8,2,1,1,0.117647059,0.058823529,40,Small,Medium
50334,Salinas Valley Memorial Hospital,450 East Romie Lane,Salinas,CA,93901,(831) 757-4333,Acute Care Hospitals,Yes,4,4 stars,4,4 stars,539,4 stars | 4 stars | 4 stars | 4 stars,"May 13, 2026",https://www.medicare.gov/care-compare/details/hospital/050334?city=San%20Francisco&state=CA&zipcode=,2026-08-04T18:09:54.252869+00:00,Voluntary non-profit - Other,MONTEREY,8,8,1,7,0,8,6,1,5,0,11,10,0,9,1,15,15,10,9,2,1,1,0.083333333,0.041666667,48,Medium,High
50336,Adventist Health Lodi Memorial,975 S Fairmont Avenue,Lodi,CA,95240,(209) 334-3411,Acute Care Hospitals,Yes,3,3 stars,3,3 stars,341,3 stars | 3 stars | 3 stars | 3 stars,"May 13, 2026",https://www.medicare.gov/care-compare/details/hospital/050336?city=San%20Francisco&state=CA&zipcode=,2026-08-04T17:54:55.816662+00:00,Voluntary non-profit - Other,SAN JOAQUIN,8,7,0,7,0,8,6,0,6,0,11,6,1,3,2,15,15,10,8,1,2,-1,0.052631579,0.105263158,42,Medium,Medium
50348,Uci Health-Orange,101 City Drive South,Orange,CA,92868,(714) 456-7890,Acute Care Hospitals,Yes,4,4 stars,3,3 stars,2546,4 stars | 3 stars | 4 stars | 3 stars,"May 13, 2026",https://www.medicare.gov/care-compare/details/hospital/050348?city=Los%20Angeles&state=CA&zipcode=,2026-08-04T17:48:48.549587+00:00,Government - Local,ORANGE,8,8,3,5,0,8,8,4,4,0,11,11,2,7,2,15,15,10,9,9,2,7,0.333333333,0.074074074,51,Large,High
50350,Adventist Health White Memorial Montebello,309 W Beverly Blvd,Montebello,CA,90640,(323) 726-1222,Acute Care Hospitals,Yes,3,3 stars,3,3 stars,,3 stars | 3 stars,"May 13, 2026",https://www.medicare.gov/care-compare/details/hospital/050350?city=Los%20Angeles&state=CA&zipcode=,2026-08-04T17:17:05.047731+00:00,Voluntary non-profit - Private,LOS ANGELES,8,5,1,4,0,8,2,0,1,1,11,5,0,5,0,15,,10,3,1,1,0,0.083333333,0.083333333,15,Unknown,Medium
50351,Torrance Memorial Medical Center,3330 Lomita Blvd,Torrance,CA,90509,(310) 325-9110,Acute Care Hospitals,Yes,5,5 stars,3,3 stars,1077,5 stars | 3 stars | 5 stars | 3 stars,"May 13, 2026",https://www.medicare.gov/care-compare/details/hospital/050351?city=Los%20Angeles&state=CA&zipcode=,2026-08-04T17:47:24.704139+00:00,Voluntary non-profit - Other,LOS ANGELES,8,8,3,5,0,8,8,3,4,1,11,11,0,8,3,15,15,10,9,6,4,2,0.222222222,0.148148148,51,Large,High
50353,Providence Little Company of Mary Med Ctr Torrance,4101 Torrance Blvd,Torrance,CA,90503,(310) 540-7676,Acute Care Hospitals,No,5,5 stars,3,3 stars,630,5 stars | 3 stars | 5 stars | 3 stars,"May 13, 2026",https://www.medicare.gov/care-compare/details/hospital/050353?city=Los%20Angeles&state=CA&zipcode=,2026-08-04T17:41:07.302385+00:00,Voluntary non-profit - Church,LOS ANGELES,8,8,0,8,0,8,8,3,5,0,11,9,0,8,1,15,15,10,9,3,1,2,0.12,0.04,49,Large,High
50357,Goleta Valley Cottage Hospital,351 S Patterson Ave,Santa Barbara,CA,93111,(805) 967-3411,Acute Care Hospitals,Yes,5,5 stars,4,4 stars,428,5 stars | 4 stars | 5 stars | 4 stars,"May 13, 2026",https://www.medicare.gov/care-compare/details/hospital/050357?city=Los%20Angeles&state=CA&zipcode=,2026-08-04T17:28:20.865402+00:00,Voluntary non-profit - Other,SANTA BARBARA,8,3,0,3,0,8,3,0,3,0,11,5,1,3,1,15,15,10,6,1,1,0,0.090909091,0.090909091,32,Medium,High
50360,Marinhealth Medical Center,250 Bon Air Road,Greenbrae,CA,94904,(415) 925-7900,Acute Care Hospitals,Yes,5,5 stars,3,3 stars,885,5 stars | 3 stars | 5 stars | 3 stars,"May 13, 2026",https://www.medicare.gov/care-compare/details/hospital/050360?city=San%20Francisco&state=CA&zipcode=,2026-08-04T18:06:00.462931+00:00,Government - Hospital District or Authority,MARIN,8,8,2,6,0,8,7,1,6,0,11,11,3,8,0,15,15,10,10,6,0,6,0.230769231,0,51,Large,High
50367,Northbay Medical Center,1200 B Gale Wilson Blvd,Fairfield,CA,94533,(707) 646-5000,Acute Care Hospitals,Yes,2,2 stars,3,3 stars,380,2 stars | 3 stars | 2 stars | 3 stars,"May 13, 2026",https://www.medicare.gov/care-compare/details/hospital/050367?city=San%20Francisco&state=CA&zipcode=,2026-08-04T18:07:49.667733+00:00,Voluntary non-profit - Private,SOLANO,8,8,0,8,0,8,7,1,6,0,11,11,0,8,3,15,15,10,8,1,3,-2,0.038461538,0.115384615,49,Medium,Low
50373,Los Angeles General Medical Center,"2051 Marengo St, Room C2k100",Los Angeles,CA,90033,(323) 226-2800,Acute Care Hospitals,Yes,2,2 stars,3,3 stars,491,2 stars | 3 stars | 2 stars | 3 stars,"May 13, 2026",https://www.medicare.gov/care-compare/details/hospital/050373?city=Los%20Angeles&state=CA&zipcode=,2026-08-04T17:35:10.835023+00:00,Government - Local,LOS ANGELES,8,7,0,7,0,8,7,3,4,0,11,7,0,6,1,15,15,10,8,3,1,2,0.142857143,0.047619048,44,Medium,Low
50376,LAC/Harbor-Ucla Med Center,1000 W Carson St,Torrance,CA,90509,(310) 222-2345,Acute Care Hospitals,Yes,1,1 stars,2,2 stars,314,1 stars | 2 stars | 1 stars | 2 stars,"May 13, 2026",https://www.medicare.gov/care-compare/details/hospital/050376?city=Los%20Angeles&state=CA&zipcode=,2026-08-04T17:33:33.886292+00:00,Government - Local,LOS ANGELES,8,7,0,7,0,8,7,1,5,1,11,7,0,6,1,15,15,10,6,1,2,-1,0.047619048,0.095238095,42,Medium,Low
50378,Pacifica Hospital of the Valley,9449 San Fernando Rd,Sun Valley,CA,91352,(818) 767-3310,Acute Care Hospitals,Yes,,,,,38,,"May 13, 2026",https://www.medicare.gov/care-compare/details/hospital/050378?city=Los%20Angeles&state=CA&zipcode=,2026-08-04T17:38:53.067985+00:00,Proprietary,LOS ANGELES,8,1,0,1,0,8,4,0,4,0,11,1,0,1,0,15,,10,5,0,0,0,0,0,11,Small,
50380,Good Samaritan Hospital,2425 Samaritan Drive,San Jose,CA,95124,(408) 559-2011,Acute Care Hospitals,Yes,2,2 stars,2,2 stars,681,2 stars | 2 stars | 2 stars | 2 stars,"May 13, 2026",https://www.medicare.gov/care-compare/details/hospital/050380?city=San%20Francisco&state=CA&zipcode=,2026-08-04T17:59:55.374625+00:00,Proprietary,SANTA CLARA,8,8,0,8,0,8,8,1,6,1,11,9,0,5,4,15,15,10,7,1,5,-4,0.04,0.2,47,Large,Low
50382,Emanate Health Inter-Community Hospital,210 W San Bernardino Road,Covina,CA,91723,(626) 814-2468,Acute Care Hospitals,Yes,1,1 stars,2,2 stars,474,1 stars | 2 stars | 1 stars | 2 stars,"May 13, 2026",https://www.medicare.gov/care-compare/details/hospital/050382?city=Los%20Angeles&state=CA&zipcode=,2026-08-04T17:26:29.045719+00:00,Proprietary,LOS ANGELES,8,8,0,6,2,8,7,3,4,0,11,9,0,7,2,15,15,10,8,3,4,-1,0.125,0.166666667,47,Medium,Low
50390,Hemet Global Medical Center,1117 East Devonshire,Hemet,CA,92543,(951) 652-2811,Acute Care Hospitals,Yes,1,1 stars,1,1 stars,118,1 stars | 1 stars | 1 stars | 1 stars,"May 13, 2026",https://www.medicare.gov/care-compare/details/hospital/050390?city=Los%20Angeles&state=CA&zipcode=,2026-08-04T17:28:57.455245+00:00,Proprietary,RIVERSIDE,8,4,0,4,0,8,6,3,3,0,11,4,0,3,1,15,15,10,5,3,1,2,0.214285714,0.071428571,34,Small,Low
50393,Pih Health Downey Hospital,11500 Brookshire Avenue,Downey,CA,90241,(562) 904-5000,Acute Care Hospitals,Yes,4,4 stars,3,3 stars,369,4 stars | 3 stars | 4 stars | 3 stars,"May 13, 2026",https://www.medicare.gov/care-compare/details/hospital/050393?city=Los%20Angeles&state=CA&zipcode=,2026-08-04T17:39:41.317469+00:00,Voluntary non-profit - Private,LOS ANGELES,8,6,1,5,0,8,6,1,5,0,11,6,0,4,2,15,15,10,6,2,2,0,0.111111111,0.111111111,39,Medium,High
50394,Community Memorial Hospital - Ventura,147 North Brent Street,Ventura,CA,93003,(805) 652-5011,Acute Care Hospitals,Yes,4,4 stars,3,3 stars,562,4 stars | 3 stars | 4 stars | 3 stars,"May 13, 2026",https://www.medicare.gov/care-compare/details/hospital/050394?city=Los%20Angeles&state=CA&zipcode=,2026-08-04T17:24:33.010707+00:00,Voluntary non-profit - Private,VENTURA,8,8,0,8,0,8,7,1,6,0,11,11,0,11,0,15,15,10,10,1,0,1,0.038461538,0,51,Medium,High
50396,Santa Barbara Cottage Hospital,400 West Pueblo,Santa Barbara,CA,93105,(805) 682-7111,Acute Care Hospitals,Yes,4,4 stars,4,4 stars,602,4 stars | 4 stars | 4 stars | 4 stars,"May 13, 2026",https://www.medicare.gov/care-compare/details/hospital/050396?city=Los%20Angeles&state=CA&zipcode=,2026-08-04T17:44:33.322645+00:00,Voluntary non-profit - Private,SANTA BARBARA,8,8,2,6,0,8,8,2,5,1,11,11,1,8,2,15,15,10,10,5,3,2,0.185185185,0.111111111,52,Large,High
50407,Chinese Hospital,845 Jackson St,San Francisco,CA,94133,(415) 982-2400,Acute Care Hospitals,Yes,2,2 stars,2,2 stars,143,2 stars | 2 stars | 2 stars | 2 stars,"May 13, 2026",https://www.medicare.gov/care-compare/details/hospital/050407?city=San%20Francisco&state=CA&zipcode=,2026-08-04T17:57:40.750621+00:00,Voluntary non-profit - Private,SAN FRANCISCO,8,5,0,5,0,8,2,0,2,0,11,8,0,7,1,15,15,10,7,0,1,-1,0,0.066666667,37,Small,Low
50411,Kaiser Foundation Hospital - South Bay,25825 South Vermont Avenue,Harbor City,CA,90710,(310) 325-5111,Acute Care Hospitals,No,3,3 stars,3,3 stars,298,3 stars | 3 stars | 3 stars | 3 stars,"May 13, 2026",https://www.medicare.gov/care-compare/details/hospital/050411?city=Los%20Angeles&state=CA&zipcode=,2026-08-04T17:31:46.604865+00:00,Voluntary non-profit - Other,LOS ANGELES,8,1,0,1,0,8,6,1,5,0,11,1,0,1,0,15,15,10,4,1,0,1,0.125,0,27,Medium,Medium
50414,Mercy Hospital of Folsom,1650 Creekside Drive,Folsom,CA,95630,(916) 983-7400,Acute Care Hospitals,Yes,4,4 stars,3,3 stars,322,4 stars | 3 stars | 4 stars | 3 stars,"May 13, 2026",https://www.medicare.gov/care-compare/details/hospital/050414?city=San%20Francisco&state=CA&zipcode=,2026-08-04T18:07:01.370643+00:00,Voluntary non-profit - Private,SACRAMENTO,8,7,0,7,0,8,7,1,6,0,11,7,0,5,2,15,15,10,7,1,2,-1,0.047619048,0.095238095,43,Medium,High
50424,Scripps Green Hospital,10666 North Torrey Pines Road,LA Jolla,CA,92037,(858) 554-3600,Acute Care Hospitals,No,5,5 stars,5,5 stars,992,5 stars | 5 stars | 5 stars | 5 stars,"May 13, 2026",https://www.medicare.gov/care-compare/details/hospital/050424?city=Los%20Angeles&state=CA&zipcode=,2026-08-04T17:45:11.180447+00:00,Voluntary non-profit - Other,SAN DIEGO,8,6,1,5,0,8,7,3,4,0,11,7,3,3,1,15,15,10,5,7,1,6,0.35,0.05,40,Large,High
50425,Kaiser Foundation Hospital - Sacramento,2025 Morse Avenue,Sacramento,CA,95825,(916) 973-5000,Acute Care Hospitals,Yes,4,4 stars,3,3 stars,474,4 stars | 3 stars | 4 stars | 3 stars,"May 13, 2026",https://www.medicare.gov/care-compare/details/hospital/050425?city=San%20Francisco&state=CA&zipcode=,2026-08-04T18:03:10.241085+00:00,Voluntary non-profit - Private,SACRAMENTO,8,4,0,4,0,8,7,1,6,0,11,3,0,3,0,15,15,10,4,1,0,1,0.071428571,0,33,Medium,High
50426,West Anaheim Medical Center,3033 W Orange Avenue,Anaheim,CA,92804,(714) 827-3000,Acute Care Hospitals,Yes,2,2 stars,1,1 stars,120,2 stars | 1 stars | 2 stars | 1 stars,"May 13, 2026",https://www.medicare.gov/care-compare/details/hospital/050426?city=Los%20Angeles&state=CA&zipcode=,2026-08-04T17:50:13.767882+00:00,Proprietary,ORANGE,8,6,0,6,0,8,6,1,5,0,11,5,0,1,4,15,10,10,7,1,4,-3,0.058823529,0.235294118,34,Small,Low
50438,Huntington Hospital,100 W California Blvd,Pasadena,CA,91109,(626) 397-5000,Acute Care Hospitals,Yes,3,3 stars,3,3 stars,703,3 stars | 3 stars,"May 13, 2026",https://www.medicare.gov/care-compare/details/hospital/050438?city=Los%20Angeles&state=CA&zipcode=,2026-08-04T17:30:10.168227+00:00,Voluntary non-profit - Other,LOS ANGELES,8,8,2,6,0,8,,,,,11,9,1,6,2,15,15,10,8,3,2,1,0.176470588,0.117647059,40,Large,Medium
50441,Stanford Health Care,300 Pasteur Drive,Stanford,CA,94305,(650) 723-4000,Acute Care Hospitals,Yes,5,5 stars,4,4 stars,3896,5 stars | 4 stars | 5 stars | 4 stars,"May 13, 2026",https://www.medicare.gov/care-compare/details/hospital/050441?city=San%20Francisco&state=CA&zipcode=,2026-08-04T18:12:51.721484+00:00,Voluntary non-profit - Private,SANTA CLARA,8,8,5,3,0,8,8,3,5,0,11,11,2,5,4,15,15,10,10,10,4,6,0.37037037,0.148148148,52,Large,High
50454,UCSF Medical Center,"505 Parnassus Ave, Box 0296",San Francisco,CA,94143,(415) 353-2733,Acute Care Hospitals,Yes,4,4 stars,4,4 stars,3188,4 stars | 4 stars | 4 stars | 4 stars,"May 13, 2026",https://www.medicare.gov/care-compare/details/hospital/050454?city=San%20Francisco&state=CA&zipcode=,2026-08-04T18:16:44.916054+00:00,Voluntary non-profit - Other,SAN FRANCISCO,8,8,5,3,0,8,8,3,5,0,11,11,3,5,3,15,15,10,9,11,3,8,0.407407407,0.111111111,51,Large,High
50457,UCSF Health St. Mary's Hospital,450 Stanyan St,San Francisco,CA,94117,(415) 668-1000,Acute Care Hospitals,Yes,4,4 stars,2,2 stars,487,4 stars | 2 stars | 4 stars | 2 stars,"May 13, 2026",https://www.medicare.gov/care-compare/details/hospital/050457?city=San%20Francisco&state=CA&zipcode=,2026-08-04T18:16:20.155001+00:00,Voluntary non-profit - Private,SAN FRANCISCO,8,7,2,5,0,8,6,1,5,0,11,9,0,9,0,15,15,10,8,3,0,3,0.136363636,0,45,Medium,High
50464,Doctors Medical Center,1441 Florida Avenue,Modesto,CA,95350,(209) 578-1211,Acute Care Hospitals,Yes,1,1 stars,2,2 stars,335,1 stars | 2 stars | 1 stars | 2 stars,"May 13, 2026",https://www.medicare.gov/care-compare/details/hospital/050464?city=San%20Francisco&state=CA&zipcode=,2026-08-04T17:58:55.916529+00:00,Proprietary,STANISLAUS,8,8,0,8,0,8,6,2,3,1,11,8,0,5,3,15,15,10,9,2,4,-2,0.090909091,0.181818182,46,Medium,Low
50468,Memorial Hospital of Gardena,1145 W Redondo Beach Blvd,Gardena,CA,90247,(310) 532-4200,Acute Care Hospitals,Yes,1,1 stars,1,1 stars,104,1 stars | 1 stars | 1 stars | 1 stars,"May 13, 2026",https://www.medicare.gov/care-compare/details/hospital/050468?city=Los%20Angeles&state=CA&zipcode=,2026-08-04T17:35:59.814717+00:00,Proprietary,LOS ANGELES,8,5,1,4,0,8,5,1,4,0,11,4,0,3,1,15,15,10,6,2,1,1,0.142857143,0.071428571,35,Small,Low
50471,Pih Health Good Samaritan Hospital,1225 Wilshire Boulevard,Los Angeles,CA,90017,(213) 977-2121,Acute Care Hospitals,No,2,2 stars,2,2 stars,331,2 stars | 2 stars | 2 stars | 2 stars,"May 13, 2026",https://www.medicare.gov/care-compare/details/hospital/050471?city=Los%20Angeles&state=CA&zipcode=,2026-08-04T17:39:54.005793+00:00,Proprietary,LOS ANGELES,8,8,0,8,0,8,7,2,5,0,11,9,0,6,3,15,15,10,7,2,3,-1,0.083333333,0.125,46,Medium,Low
50481,Ucla West Valley Medical Center,7300 Medical Center Dr,West Hills,CA,91307,(818) 676-4000,Acute Care Hospitals,Yes,2,2 stars,1,1 stars,622,2 stars | 1 stars | 2 stars | 1 stars,"May 13, 2026",https://www.medicare.gov/care-compare/details/hospital/050481?city=Los%20Angeles&state=CA&zipcode=,2026-08-04T17:49:00.545352+00:00,Proprietary,LOS ANGELES,8,8,1,7,0,8,7,0,7,0,11,8,0,5,3,15,15,10,6,1,3,-2,0.043478261,0.130434783,44,Large,Low
50485,Memorialcare Long Beach Medical Center,2801 Atlantic Ave,Long Beach,CA,90806,(562) 933-2000,Acute Care Hospitals,No,2,2 stars,3,3 stars,786,2 stars | 3 stars | 2 stars | 3 stars,"May 13, 2026",https://www.medicare.gov/care-compare/details/hospital/050485?city=Los%20Angeles&state=CA&zipcode=,2026-08-04T17:36:11.872569+00:00,Voluntary non-profit - Other,LOS ANGELES,8,8,0,8,0,8,8,1,7,0,11,11,0,10,1,15,15,10,9,1,1,0,0.037037037,0.037037037,51,Large,Low
50488,Eden Medical Center,20103 Lake Chabot Road,Castro Valley,CA,94546,(510) 537-1234,Acute Care Hospitals,Yes,4,4 stars,3,3 stars,526,4 stars | 3 stars | 4 stars | 3 stars,"May 13, 2026",https://www.medicare.gov/care-compare/details/hospital/050488?city=San%20Francisco&state=CA&zipcode=,2026-08-04T17:59:19.734991+00:00,Voluntary non-profit - Other,ALAMEDA,8,7,0,7,0,8,7,2,5,0,11,7,0,7,0,15,15,10,7,2,0,2,0.095238095,0,43,Medium,High
50496,John Muir Medical Center - Concord Campus,2540 East St,Concord,CA,94520,(925) 682-8200,Acute Care Hospitals,Yes,4,4 stars,3,3 stars,953,4 stars | 3 stars | 4 stars | 3 stars,"May 13, 2026",https://www.medicare.gov/care-compare/details/hospital/050496?city=San%20Francisco&state=CA&zipcode=,2026-08-04T18:01:23.758418+00:00,Voluntary non-profit - Private,CONTRA COSTA,8,8,2,6,0,8,7,0,7,0,11,11,1,9,1,15,15,10,9,3,1,2,0.115384615,0.038461538,50,Large,High
50503,Scripps Memorial Hospital - Encinitas,354 Santa Fe Drive,Encinitas,CA,92024,(760) 753-6501,Acute Care Hospitals,Yes,4,4 stars,4,4 stars,1009,4 stars | 4 stars | 4 stars | 4 stars,"May 13, 2026",https://www.medicare.gov/care-compare/details/hospital/050503?city=Los%20Angeles&state=CA&zipcode=,2026-08-04T17:45:23.813237+00:00,Voluntary non-profit - Private,SAN DIEGO,8,7,3,4,0,8,7,1,6,0,11,8,3,4,1,15,15,10,9,7,1,6,0.318181818,0.045454545,46,Large,High
50510,Kaiser Foundation Hospital,99 Montecillo Rd,San Rafael,CA,94903,(415) 444-2000,Acute Care Hospitals,Yes,4,4 stars,3,3 stars,111,4 stars | 3 stars | 4 stars | 3 stars,"May 13, 2026",https://www.medicare.gov/care-compare/details/hospital/050510?city=San%20Francisco&state=CA&zipcode=,2026-08-04T18:01:59.347549+00:00,Voluntary non-profit - Private,MARIN,8,1,0,1,0,8,5,0,4,1,11,1,0,1,0,15,15,10,3,0,1,-1,0,0.142857143,25,Small,High
50512,Kaiser Foundation Hospital - Fremont,39400 Paseo Padre Pkwy,Fremont,CA,94538,(510) 784-4000,Acute Care Hospitals,Yes,4,4 stars,3,3 stars,211,4 stars | 3 stars | 4 stars | 3 stars,"May 13, 2026",https://www.medicare.gov/care-compare/details/hospital/050512?city=San%20Francisco&state=CA&zipcode=,2026-08-04T18:02:22.985496+00:00,Voluntary non-profit - Private,ALAMEDA,8,1,0,1,0,8,5,1,4,0,11,1,0,1,0,15,15,10,4,1,0,1,0.142857143,0,26,Small,High
50516,Mercy San Juan Medical Center,6501 Coyle Ave,Carmichael,CA,95608,(916) 537-5000,Acute Care Hospitals,Yes,3,3 stars,3,3 stars,491,3 stars | 3 stars | 3 stars | 3 stars,"May 13, 2026",https://www.medicare.gov/care-compare/details/hospital/050516?city=San%20Francisco&state=CA&zipcode=,2026-08-04T18:07:13.483593+00:00,Voluntary non-profit - Private,SACRAMENTO,8,8,0,8,0,8,7,2,5,0,11,11,1,8,2,15,15,10,8,3,2,1,0.115384615,0.076923077,49,Medium,Medium
50517,Victor Valley Global Medical Center,15248 11th St,Victorville,CA,92395,(760) 245-8691,Acute Care Hospitals,Yes,1,1 stars,1,1 stars,95,1 stars | 1 stars | 1 stars | 1 stars,"May 13, 2026",https://www.medicare.gov/care-compare/details/hospital/050517?city=Los%20Angeles&state=CA&zipcode=,2026-08-04T17:50:01.475913+00:00,Voluntary non-profit - Private,SAN BERNARDINO,8,3,0,3,0,8,6,0,6,0,11,7,0,5,2,15,15,10,5,0,2,-2,0,0.125,36,Small,Low
50523,Sutter Delta Medical Center,3901 Lone Tree Way,Antioch,CA,94509,(925) 779-7200,Acute Care Hospitals,Yes,3,3 stars,2,2 stars,350,3 stars | 2 stars | 3 stars | 2 stars,"May 13, 2026",https://www.medicare.gov/care-compare/details/hospital/050523?city=San%20Francisco&state=CA&zipcode=,2026-08-04T18:14:07.033523+00:00,Voluntary non-profit - Private,CONTRA COSTA,8,7,0,7,0,8,6,1,5,0,11,7,0,5,2,15,15,10,8,1,2,-1,0.05,0.1,43,Medium,Medium
50526,Huntington Beach Hospital,17772 Beach Blvd,Huntington Beach,CA,92647,(714) 843-5000,Acute Care Hospitals,Yes,1,1 stars,1,1 stars,71,1 stars | 1 stars | 1 stars | 1 stars,"May 13, 2026",https://www.medicare.gov/care-compare/details/hospital/050526?city=Los%20Angeles&state=CA&zipcode=,2026-08-04T17:29:58.246167+00:00,Proprietary,ORANGE,8,3,0,3,0,8,3,0,3,0,11,3,0,1,2,15,10,10,6,0,2,-2,0,0.222222222,25,Small,Low
50528,Memorial Hospital Los Banos,520 West I St,Los Banos,CA,93635,(209) 826-0591,Acute Care Hospitals,Yes,3,3 stars,3,3 stars,168,3 stars | 3 stars | 3 stars | 3 stars,"May 13, 2026",https://www.medicare.gov/care-compare/details/hospital/050528?city=San%20Francisco&state=CA&zipcode=,2026-08-04T18:06:24.977640+00:00,Voluntary non-profit - Private,MERCED,8,4,0,4,0,8,2,0,2,0,11,3,0,3,0,15,15,10,8,0,0,0,0,0,32,Small,Medium
50537,Sutter Davis Hospital,2000 Sutter Place,Davis,CA,95616,(530) 757-5108,Acute Care Hospitals,Yes,4,4 stars,4,4 stars,451,4 stars | 4 stars | 4 stars | 4 stars,"May 13, 2026",https://www.medicare.gov/care-compare/details/hospital/050537?city=San%20Francisco&state=CA&zipcode=,2026-08-04T18:13:54.806259+00:00,Voluntary non-profit - Private,YOLO,8,5,0,5,0,8,2,1,1,0,11,8,1,7,0,15,15,10,9,2,0,2,0.133333333,0,39,Medium,High
50541,Kaiser Foundation Hospital - Redwood City,1100 Veterans Boulevard,Redwood City,CA,94063,(650) 299-2000,Acute Care Hospitals,Yes,4,4 stars,4,4 stars,143,4 stars | 4 stars | 4 stars | 4 stars,"May 13, 2026",https://www.medicare.gov/care-compare/details/hospital/050541?city=San%20Francisco&state=CA&zipcode=,2026-08-04T18:02:46.555584+00:00,Voluntary non-profit - Private,SAN MATEO,8,2,0,2,0,8,6,2,4,0,11,1,0,1,0,15,15,10,3,2,0,2,0.222222222,0,27,Small,High
50543,College Hospital Costa Mesa,301 Victoria Street,Costa Mesa,CA,92627,(949) 642-2734,Acute Care Hospitals,No,,,,,14,,"May 13, 2026",https://www.medicare.gov/care-compare/details/hospital/050543?city=Los%20Angeles&state=CA&zipcode=,2026-08-04T17:23:32.537682+00:00,Proprietary,ORANGE,8,,,,,8,1,1,0,0,11,,,,,15,,10,2,1,0,1,1,0,3,Small,
50549,Los Robles Hospital & Medical Center,215 W Janss Rd,Thousand Oaks,CA,91360,(805) 497-2727,Acute Care Hospitals,Yes,4,4 stars,2,2 stars,447,4 stars | 2 stars | 4 stars | 2 stars,"May 13, 2026",https://www.medicare.gov/care-compare/details/hospital/050549?city=Los%20Angeles&state=CA&zipcode=,2026-08-04T17:35:22.654253+00:00,Proprietary,VENTURA,8,8,3,5,0,8,8,1,7,0,11,9,0,7,2,15,15,10,8,4,2,2,0.16,0.08,48,Medium,High
50551,Uci Health - Los Alamitos,3751 Katella Avenue,Los Alamitos,CA,90720,(562) 799-3220,Acute Care Hospitals,Yes,1,1 stars,2,2 stars,107,1 stars | 2 stars | 1 stars | 2 stars,"May 13, 2026",https://www.medicare.gov/care-compare/details/hospital/050551?city=Los%20Angeles&state=CA&zipcode=,2026-08-04T17:48:24.524605+00:00,Proprietary,ORANGE,8,7,0,7,0,8,6,0,6,0,11,8,0,7,1,15,15,10,8,0,1,-1,0,0.047619048,44,Small,Low
50557,Memorial Medical Center,1700 Coffee Rd,Modesto,CA,95355,(209) 526-4500,Acute Care Hospitals,Yes,3,3 stars,3,3 stars,707,3 stars | 3 stars | 3 stars | 3 stars,"May 13, 2026",https://www.medicare.gov/care-compare/details/hospital/050557?city=San%20Francisco&state=CA&zipcode=,2026-08-04T18:06:37.119908+00:00,Voluntary non-profit - Private,STANISLAUS,8,8,1,7,0,8,7,2,5,0,11,11,0,9,2,15,15,10,7,3,2,1,0.115384615,0.076923077,48,Large,Medium
50561,Kaiser Foundation Hospital - West LA,6041 Cadillac Ave,Los Angeles,CA,90034,(213) 857-2201,Acute Care Hospitals,No,3,3 stars,3,3 stars,393,3 stars | 3 stars | 3 stars | 3 stars,"May 13, 2026",https://www.medicare.gov/care-compare/details/hospital/050561?city=Los%20Angeles&state=CA&zipcode=,2026-08-04T17:31:58.470954+00:00,Voluntary non-profit - Private,LOS ANGELES,8,3,0,3,0,8,6,1,5,0,11,3,0,2,1,15,15,10,4,1,1,0,0.083333333,0.083333333,31,Medium,Medium
50567,Providence Mission Hospital,27700 Medical Center Rd,Mission Viejo,CA,92691,(949) 364-1400,Acute Care Hospitals,Yes,5,5 stars,3,3 stars,801,5 stars | 3 stars | 5 stars | 3 stars,"May 13, 2026",https://www.medicare.gov/care-compare/details/hospital/050567?city=Los%20Angeles&state=CA&zipcode=,2026-08-04T17:41:19.453477+00:00,Voluntary non-profit - Private,ORANGE,8,8,0,8,0,8,7,3,4,0,11,11,2,9,0,15,15,10,10,5,0,5,0.192307692,0,51,Large,High
50570,Uci Health - Fountain Valley,17100 Euclid Street,Fountain Valley,CA,92708,(714) 966-7200,Acute Care Hospitals,No,2,2 stars,2,2 stars,,2 stars | 2 stars,"May 13, 2026",https://www.medicare.gov/care-compare/details/hospital/050570?city=Los%20Angeles&state=CA&zipcode=,2026-08-04T17:48:12.581927+00:00,Proprietary,ORANGE,8,8,0,8,0,8,7,2,5,0,11,8,1,6,1,15,15,10,7,3,1,2,0.130434783,0.043478261,45,Unknown,Low
50580,LA Palma Intercommunity Hospital,7901 Walker Street,LA Palma,CA,90623,(714) 670-7400,Acute Care Hospitals,No,3,3 stars,2,2 stars,91,3 stars | 2 stars | 3 stars | 2 stars,"May 13, 2026",https://www.medicare.gov/care-compare/details/hospital/050580?city=Los%20Angeles&state=CA&zipcode=,2026-08-04T17:33:21.944164+00:00,Proprietary,ORANGE,8,5,1,4,0,8,3,1,2,0,11,5,1,4,0,15,10,10,6,3,0,3,0.230769231,0,29,Small,Medium
50581,Uci Health-Lakewood,3700 South St,Lakewood,CA,90712,(562) 602-6751,Acute Care Hospitals,Yes,2,2 stars,2,2 stars,235,2 stars | 2 stars | 2 stars | 2 stars,"May 13, 2026",https://www.medicare.gov/care-compare/details/hospital/050581?city=Los%20Angeles&state=CA&zipcode=,2026-08-04T17:48:36.611043+00:00,Proprietary,LOS ANGELES,8,8,0,8,0,8,6,1,5,0,11,8,0,6,2,15,15,10,7,1,2,-1,0.045454545,0.090909091,44,Medium,Low
50586,Chino Valley Medical Center,5451 Walnut Ave,Chino,CA,91710,(909) 627-6111,Acute Care Hospitals,Yes,4,4 stars,2,2 stars,126,4 stars | 2 stars | 4 stars | 2 stars,"May 13, 2026",https://www.medicare.gov/care-compare/details/hospital/050586?city=Los%20Angeles&state=CA&zipcode=,2026-08-04T17:22:42.998395+00:00,Proprietary,SAN BERNARDINO,8,3,1,2,0,8,3,1,2,0,11,3,0,3,0,15,15,10,6,2,0,2,0.222222222,0,30,Small,High
50588,San Dimas Community Hospital,1350 W Covina Blvd,San Dimas,CA,91773,(909) 599-6811,Acute Care Hospitals,Yes,2,2 stars,2,2 stars,101,2 stars | 2 stars | 2 stars | 2 stars,"May 13, 2026",https://www.medicare.gov/care-compare/details/hospital/050588?city=Los%20Angeles&state=CA&zipcode=,2026-08-04T17:43:57.563618+00:00,Proprietary,LOS ANGELES,8,3,0,3,0,8,5,0,5,0,11,5,0,3,2,15,15,10,7,0,2,-2,0,0.153846154,35,Small,Low
50590,Methodist Hospital of Sacramento,7500 Hospital Drive,Sacramento,CA,95823,(916) 423-6010,Acute Care Hospitals,Yes,3,3 stars,3,3 stars,281,3 stars | 3 stars | 3 stars | 3 stars,"May 13, 2026",https://www.medicare.gov/care-compare/details/hospital/050590?city=San%20Francisco&state=CA&zipcode=,2026-08-04T18:07:25.520616+00:00,Voluntary non-profit - Private,SACRAMENTO,8,6,0,6,0,8,3,1,2,0,11,6,1,3,2,15,15,10,8,2,2,0,0.133333333,0.133333333,38,Medium,Medium
50597,Emanate Health Foothill Presbyterian Hospital,250 S Grand Ave,Glendora,CA,91740,(626) 963-8411,Acute Care Hospitals,No,3,3 stars,2,2 stars,305,3 stars | 2 stars | 3 stars | 2 stars,"May 13, 2026",https://www.medicare.gov/care-compare/details/hospital/050597?city=Los%20Angeles&state=CA&zipcode=,2026-08-04T17:26:16.596775+00:00,Voluntary non-profit - Private,LOS ANGELES,8,6,0,6,0,8,6,2,4,0,11,6,1,5,0,15,15,10,7,3,0,3,0.166666667,0,40,Medium,Medium
50599,University of California Davis Medical Center,2315 Stockton Boulevard,Sacramento,CA,95817,(916) 734-2011,Acute Care Hospitals,Yes,4,4 stars,3,3 stars,1728,4 stars | 3 stars | 4 stars | 3 stars,"May 13, 2026",https://www.medicare.gov/care-compare/details/hospital/050599?city=San%20Francisco&state=CA&zipcode=,2026-08-04T18:16:56.958858+00:00,Government - Hospital District or Authority,SACRAMENTO,8,8,4,4,0,8,8,0,7,1,11,11,0,9,2,15,15,10,9,4,3,1,0.148148148,0.111111111,51,Large,High
50603,Memorialcare Saddleback Medical Center,24451 Health Center Drive,Laguna Hills,CA,92653,(949) 837-4500,Acute Care Hospitals,Yes,4,4 stars,3,3 stars,738,4 stars | 3 stars | 4 stars | 3 stars,"May 13, 2026",https://www.medicare.gov/care-compare/details/hospital/050603?city=Los%20Angeles&state=CA&zipcode=,2026-08-04T17:36:35.849341+00:00,Voluntary non-profit - Private,ORANGE,8,8,0,8,0,8,6,0,6,0,11,7,2,5,0,15,15,10,7,2,0,2,0.095238095,0,43,Large,High
50604,Kaiser Foundation Hospital-San Jose,250 Hospital Parkway,San Jose,CA,95119,(408) 972-7000,Acute Care Hospitals,Yes,3,3 stars,2,2 stars,265,3 stars | 2 stars | 3 stars | 2 stars,"May 13, 2026",https://www.medicare.gov/care-compare/details/hospital/050604?city=San%20Francisco&state=CA&zipcode=,2026-08-04T18:04:45.564012+00:00,Voluntary non-profit - Private,SANTA CLARA,8,3,0,3,0,8,6,1,5,0,11,2,0,2,0,15,15,10,4,1,0,1,0.090909091,0,30,Medium,Medium
50609,Kaiser Foundation Hospital - Orange County - Anaheim,3440 E LA Palma Ave,Anaheim,CA,92806,(714) 279-4000,Acute Care Hospitals,Yes,4,4 stars,4,4 stars,332,4 stars | 4 stars | 4 stars | 4 stars,"May 13, 2026",https://www.medicare.gov/care-compare/details/hospital/050609?city=Los%20Angeles&state=CA&zipcode=,2026-08-04T17:31:10.813446+00:00,Voluntary non-profit - Private,ORANGE,8,2,0,2,0,8,7,1,6,0,11,2,0,2,0,15,15,10,4,1,0,1,0.090909091,0,30,Medium,High
50624,Henry Mayo Newhall Hospital,23845 McBean Pkwy,Valencia,CA,91355,(661) 253-8000,Acute Care Hospitals,No,2,2 stars,3,3 stars,487,2 stars | 3 stars | 2 stars | 3 stars,"May 13, 2026",https://www.medicare.gov/care-compare/details/hospital/050624?city=Los%20Angeles&state=CA&zipcode=,2026-08-04T17:29:10.131184+00:00,Voluntary non-profit - Private,LOS ANGELES,8,7,0,7,0,8,6,1,5,0,11,7,0,4,3,15,15,10,9,1,3,-2,0.05,0.15,44,Medium,Low
50625,Cedars-Sinai Medical Center,8700 Beverly Blvd,Los Angeles,CA,90048,(310) 423-5000,Acute Care Hospitals,Yes,5,5 stars,3,3 stars,2710,5 stars | 3 stars | 5 stars | 3 stars,"May 13, 2026",https://www.medicare.gov/care-compare/details/hospital/050625?city=Los%20Angeles&state=CA&zipcode=,2026-08-04T17:21:29.117028+00:00,Voluntary non-profit - Other,LOS ANGELES,8,8,7,1,0,8,8,4,4,0,11,11,3,5,3,15,15,10,9,14,3,11,0.518518519,0.111111111,51,Large,High
50641,East Los Angeles Doctors Hospital,4060 Whittier Blvd,Los Angeles,CA,90023,(323) 268-5514,Acute Care Hospitals,Yes,1,1 stars,1,1 stars,68,1 stars | 1 stars | 1 stars | 1 stars,"May 13, 2026",https://www.medicare.gov/care-compare/details/hospital/050641?city=Los%20Angeles&state=CA&zipcode=,2026-08-04T17:26:04.176006+00:00,Proprietary,LOS ANGELES,8,3,0,3,0,8,2,0,2,0,11,3,1,2,0,15,15,10,7,1,0,1,0.125,0,30,Small,Low
50663,Los Angeles Community Hospital,4081 E Olympic Blvd,Los Angeles,CA,90023,(323) 267-0477,Acute Care Hospitals,Yes,3,3 stars,1,1 stars,143,3 stars | 1 stars | 3 stars | 1 stars,"May 13, 2026",https://www.medicare.gov/care-compare/details/hospital/050663?city=Los%20Angeles&state=CA&zipcode=,2026-08-04T17:34:58.713118+00:00,Proprietary,LOS ANGELES,8,5,3,2,0,8,4,2,2,0,11,5,1,4,0,15,10,10,6,6,0,6,0.428571429,0,30,Small,Medium
50668,Laguna Honda Hospital & Rehabilitation Center,375 Laguna Honda Blvd,San Francisco,CA,94116,(415) 759-2300,Acute Care Hospitals,No,,,,,65,,"May 13, 2026",https://www.medicare.gov/care-compare/details/hospital/050668?city=San%20Francisco&state=CA&zipcode=,2026-08-04T18:05:34.860333+00:00,Government - Local,SAN FRANCISCO,8,1,0,1,0,8,,,,,11,2,0,1,1,15,,10,3,0,1,-1,0,0.333333333,6,Small,
50674,Kaiser Foundation Hosp So Sacramento,6600 Bruceville Road,Sacramento,CA,95823,(916) 688-2000,Acute Care Hospitals,Yes,2,2 stars,3,3 stars,462,2 stars | 3 stars | 2 stars | 3 stars,"May 13, 2026",https://www.medicare.gov/care-compare/details/hospital/050674?city=San%20Francisco&state=CA&zipcode=,2026-08-04T18:01:47.479530+00:00,Voluntary non-profit - Private,SACRAMENTO,8,5,0,5,0,8,6,1,5,0,11,3,0,2,1,15,15,10,4,1,1,0,0.071428571,0.071428571,33,Medium,Low
50677,Kaiser Foundation Hospital - Woodland Hills,5601 DE Soto Avenue,Woodland Hills,CA,91367,(818) 719-3800,Acute Care Hospitals,No,4,4 stars,3,3 stars,243,4 stars | 3 stars | 4 stars | 3 stars,"May 13, 2026",https://www.medicare.gov/care-compare/details/hospital/050677?city=Los%20Angeles&state=CA&zipcode=,2026-08-04T17:32:10.315090+00:00,Voluntary non-profit - Private,LOS ANGELES,8,1,0,1,0,8,6,1,5,0,11,1,0,1,0,15,15,10,4,1,0,1,0.125,0,27,Medium,High
50678,Memorialcare Orange Coast Medical Center,9920 Talbert Avenue,Fountain Valley,CA,92708,(714) 378-7000,Acute Care Hospitals,Yes,4,4 stars,3,3 stars,591,4 stars | 3 stars | 4 stars | 3 stars,"May 13, 2026",https://www.medicare.gov/care-compare/details/hospital/050678?city=Los%20Angeles&state=CA&zipcode=,2026-08-04T17:36:23.776545+00:00,Proprietary,ORANGE,8,8,1,7,0,8,7,2,5,0,11,11,0,11,0,15,15,10,7,3,0,3,0.115384615,0,48,Large,High
50684,Menifee Global Medical Center,28400 McCall Boulevard,Sun City,CA,92585,(951) 679-8888,Acute Care Hospitals,Yes,1,1 stars,1,1 stars,66,1 stars | 1 stars,"May 13, 2026",https://www.medicare.gov/care-compare/details/hospital/050684?city=Los%20Angeles&state=CA&zipcode=,2026-08-04T17:36:47.735940+00:00,Proprietary,RIVERSIDE,8,2,0,2,0,8,2,1,1,0,11,2,0,1,1,15,15,10,5,1,1,0,0.166666667,0.166666667,26,Small,Low
50686,"Kaiser Foundation Hospital, Riverside",10800 Magnolia Avenue,Riverside,CA,92505,(951) 353-2000,Acute Care Hospitals,Yes,4,4 stars,4,4 stars,342,4 stars | 4 stars | 4 stars | 4 stars,"May 13, 2026",https://www.medicare.gov/care-compare/details/hospital/050686?city=Los%20Angeles&state=CA&zipcode=,2026-08-04T17:32:34.194931+00:00,Voluntary non-profit - Private,RIVERSIDE,8,1,0,1,0,8,6,1,5,0,11,1,0,1,0,15,15,10,4,1,0,1,0.125,0,27,Medium,High
50689,San Ramon Regional Medical Center,6001 Norris Canyon Road,San Ramon,CA,94583,(925) 275-9200,Acute Care Hospitals,Yes,4,4 stars,3,3 stars,327,4 stars | 3 stars | 4 stars | 3 stars,"May 13, 2026",https://www.medicare.gov/care-compare/details/hospital/050689?city=San%20Francisco&state=CA&zipcode=,2026-08-04T18:10:57.082365+00:00,Proprietary,CONTRA COSTA,8,6,0,6,0,8,4,0,4,0,11,8,0,7,1,15,15,10,8,0,1,-1,0,0.055555556,41,Medium,High
50690,Kaiser Foundation Hospital-Santa Rosa,401 Bicentennial Way,Santa Rosa,CA,95403,(707) 571-4000,Acute Care Hospitals,Yes,3,3 stars,3,3 stars,204,3 stars | 3 stars | 3 stars | 3 stars,"May 13, 2026",https://www.medicare.gov/care-compare/details/hospital/050690?city=San%20Francisco&state=CA&zipcode=,2026-08-04T18:05:09.266236+00:00,Voluntary non-profit - Private,SONOMA,8,1,0,1,0,8,6,2,4,0,11,1,0,1,0,15,15,10,4,2,0,2,0.25,0,27,Small,Medium
50696,Keck Hospital of USC,1500 San Pablo Street,Los Angeles,CA,90033,(323) 442-8656,Acute Care Hospitals,No,5,5 stars,4,4 stars,1135,5 stars | 4 stars | 5 stars | 4 stars,"May 13, 2026",https://www.medicare.gov/care-compare/details/hospital/050696?city=Los%20Angeles&state=CA&zipcode=,2026-08-04T17:32:58.055458+00:00,Voluntary non-profit - Other,LOS ANGELES,8,6,0,6,0,8,8,3,5,0,11,10,2,7,1,15,15,10,7,5,1,4,0.208333333,0.041666667,46,Large,High
50701,Southwest Healthcare Rancho Springs Hospital,25500 Medical Center Drive,Murrieta,CA,92562,(951) 696-6000,Acute Care Hospitals,Yes,3,3 stars,3,3 stars,302,3 stars | 3 stars | 3 stars | 3 stars,"May 13, 2026",https://www.medicare.gov/care-compare/details/hospital/050701?city=Los%20Angeles&state=CA&zipcode=,2026-08-04T17:46:11.373943+00:00,Proprietary,RIVERSIDE,8,7,0,7,0,8,7,2,5,0,11,6,1,4,1,15,15,10,7,3,1,2,0.15,0.05,42,Medium,Medium
50704,Mission Community Hospital,14850 Roscoe Blvd,Panorama City,CA,91402,(818) 904-3100,Acute Care Hospitals,No,3,3 stars,2,2 stars,126,3 stars | 2 stars | 3 stars | 2 stars,"May 13, 2026",https://www.medicare.gov/care-compare/details/hospital/050704?city=Los%20Angeles&state=CA&zipcode=,2026-08-04T17:37:00.073574+00:00,Voluntary non-profit - Private,LOS ANGELES,8,4,0,4,0,8,6,0,6,0,11,5,0,4,1,15,15,10,7,0,1,-1,0,0.066666667,37,Small,Medium
50709,Desert Valley Hospital,16850 Bear Valley Rd,Victorville,CA,92395,(760) 241-8000,Acute Care Hospitals,Yes,3,3 stars,2,2 stars,171,3 stars | 2 stars | 3 stars | 2 stars,"May 13, 2026",https://www.medicare.gov/care-compare/details/hospital/050709?city=Los%20Angeles&state=CA&zipcode=,2026-08-04T17:25:38.530538+00:00,Proprietary,SAN BERNARDINO,8,6,1,5,0,8,6,2,4,0,11,8,1,6,1,15,15,10,9,4,1,3,0.2,0.05,44,Small,Medium
50714,Sutter Maternity & Surgery Center of Santa Cruz,2900 Chanticleer Avenue,Santa Cruz,CA,95065,(831) 477-2200,Acute Care Hospitals,No,4,4 stars,4,4 stars,92,4 stars | 4 stars,"May 13, 2026",https://www.medicare.gov/care-compare/details/hospital/050714?city=San%20Francisco&state=CA&zipcode=,2026-08-04T18:14:30.931451+00:00,Voluntary non-profit - Private,SANTA CRUZ,8,1,0,1,0,8,2,0,2,0,11,4,0,4,0,15,15,10,3,0,0,0,0,0,25,Small,High
50717,LAC/Rancho Los Amigos National Rehabilitation Ctr,7601 East Imperial Highway,Downey,CA,90242,(562) 401-7022,Acute Care Hospitals,No,3,3 stars,3,3 stars,80,3 stars | 3 stars | 3 stars | 3 stars,"May 13, 2026",https://www.medicare.gov/care-compare/details/hospital/050717?city=Los%20Angeles&state=CA&zipcode=,2026-08-04T17:33:57.665566+00:00,Government - Local,LOS ANGELES,8,1,0,1,0,8,4,0,4,0,11,1,0,1,0,15,15,10,3,0,0,0,0,0,24,Small,Medium
50723,Kaiser Foundation Hospital - Baldwin Park,1011 Baldwin Park Blvd,Baldwin Park,CA,91706,(626) 851-1011,Acute Care Hospitals,No,3,3 stars,3,3 stars,317,3 stars | 3 stars | 3 stars | 3 stars,"May 13, 2026",https://www.medicare.gov/care-compare/details/hospital/050723?city=Los%20Angeles&state=CA&zipcode=,2026-08-04T17:30:35.122488+00:00,Voluntary non-profit - Other,LOS ANGELES,8,2,0,2,0,8,6,0,6,0,11,2,0,1,1,15,15,10,4,0,1,-1,0,0.1,29,Medium,Medium
50726,Stanislaus Surgical Hospital,1421 Oakdale Road,Modesto,CA,95355,(209) 572-2700,Acute Care Hospitals,No,,,,,,,"May 13, 2026",https://www.medicare.gov/care-compare/details/hospital/050726?city=San%20Francisco&state=CA&zipcode=,2026-08-04T18:13:17.049569+00:00,Voluntary non-profit - Private,STANISLAUS,8,,,,,8,2,0,2,0,11,3,0,3,0,15,5,10,2,0,0,0,0,0,12,Unknown,
50735,Whittier Hospital Medical Center,9080 Colima Rd,Whittier,CA,90605,(562) 945-3561,Acute Care Hospitals,Yes,4,4 stars,2,2 stars,104,4 stars | 2 stars | 4 stars | 2 stars,"May 13, 2026",https://www.medicare.gov/care-compare/details/hospital/050735?city=Los%20Angeles&state=CA&zipcode=,2026-08-04T17:50:25.674674+00:00,Proprietary,LOS ANGELES,8,4,0,4,0,8,5,0,5,0,11,5,0,4,1,15,15,10,7,0,1,-1,0,0.071428571,36,Small,High
50736,Monterey Park Hospital,900 S Atlantic Blvd,Monterey Park,CA,91754,(626) 570-9000,Acute Care Hospitals,No,2,2 stars,2,2 stars,83,2 stars | 2 stars | 2 stars | 2 stars,"May 13, 2026",https://www.medicare.gov/care-compare/details/hospital/050736?city=Los%20Angeles&state=CA&zipcode=,2026-08-04T17:37:25.478206+00:00,Proprietary,LOS ANGELES,8,3,0,3,0,8,2,0,2,0,11,4,0,2,2,15,15,10,7,0,2,-2,0,0.222222222,31,Small,Low
50737,Garfield Medical Center,525 N Garfield Ave,Monterey Park,CA,91754,(626) 573-2222,Acute Care Hospitals,Yes,1,1 stars,3,3 stars,218,1 stars | 3 stars | 1 stars | 3 stars,"May 13, 2026",https://www.medicare.gov/care-compare/details/hospital/050737?city=Los%20Angeles&state=CA&zipcode=,2026-08-04T17:27:18.393110+00:00,Proprietary,LOS ANGELES,8,7,0,6,1,8,6,1,5,0,11,8,0,5,3,15,15,10,7,1,4,-3,0.047619048,0.19047619,43,Small,Low
50738,Greater El Monte Community Hospital,1701 Santa Anita Ave,South El Monte,CA,91733,(626) 350-7975,Acute Care Hospitals,No,2,2 stars,3,3 stars,73,2 stars | 3 stars | 2 stars | 3 stars,"May 13, 2026",https://www.medicare.gov/care-compare/details/hospital/050738?city=Los%20Angeles&state=CA&zipcode=,2026-08-04T17:28:32.760978+00:00,Voluntary non-profit - Private,LOS ANGELES,8,4,0,4,0,8,4,0,4,0,11,4,0,3,1,15,10,10,6,0,1,-1,0,0.083333333,28,Small,Low
50739,Centinela Hospital Medical Center,555 East Hardy Street,Inglewood,CA,90301,(310) 673-4660,Acute Care Hospitals,No,2,2 stars,1,1 stars,186,2 stars | 1 stars | 2 stars | 1 stars,"May 13, 2026",https://www.medicare.gov/care-compare/details/hospital/050739?city=Los%20Angeles&state=CA&zipcode=,2026-08-04T17:21:40.972374+00:00,Proprietary,LOS ANGELES,8,7,2,5,0,8,6,2,4,0,11,5,0,2,3,15,15,10,7,4,3,1,0.222222222,0.166666667,40,Small,Low
50740,Cedar-Sinai Marina Del Rey Hospital,4650 Lincoln Blvd,Marina Del Rey,CA,90292,(310) 823-8911,Acute Care Hospitals,Yes,4,4 stars,2,2 stars,402,4 stars | 2 stars | 4 stars | 2 stars,"May 13, 2026",https://www.medicare.gov/care-compare/details/hospital/050740?city=Los%20Angeles&state=CA&zipcode=,2026-08-04T17:21:17.182897+00:00,Proprietary,LOS ANGELES,8,6,2,4,0,8,7,1,6,0,11,7,0,5,2,15,15,10,7,3,2,1,0.15,0.1,42,Medium,High
50744,Anaheim Global Medical Center,1025 S Anaheim Blvd,Anaheim,CA,92805,(714) 533-6220,Acute Care Hospitals,No,2,2 stars,2,2 stars,51,2 stars | 2 stars,"May 13, 2026",https://www.medicare.gov/care-compare/details/hospital/050744?city=Los%20Angeles&state=CA&zipcode=,2026-08-04T17:18:07.636419+00:00,Proprietary,ORANGE,8,2,0,2,0,8,3,1,2,0,11,3,0,3,0,15,5,10,5,1,0,1,0.125,0,18,Small,Low
50745,Chapman Global Medical Center,2601 E Chapman Ave,Orange,CA,92869,(714) 633-0011,Acute Care Hospitals,No,2,2 stars,2,2 stars,57,2 stars | 2 stars,"May 13, 2026",https://www.medicare.gov/care-compare/details/hospital/050745?city=Los%20Angeles&state=CA&zipcode=,2026-08-04T17:21:52.709786+00:00,Proprietary,ORANGE,8,2,0,2,0,8,3,0,3,0,11,4,0,3,1,15,15,10,5,0,1,-1,0,0.111111111,29,Small,Low
50746,Orange County Global Medical Center,1001 North Tustin Avenue,Santa Ana,CA,92705,(714) 953-3500,Acute Care Hospitals,Yes,2,2 stars,2,2 stars,122,2 stars | 2 stars | 2 stars | 2 stars,"May 13, 2026",https://www.medicare.gov/care-compare/details/hospital/050746?city=Los%20Angeles&state=CA&zipcode=,2026-08-04T17:38:27.273918+00:00,Proprietary,ORANGE,8,6,0,6,0,8,6,0,6,0,11,3,0,2,1,15,15,10,5,0,1,-1,0,0.066666667,35,Small,Low
50747,Coastal Communities Hospital,2701 S Bristol St,Santa Ana,CA,92704,(714) 754-5454,Acute Care Hospitals,Yes,1,1 stars,1,1 stars,52,1 stars | 1 stars,"May 13, 2026",https://www.medicare.gov/care-compare/details/hospital/050747?city=Los%20Angeles&state=CA&zipcode=,2026-08-04T17:23:06.741590+00:00,Proprietary,ORANGE,8,2,0,2,0,8,3,1,2,0,11,2,0,2,0,15,5,10,6,1,0,1,0.142857143,0,18,Small,Low
50748,Kaiser Foundation Hospital Manteca,1777 West Yosemite Ave,Manteca,CA,95337,(209) 825-3700,Acute Care Hospitals,Yes,4,4 stars,3,3 stars,308,4 stars | 3 stars | 4 stars | 3 stars,"May 13, 2026",https://www.medicare.gov/care-compare/details/hospital/050748?city=San%20Francisco&state=CA&zipcode=,2026-08-04T18:04:21.159231+00:00,Voluntary non-profit - Private,SAN JOAQUIN,8,1,0,1,0,8,6,2,4,0,11,1,0,1,0,15,15,10,4,2,0,2,0.25,0,27,Medium,High
50755,Sherman Oaks Hospital,4929 Van Nuys Blvd,Sherman Oaks,CA,91403,(818) 981-7111,Acute Care Hospitals,Yes,2,2 stars,1,1 stars,135,2 stars | 1 stars | 2 stars | 1 stars,"May 13, 2026",https://www.medicare.gov/care-compare/details/hospital/050755?city=Los%20Angeles&state=CA&zipcode=,2026-08-04T17:45:47.699765+00:00,Voluntary non-profit - Private,LOS ANGELES,8,6,1,5,0,8,4,1,3,0,11,5,0,3,2,15,15,10,6,2,2,0,0.133333333,0.133333333,36,Small,Low
50758,Montclair Hospital Medical Center,5000 San Bernardino Road,Montclair,CA,91763,(909) 625-8300,Acute Care Hospitals,Yes,3,3 stars,2,2 stars,112,3 stars | 2 stars | 3 stars | 2 stars,"May 13, 2026",https://www.medicare.gov/care-compare/details/hospital/050758?city=Los%20Angeles&state=CA&zipcode=,2026-08-04T17:37:12.096251+00:00,Voluntary non-profit - Private,SAN BERNARDINO,8,2,1,1,0,8,4,1,3,0,11,4,0,3,1,15,15,10,7,2,1,1,0.2,0.1,32,Small,Medium
50760,Kaiser Foundation Hospital - Antioch,4501 Sand Creek Road,Antioch,CA,94531,(925) 813-6500,Acute Care Hospitals,Yes,1,1 stars,3,3 stars,332,1 stars | 3 stars | 1 stars | 3 stars,"May 13, 2026",https://www.medicare.gov/care-compare/details/hospital/050760?city=San%20Francisco&state=CA&zipcode=,2026-08-04T18:02:11.105674+00:00,Voluntary non-profit - Private,CONTRA COSTA,8,4,0,4,0,8,6,1,5,0,11,2,0,1,1,15,15,10,4,1,1,0,0.083333333,0.083333333,31,Medium,Low
50761,Providence Cedars Sinai Tarzana Medical Center,18321 Clark Street,Tarzana,CA,91356,(818) 881-0800,Acute Care Hospitals,Yes,3,3 stars,3,3 stars,422,3 stars | 3 stars | 3 stars | 3 stars,"May 13, 2026",https://www.medicare.gov/care-compare/details/hospital/050761?city=Los%20Angeles&state=CA&zipcode=,2026-08-04T17:40:31.299924+00:00,Voluntary non-profit - Private,LOS ANGELES,8,8,2,6,0,8,8,0,8,0,11,8,0,5,3,15,15,10,7,2,3,-1,0.083333333,0.125,46,Medium,Medium
50763,L A Downtown Medical Center,1711 West Temple Street,Los Angeles,CA,90026,(213) 989-6123,Acute Care Hospitals,No,3,3 stars,3,3 stars,97,3 stars | 3 stars,"May 13, 2026",https://www.medicare.gov/care-compare/details/hospital/050763?city=Los%20Angeles&state=CA&zipcode=,2026-08-04T17:33:09.959165+00:00,Proprietary,LOS ANGELES,8,4,1,3,0,8,3,0,3,0,11,4,0,2,2,15,,10,3,1,2,-1,0.090909091,0.181818182,14,Small,Medium
50765,Kaiser Foundation Hospital-Moreno Valley,27300 Iris Avenue,Moreno Valley,CA,92555,(951) 251-6530,Acute Care Hospitals,Yes,4,4 stars,3,3 stars,164,4 stars | 3 stars | 4 stars | 3 stars,"May 13, 2026",https://www.medicare.gov/care-compare/details/hospital/050765?city=Los%20Angeles&state=CA&zipcode=,2026-08-04T17:32:46.115565+00:00,Voluntary non-profit - Private,RIVERSIDE,8,1,0,1,0,8,6,1,5,0,11,1,0,1,0,15,15,10,3,1,0,1,0.125,0,26,Small,High
50767,Kaiser Foundation Hospital - Vacaville,1 Quality Drive,Vacaville,CA,95688,(707) 624-4000,Acute Care Hospitals,Yes,4,4 stars,3,3 stars,275,4 stars | 3 stars | 4 stars | 3 stars,"May 13, 2026",https://www.medicare.gov/care-compare/details/hospital/050767?city=San%20Francisco&state=CA&zipcode=,2026-08-04T18:03:57.561500+00:00,Voluntary non-profit - Private,SOLANO,8,1,0,1,0,8,6,0,6,0,11,1,0,1,0,15,15,10,4,0,0,0,0,0,27,Medium,High
50769,Hoag Orthopedic Institute,16250 Sand Canyon Avenue,Irvine,CA,92618,(949) 727-5000,Acute Care Hospitals,No,5,5 stars,5,5 stars,246,5 stars | 5 stars,"May 13, 2026",https://www.medicare.gov/care-compare/details/hospital/050769?city=Los%20Angeles&state=CA&zipcode=,2026-08-04T17:29:33.856326+00:00,Proprietary,ORANGE,8,2,0,2,0,8,2,0,2,0,11,3,0,2,1,15,15,10,2,0,1,-1,0,0.142857143,24,Medium,High
50770,Loma Linda University Medical Center-Murrieta,28062 Baxter Road,Murrieta,CA,92563,(951) 290-4000,Acute Care Hospitals,Yes,2,2 stars,2,2 stars,320,2 stars | 2 stars | 2 stars | 2 stars,"May 13, 2026",https://www.medicare.gov/care-compare/details/hospital/050770?city=Los%20Angeles&state=CA&zipcode=,2026-08-04T17:34:33.758464+00:00,Voluntary non-profit - Private,RIVERSIDE,8,8,0,8,0,8,6,1,5,0,11,7,0,4,3,15,15,10,6,1,3,-2,0.047619048,0.142857143,42,Medium,Low
50771,Coast Plaza Hospital,13100 Studerbaker Road,Norwalk,CA,90650,(562) 868-3751,Acute Care Hospitals,Yes,1,1 stars,1,1 stars,81,1 stars | 1 stars | 1 stars | 1 stars,"May 13, 2026",https://www.medicare.gov/care-compare/details/hospital/050771?city=Los%20Angeles&state=CA&zipcode=,2026-08-04T17:22:54.869485+00:00,Proprietary,LOS ANGELES,8,3,0,3,0,8,2,0,2,0,11,3,0,3,0,15,5,10,5,0,0,0,0,0,18,Small,Low
50772,Kaiser Foundation Hospital - Roseville,1600 Eureka Road,Roseville,CA,95661,(916) 784-4000,Acute Care Hospitals,Yes,4,4 stars,3,3 stars,437,4 stars | 3 stars | 4 stars | 3 stars,"May 13, 2026",https://www.medicare.gov/care-compare/details/hospital/050772?city=San%20Francisco&state=CA&zipcode=,2026-08-04T18:02:58.337239+00:00,Voluntary non-profit - Private,PLACER,8,2,0,2,0,8,6,3,3,0,11,1,0,1,0,15,15,10,4,3,0,3,0.333333333,0,28,Medium,High
50775,Temecula Valley Hospital,31700 Temecula Pkwy,Temecula,CA,92592,(951) 331-2200,Acute Care Hospitals,Yes,4,4 stars,3,3 stars,273,4 stars | 3 stars | 4 stars | 3 stars,"May 13, 2026",https://www.medicare.gov/care-compare/details/hospital/050775?city=Los%20Angeles&state=CA&zipcode=,2026-08-04T17:47:12.794235+00:00,Proprietary,RIVERSIDE,8,8,0,8,0,8,7,1,6,0,11,8,1,6,1,15,15,10,8,2,1,1,0.086956522,0.043478261,46,Medium,High
50776,College Medical Center,2776 Pacific Avenue,Long Beach,CA,90806,(562) 595-1911,Acute Care Hospitals,Yes,3,3 stars,3,3 stars,91,3 stars | 3 stars,"May 13, 2026",https://www.medicare.gov/care-compare/details/hospital/050776?city=Los%20Angeles&state=CA&zipcode=,2026-08-04T17:23:44.340943+00:00,Proprietary,LOS ANGELES,8,3,0,3,0,8,4,1,3,0,11,5,0,5,0,15,,10,7,1,0,1,0.083333333,0,19,Small,Medium
50777,Kaiser Foundation Hospital - San Leandro,2500 Merced Street,San Leandro,CA,94577,(510) 454-1000,Acute Care Hospitals,Yes,2,2 stars,3,3 stars,311,2 stars | 3 stars | 2 stars | 3 stars,"May 13, 2026",https://www.medicare.gov/care-compare/details/hospital/050777?city=San%20Francisco&state=CA&zipcode=,2026-08-04T18:03:33.885767+00:00,Voluntary non-profit - Private,ALAMEDA,8,1,0,1,0,8,6,1,5,0,11,2,0,1,1,15,15,10,4,1,1,0,0.111111111,0.111111111,28,Medium,Low
50778,Loma Linda University Children's Hospital,11234 Anderson Street Suite A,Loma Linda,CA,92354,(909) 558-8000,Acute Care Hospitals,No,3,3 stars,3,3 stars,21,3 stars | 3 stars | 3 stars | 3 stars,"May 13, 2026",https://www.medicare.gov/care-compare/details/hospital/050778?city=Los%20Angeles&state=CA&zipcode=,2026-08-04T17:34:09.790297+00:00,Voluntary non-profit - Church,SAN BERNARDINO,8,,,,,8,4,2,2,0,11,,,,,15,10,10,5,2,0,2,0.5,0,19,Small,Medium
50779,"Martin Luther King, Jr. Community Hospital",1680 East 120th Street,Los Angeles,CA,90059,(424) 835-6808,Acute Care Hospitals,Yes,4,4 stars,3,3 stars,289,4 stars | 3 stars | 4 stars | 3 stars,"May 13, 2026",https://www.medicare.gov/care-compare/details/hospital/050779?city=Los%20Angeles&state=CA&zipcode=,2026-08-04T17:35:35.095710+00:00,Voluntary non-profit - Private,LOS ANGELES,8,4,0,4,0,8,5,2,3,0,11,4,1,2,1,15,10,10,7,3,1,2,0.230769231,0.076923077,30,Medium,High
50780,Foothill Regional Medical Center,14662 Newport Ave,Tustin,CA,92780,(714) 619-7700,Acute Care Hospitals,No,3,3 stars,1,1 stars,101,3 stars | 1 stars | 3 stars | 1 stars,"May 13, 2026",https://www.medicare.gov/care-compare/details/hospital/050780?city=Los%20Angeles&state=CA&zipcode=,2026-08-04T17:26:53.623671+00:00,Proprietary,ORANGE,8,3,1,2,0,8,2,1,1,0,11,4,1,3,0,15,10,10,5,3,0,3,0.333333333,0,24,Small,Medium
50782,Casa Colina Hospital,255 E Bonita Ave,Pomona,CA,91767,(909) 596-7733,Acute Care Hospitals,No,,,,,264,,"May 13, 2026",https://www.medicare.gov/care-compare/details/hospital/050782?city=Los%20Angeles&state=CA&zipcode=,2026-08-04T17:20:52.514746+00:00,Voluntary non-profit - Private,LOS ANGELES,8,2,0,2,0,8,2,0,2,0,11,5,0,5,0,15,15,10,3,0,0,0,0,0,27,Medium,
50785,Docs Surgical Hospital,6000 San Vicente Blvd,Los Angeles,CA,90036,(323) 930-1040,Acute Care Hospitals,No,,,,,,,"May 13, 2026",https://www.medicare.gov/care-compare/details/hospital/050785?city=Los%20Angeles&state=CA&zipcode=,2026-08-04T17:25:51.893394+00:00,Physician,LOS ANGELES,8,1,0,1,0,8,2,0,2,0,11,2,0,2,0,15,10,10,1,0,0,0,0,0,16,Unknown,
50854,"Anaheim Community Hospital, LLC",3350 W Ball Rd,Anaheim,CA,92804,(248) 905-5091,Acute Care Hospitals,No,,,,,34,,"May 13, 2026",https://www.medicare.gov/care-compare/details/hospital/050854?city=Los%20Angeles&state=CA&zipcode=,2026-08-04T17:17:55.093385+00:00,Proprietary,ORANGE,8,,,,,8,,,,,11,,,,,15,,10,,,,,,,,Small,
50855,Kaiser Foundation Hospital - San Marcos,360 Rush Dr,San Marcos,CA,92078,(760) 528-6295,Acute Care Hospitals,Yes,4,4 stars,4,4 stars,229,4 stars | 4 stars | 4 stars | 4 stars,"May 13, 2026",https://www.medicare.gov/care-compare/details/hospital/050855?city=Los%20Angeles&state=CA&zipcode=,2026-08-04T17:31:34.767653+00:00,Voluntary non-profit - Private,SAN DIEGO,8,1,0,1,0,8,6,0,6,0,11,1,0,1,0,15,5,10,3,0,0,0,0,0,16,Small,High
05127F,Loma Linda VA Medical Center,11201 Benton Street,Loma Linda,CA,92357,(909) 825-7084,Acute Care - Veterans Administration,Yes,3,3 stars,3,3 stars,,3 stars | 3 stars | 3 stars | 3 stars,"May 13, 2026",https://www.medicare.gov/care-compare/details/hospital/05127F?city=Los%20Angeles&state=CA&zipcode=,2026-08-04T17:34:46.196562+00:00,Veterans Health Administration,SAN BERNARDINO,8,5,1,4,0,8,4,1,3,0,11,6,0,5,1,15,10,10,5,2,1,1,0.133333333,0.066666667,30,Unknown,Medium
05128F,VA Greater Los Angeles Healthcare System,11301 Wilshire Blvd.,Los Angeles,CA,90073,(310) 478-3711,Acute Care - Veterans Administration,Yes,3,3 stars,3,3 stars,,3 stars | 3 stars | 3 stars | 3 stars,"May 13, 2026",https://www.medicare.gov/care-compare/details/hospital/05128F?city=Los%20Angeles&state=CA&zipcode=,2026-08-04T17:49:12.437246+00:00,Veterans Health Administration,LOS ANGELES,8,5,2,3,0,8,4,0,4,0,11,6,0,2,4,15,10,10,5,2,4,-2,0.133333333,0.266666667,30,Unknown,Medium
51301,Adventist Health Tehachapi Valley,1100 Magellan,Tehachapi,CA,93561,(661) 868-6800,Critical Access Hospitals,Yes,3,3 stars,5,5 stars,188,3 stars | 5 stars | 3 stars | 5 stars,"May 13, 2026",https://www.medicare.gov/care-compare/details/hospital/051301?city=Los%20Angeles&state=CA&zipcode=,2026-08-04T17:16:41.530553+00:00,Voluntary non-profit - Private,KERN,8,3,0,3,0,8,2,0,2,0,11,4,0,3,1,15,15,10,5,0,1,-1,0,0.111111111,29,Small,Medium
51307,Catalina Island Medical Center,100 Falls Canyon Road,Avalon,CA,90704,(310) 510-0700,Critical Access Hospitals,Yes,,,,,37,,"May 13, 2026",https://www.medicare.gov/care-compare/details/hospital/051307?city=Los%20Angeles&state=CA&zipcode=,2026-08-04T17:21:05.296284+00:00,Voluntary non-profit - Private,LOS ANGELES,8,,,,,8,,,,,11,,,,,15,,10,3,,,,,,3,Small,
05130F,San Francisco VA Medical Center,4150 Clement Street,San Francisco,CA,94121,(415) 221-4810,Acute Care - Veterans Administration,Yes,4,4 stars,4,4 stars,,4 stars | 4 stars | 4 stars | 4 stars,"May 13, 2026",https://www.medicare.gov/care-compare/details/hospital/05130F?city=San%20Francisco&state=CA&zipcode=,2026-08-04T18:10:06.380249+00:00,Veterans Health Administration,SAN FRANCISCO,8,5,2,3,0,8,4,0,4,0,11,6,0,4,2,15,10,10,5,2,2,0,0.133333333,0.133333333,30,Unknown,High
51312,Mountains Community Hospital,29101 Hospital Road,Lake Arrowhead,CA,92352,(909) 336-3651,Critical Access Hospitals,Yes,,,,,60,,"May 13, 2026",https://www.medicare.gov/care-compare/details/hospital/051312?city=Los%20Angeles&state=CA&zipcode=,2026-08-04T17:37:38.483675+00:00,Government - Hospital District or Authority,SAN BERNARDINO,8,1,0,1,0,8,,,,,11,1,0,1,0,15,,10,5,0,0,0,0,0,7,Small,
51317,Adventist Health Clearlake,15630 18th Ave - Hwy 53,Clearlake,CA,95422,(707) 994-6486,Critical Access Hospitals,Yes,2,2 stars,3,3 stars,445,2 stars | 3 stars | 2 stars | 3 stars,"May 13, 2026",https://www.medicare.gov/care-compare/details/hospital/051317?city=San%20Francisco&state=CA&zipcode=,2026-08-04T17:54:43.891463+00:00,Voluntary non-profit - Private,LAKE,8,5,0,5,0,8,2,0,2,0,11,6,0,6,0,15,15,10,8,0,0,0,0,0,36,Medium,Low
51321,Healdsburg Hospital,1375 University Avenue,Healdsburg,CA,95448,(707) 431-6500,Critical Access Hospitals,Yes,,,,,216,,"May 13, 2026",https://www.medicare.gov/care-compare/details/hospital/051321?city=San%20Francisco&state=CA&zipcode=,2026-08-04T18:00:20.916741+00:00,Voluntary non-profit - Private,SONOMA,8,2,0,2,0,8,,,,,11,3,0,2,1,15,5,10,5,0,1,-1,0,0.2,15,Small,
51329,Sutter Lakeside Hospital,5176 Hill Road East,Lakeport,CA,95453,(707) 262-5000,Critical Access Hospitals,Yes,4,4 stars,4,4 stars,262,4 stars | 4 stars | 4 stars | 4 stars,"May 13, 2026",https://www.medicare.gov/care-compare/details/hospital/051329?city=San%20Francisco&state=CA&zipcode=,2026-08-04T18:14:19.075766+00:00,Voluntary non-profit - Private,LAKE,8,4,0,4,0,8,1,0,1,0,11,6,1,5,0,15,15,10,9,1,0,1,0.090909091,0,35,Medium,High
51332,Mark Twain Medical Center,768 Mountain Ranch Rd,San Andreas,CA,95249,(209) 754-3521,Critical Access Hospitals,No,3,3 stars,4,4 stars,199,3 stars | 4 stars | 3 stars | 4 stars,"May 13, 2026",https://www.medicare.gov/care-compare/details/hospital/051332?city=San%20Francisco&state=CA&zipcode=,2026-08-04T18:06:12.787985+00:00,Voluntary non-profit - Other,CALAVERAS,8,5,0,5,0,8,,,,,11,8,0,7,1,15,15,10,7,0,1,-1,0,0.076923077,35,Small,Medium
51334,Community Memorial Hospital - Ojai,1306 Maricopa Hwy,Ojai,CA,93023,(805) 646-1401,Critical Access Hospitals,Yes,,,,,223,,"May 13, 2026",https://www.medicare.gov/care-compare/details/hospital/051334?city=Los%20Angeles&state=CA&zipcode=,2026-08-04T17:24:21.170759+00:00,Voluntary non-profit - Private,VENTURA,8,1,0,1,0,8,,,,,11,1,0,1,0,15,,10,3,0,0,0,0,0,5,Small,
51335,Bear Valley Community Hospital,41870 Garstin Dr,Big Bear Lake,CA,92315,(909) 866-6501,Critical Access Hospitals,Yes,,,,,70,,"May 13, 2026",https://www.medicare.gov/care-compare/details/hospital/051335?city=Los%20Angeles&state=CA&zipcode=,2026-08-04T17:20:14.806679+00:00,Government - Hospital District or Authority,SAN BERNARDINO,8,,,,,8,,,,,11,,,,,15,,10,5,,,,,,5,Small,
51337,Hazel Hawkins Memorial Hospital,911 Sunset Drive,Hollister,CA,95032,(831) 637-5711,Critical Access Hospitals,Yes,,,,,192,,"May 13, 2026",https://www.medicare.gov/care-compare/details/hospital/051337?city=San%20Francisco&state=CA&zipcode=,2026-08-04T18:00:08.109171+00:00,Government - Hospital District or Authority,SANTA CLARA,8,,,,,8,,,,,11,2,0,2,0,15,5,10,3,0,0,0,0,0,10,Small,
53301,UCSF Benioff Children's Hospital Oakland,747 52nd Street,Oakland,CA,94609,(510) 428-3000,Childrens,Yes,,,,,15,,"May 13, 2026",https://www.medicare.gov/care-compare/details/hospital/053301?city=San%20Francisco&state=CA&zipcode=,2026-08-04T18:15:56.366799+00:00,Voluntary non-profit - Private,ALAMEDA,,,,,,,,,,,,,,,,,,,,,,,,,,Small,
53302,Children's Hosp of Los Angeles,"4650 Sunset Blvd, MS 108",Los Angeles,CA,90027,(323) 669-2164,Childrens,Yes,,,,,72,,"May 13, 2026",https://www.medicare.gov/care-compare/details/hospital/053302?city=Los%20Angeles&state=CA&zipcode=,2026-08-04T17:22:05.507184+00:00,Voluntary non-profit - Private,LOS ANGELES,,,,,,,,,,,,,,,,,,,,,,,,,,Small,
53304,Children's Hospital of Orange County,1201 W LA Veta Ave,Orange,CA,92868,(714) 997-3000,Childrens,No,,,,,9,,"May 13, 2026",https://www.medicare.gov/care-compare/details/hospital/053304?city=Los%20Angeles&state=CA&zipcode=,2026-08-04T17:22:31.169919+00:00,Voluntary non-profit - Other,ORANGE,,,,,,,,,,,,,,,,,,,,,,,,,,Small,
53305,Lucile Salter Packard Children's Hsp at Stanford,725 Welch Road,Palo Alto,CA,94304,(650) 497-8000,Childrens,No,,,,,51,,"May 13, 2026",https://www.medicare.gov/care-compare/details/hospital/053305?city=San%20Francisco&state=CA&zipcode=,2026-08-04T18:05:48.112759+00:00,Voluntary non-profit - Private,SANTA CLARA,,,,,,,,,,,,,,,,,,,,,,,,,,Small,
53306,Children's Hospital at Mission,"27700 Medical Center Rd, 5th Floor",Mission Viejo,CA,92691,(949) 365-2408,Childrens,Yes,,,,,,,"May 13, 2026",https://www.medicare.gov/care-compare/details/hospital/053306?city=Los%20Angeles&state=CA&zipcode=,2026-08-04T17:22:18.258194+00:00,Voluntary non-profit - Private,ORANGE,,,,,,,,,,,,,,,,,,,,,,,,,,Unknown,
53308,Healthbridge Children's Hospital - Orange,393 S Tustin Street,Orange,CA,92866,(714) 289-2400,Childrens,No,,,,,,,"May 13, 2026",https://www.medicare.gov/care-compare/details/hospital/053308?city=Los%20Angeles&state=CA&zipcode=,2026-08-04T17:28:45.582378+00:00,Proprietary,ORANGE,,,,,,,,,,,,,,,,,,,,,,,,,,Unknown,
53309,Memorial Care Miller Children's & Women's Hosp Lb,2801 Atlantic Avenue,Long Beach,CA,90806,(562) 933-8001,Childrens,No,,,,,7,,"May 13, 2026",https://www.medicare.gov/care-compare/details/hospital/053309?city=Los%20Angeles&state=CA&zipcode=,2026-08-04T17:35:47.986472+00:00,Voluntary non-profit - Other,LOS ANGELES,,,,,,,,,,,,,,,,,,,,,,,,,,Small,
53311,Shriners Hospitals for Children Northern Calif,2425 Stockton Boulevard,Sacramento,CA,95817,(916) 453-2000,Childrens,No,,,,,,,"May 13, 2026",https://www.medicare.gov/care-compare/details/hospital/053311?city=San%20Francisco&state=CA&zipcode=,2026-08-04T18:11:48.342890+00:00,Voluntary non-profit - Private,SACRAMENTO,,,,,,,,,,,,,,,,,,,,,,,,,,Unknown,
54009,Resnick Neuropsychiatric Hospital at Ucla,150 Medical Plaza-Rm-4230c,Los Angeles,CA,90095,(310) 825-6962,Psychiatric,Yes,,,,,,,"May 13, 2026",https://www.medicare.gov/care-compare/details/hospital/054009?city=Los%20Angeles&state=CA&zipcode=,2026-08-04T17:42:32.051114+00:00,Government - State,LOS ANGELES,,,,,,,,,,,,,,,,,,,,,,,,,,Unknown,
54028,Gateways Hosp Mental Health Ctr,1891 Effie St,Los Angeles,CA,90026,(213) 666-0171,Psychiatric,No,,,,,,,"May 13, 2026",https://www.medicare.gov/care-compare/details/hospital/054028?city=Los%20Angeles&state=CA&zipcode=,2026-08-04T17:27:32.130016+00:00,Proprietary,LOS ANGELES,,,,,,,,,,,,,,,,,,,,,,,,,,Unknown,
54032,BHC Alhambra Hospital,4619 N Rosemead Blvd,Rosemead,CA,91770,(626) 286-1191,Psychiatric,No,,,,,,,"May 13, 2026",https://www.medicare.gov/care-compare/details/hospital/054032?city=Los%20Angeles&state=CA&zipcode=,2026-08-04T17:19:36.398896+00:00,Proprietary,LOS ANGELES,,,,,,,,,,,,,,,,,,,,,,,,,,Unknown,
54053,Del Amo Hospital,23700 Camino Del Sol,Torrance,CA,90505,(310) 530-1151,Psychiatric,Yes,,,,,,,"May 13, 2026",https://www.medicare.gov/care-compare/details/hospital/054053?city=Los%20Angeles&state=CA&zipcode=,2026-08-04T17:24:59.787240+00:00,Proprietary,LOS ANGELES,,,,,,,,,,,,,,,,,,,,,,,,,,Unknown,
54055,College Hospital,10802 College Pl,Cerritos,CA,90703,(562) 924-9581,Psychiatric,No,,,,,,,"May 13, 2026",https://www.medicare.gov/care-compare/details/hospital/054055?city=Los%20Angeles&state=CA&zipcode=,2026-08-04T17:23:19.700160+00:00,Proprietary,LOS ANGELES,,,,,,,,,,,,,,,,,,,,,,,,,,Unknown,
54069,Aurora Charter Oak,1161 E Covina Blvd,Covina,CA,91724,(626) 966-1632,Psychiatric,Yes,,,,,,,"May 13, 2026",https://www.medicare.gov/care-compare/details/hospital/054069?city=Los%20Angeles&state=CA&zipcode=,2026-08-04T17:18:44.985724+00:00,Voluntary non-profit - Church,LOS ANGELES,,,,,,,,,,,,,,,,,,,,,,,,,,Unknown,
54074,Adventist Health Vallejo,525 Oregon St,Vallejo,CA,94590,(707) 648-2200,Psychiatric,No,,,,,,,"May 13, 2026",https://www.medicare.gov/care-compare/details/hospital/054074?city=San%20Francisco&state=CA&zipcode=,2026-08-04T17:55:20.857464+00:00,Voluntary non-profit - Private,SOLANO,,,,,,,,,,,,,,,,,,,,,,,,,,Unknown,
54077,Aurora Vista Del Mar Hospital,801 Seneca St,Ventura,CA,93001,(805) 653-6434,Psychiatric,No,,,,,,,"May 13, 2026",https://www.medicare.gov/care-compare/details/hospital/054077?city=Los%20Angeles&state=CA&zipcode=,2026-08-04T17:19:23.489824+00:00,Proprietary,VENTURA,,,,,,,,,,,,,,,,,,,,,,,,,,Unknown,
54078,Aurora Las Encinas,2900 E Del Mar Blvd,Pasadena,CA,91107,(626) 795-9901,Psychiatric,No,,,,,,,"May 13, 2026",https://www.medicare.gov/care-compare/details/hospital/054078?city=Los%20Angeles&state=CA&zipcode=,2026-08-04T17:18:57.836776+00:00,Proprietary,LOS ANGELES,,,,,,,,,,,,,,,,,,,,,,,,,,Unknown,
54087,"BHC Sierra Vista Hospital, Inc",8001 Bruceville Road,Sacramento,CA,95823,(916) 423-2000,Psychiatric,No,,,,,,,"May 13, 2026",https://www.medicare.gov/care-compare/details/hospital/054087?city=San%20Francisco&state=CA&zipcode=,2026-08-04T17:56:51.011257+00:00,Proprietary,SACRAMENTO,,,,,,,,,,,,,,,,,,,,,,,,,,Unknown,
54089,Jewish Home & Rehab Center,302 Silver Avenue,San Francisco,CA,94112,(415) 334-2500,Psychiatric,No,,,,,,,"May 13, 2026",https://www.medicare.gov/care-compare/details/hospital/054089?city=San%20Francisco&state=CA&zipcode=,2026-08-04T18:00:59.073332+00:00,Voluntary non-profit - Private,SAN FRANCISCO,,,,,,,,,,,,,,,,,,,,,,,,,,Unknown,
54095,Aurora San Diego,11878 Avenue of Industry,San Diego,CA,92128,(858) 487-3200,Psychiatric,No,,,,,,,"May 13, 2026",https://www.medicare.gov/care-compare/details/hospital/054095?city=Los%20Angeles&state=CA&zipcode=,2026-08-04T17:19:10.689195+00:00,Proprietary,SAN DIEGO,,,,,,,,,,,,,,,,,,,,,,,,,,Unknown,
54096,Sutter Center for Psychiatry,7700 Folsom Blvd,Sacramento,CA,95826,(916) 386-3000,Psychiatric,No,,,,,,,"May 13, 2026",https://www.medicare.gov/care-compare/details/hospital/054096?city=San%20Francisco&state=CA&zipcode=,2026-08-04T18:13:42.603777+00:00,Voluntary non-profit - Private,SACRAMENTO,,,,,,,,,,,,,,,,,,,,,,,,,,Unknown,
54104,Heritage Oaks Hospital,4250 Auburn Blvd,Sacramento,CA,95841,(916) 489-3336,Psychiatric,Yes,,,,,,,"May 13, 2026",https://www.medicare.gov/care-compare/details/hospital/054104?city=San%20Francisco&state=CA&zipcode=,2026-08-04T18:00:33.852084+00:00,Proprietary,SACRAMENTO,,,,,,,,,,,,,,,,,,,,,,,,,,Unknown,
54110,BHC Fremont Hospital Inc,39001 Sundale Drive,Fremont,CA,94538,(510) 796-1100,Psychiatric,No,,,,,,,"May 13, 2026",https://www.medicare.gov/care-compare/details/hospital/054110?city=San%20Francisco&state=CA&zipcode=,2026-08-04T17:56:37.621573+00:00,Proprietary,ALAMEDA,,,,,,,,,,,,,,,,,,,,,,,,,,Unknown,
54111,Canyon Ridge Hospital,5353 G Street,Chino,CA,91710,(909) 590-3700,Psychiatric,No,,,,,,,"May 13, 2026",https://www.medicare.gov/care-compare/details/hospital/054111?city=Los%20Angeles&state=CA&zipcode=,2026-08-04T17:20:39.691693+00:00,Proprietary,SAN BERNARDINO,,,,,,,,,,,,,,,,,,,,,,,,,,Unknown,
54122,Dept of State Hospitals - Napa,2100 Napa Vallejo Highway,Napa,CA,94558,(707) 253-5000,Psychiatric,No,,,,,,,"May 13, 2026",https://www.medicare.gov/care-compare/details/hospital/054122?city=San%20Francisco&state=CA&zipcode=,2026-08-04T17:58:32.088297+00:00,Government - State,NAPA,,,,,,,,,,,,,,,,,,,,,,,,,,Unknown,
54123,St Joseph's Behavioral Health Center,2510 N California St,Stockton,CA,95204,(209) 461-2000,Psychiatric,No,,,,,,,"May 13, 2026",https://www.medicare.gov/care-compare/details/hospital/054123?city=San%20Francisco&state=CA&zipcode=,2026-08-04T18:12:14.666120+00:00,Voluntary non-profit - Private,SAN JOAQUIN,,,,,,,,,,,,,,,,,,,,,,,,,,Unknown,
54125,Santa Barbara County Psychiatric Health Facility,315 Camino Del Remedio,Santa Barbara,CA,93110,(805) 681-5244,Psychiatric,No,,,,,,,"May 13, 2026",https://www.medicare.gov/care-compare/details/hospital/054125?city=Los%20Angeles&state=CA&zipcode=,2026-08-04T17:44:46.209077+00:00,Government - Local,SANTA BARBARA,,,,,,,,,,,,,,,,,,,,,,,,,,Unknown,
54130,Pacific Grove Hospital,5900 Brockton Ave,Riverside,CA,92506,(951) 275-8400,Psychiatric,No,,,,,,,"May 13, 2026",https://www.medicare.gov/care-compare/details/hospital/054130?city=Los%20Angeles&state=CA&zipcode=,2026-08-04T17:38:40.149674+00:00,Proprietary,RIVERSIDE,,,,,,,,,,,,,,,,,,,,,,,,,,Unknown,
54131,John Muir Behavioral Health Center,2740 Grant Street,Concord,CA,94520,(925) 674-4101,Psychiatric,Yes,,,,,,,"May 13, 2026",https://www.medicare.gov/care-compare/details/hospital/054131?city=San%20Francisco&state=CA&zipcode=,2026-08-04T18:01:11.834223+00:00,Voluntary non-profit - Private,CONTRA COSTA,,,,,,,,,,,,,,,,,,,,,,,,,,Unknown,
54133,Dept of State Hospitals - Metropolitan - Psy,11401 S Norwalk Blvd,Norwalk,CA,90650,(562) 863-7011,Psychiatric,Yes,,,,,,,"May 13, 2026",https://www.medicare.gov/care-compare/details/hospital/054133?city=Los%20Angeles&state=CA&zipcode=,2026-08-04T17:25:13.540546+00:00,Government - State,LOS ANGELES,,,,,,,,,,,,,,,,,,,,,,,,,,Unknown,
54144,UCSF Langley Porter Psychiatric Hospital and Clinics,"1600 Divisadero Street, 7th Floor",San Francisco,CA,94143,(415) 476-7000,Psychiatric,No,,,,,,,"May 13, 2026",https://www.medicare.gov/care-compare/details/hospital/054144?city=San%20Francisco&state=CA&zipcode=,2026-08-04T18:16:33.027879+00:00,Government - State,SAN FRANCISCO,,,,,,,,,,,,,,,,,,,,,,,,,,Unknown,
54146,Telecare Heritage Psychiatric Health Facility,"2633 E 27th Street, Building B",Oakland,CA,94601,(510) 535-5115,Psychiatric,No,,,,,,,"May 13, 2026",https://www.medicare.gov/care-compare/details/hospital/054146?city=San%20Francisco&state=CA&zipcode=,2026-08-04T18:15:43.488464+00:00,Proprietary,ALAMEDA,,,,,,,,,,,,,,,,,,,,,,,,,,Unknown,
54147,Joyce Eisenberg Keefer Medical Center,7150 Tampa Avenue,Reseda,CA,91335,(818) 774-3314,Psychiatric,No,,,,,,,"May 13, 2026",https://www.medicare.gov/care-compare/details/hospital/054147?city=Los%20Angeles&state=CA&zipcode=,2026-08-04T17:30:23.167885+00:00,Voluntary non-profit - Private,LOS ANGELES,,,,,,,,,,,,,,,,,,,,,,,,,,Unknown,
54148,Tarzana Treatment Center,18646 Oxnard Street,Tarzana,CA,91356,(818) 996-1051,Psychiatric,No,,,,,,,"May 13, 2026",https://www.medicare.gov/care-compare/details/hospital/054148?city=Los%20Angeles&state=CA&zipcode=,2026-08-04T17:47:00.225300+00:00,Voluntary non-profit - Private,LOS ANGELES,,,,,,,,,,,,,,,,,,,,,,,,,,Unknown,
54149,Willow Rock Center,2050 Fairmont Drive,San Leandro,CA,94578,(510) 895-5502,Psychiatric,No,,,,,,,"May 13, 2026",https://www.medicare.gov/care-compare/details/hospital/054149?city=San%20Francisco&state=CA&zipcode=,2026-08-04T18:17:46.028344+00:00,Proprietary,ALAMEDA,,,,,,,,,,,,,,,,,,,,,,,,,,Unknown,
54150,Kaiser Permanente Psychiatric Health Facility-Sant,3840 Homestead Road,Santa Clara,CA,95051,(408) 851-4850,Psychiatric,Yes,,,,,,,"May 13, 2026",https://www.medicare.gov/care-compare/details/hospital/054150?city=San%20Francisco&state=CA&zipcode=,2026-08-04T18:05:22.104746+00:00,Proprietary,SANTA CLARA,,,,,,,,,,,,,,,,,,,,,,,,,,Unknown,
54151,"Aurora Behavioral Healthcare-Santa Rosa, LLC",1287 Fulton Road,Santa Rosa,CA,95401,(707) 800-7700,Psychiatric,No,,,,,,,"May 13, 2026",https://www.medicare.gov/care-compare/details/hospital/054151?city=San%20Francisco&state=CA&zipcode=,2026-08-04T17:56:24.201037+00:00,Proprietary,SONOMA,,,,,,,,,,,,,,,,,,,,,,,,,,Unknown,
54152,Santa Cruz County Psychiatric Health Facility,"2250 Soquel Avenue, Suite 150",Santa Cruz,CA,95062,(831) 600-2801,Psychiatric,No,,,,,,,"May 13, 2026",https://www.medicare.gov/care-compare/details/hospital/054152?city=San%20Francisco&state=CA&zipcode=,2026-08-04T18:11:22.738476+00:00,Proprietary,SANTA CRUZ,,,,,,,,,,,,,,,,,,,,,,,,,,Unknown,
54153,Ocean View Psychiatric Health Facility,"2600 Redondo Avenue, Suite 500",Long Beach,CA,90806,(844) 562-1212,Psychiatric,No,,,,,,,"May 13, 2026",https://www.medicare.gov/care-compare/details/hospital/054153?city=Los%20Angeles&state=CA&zipcode=,2026-08-04T17:38:15.185164+00:00,Proprietary,LOS ANGELES,,,,,,,,,,,,,,,,,,,,,,,,,,Unknown,
54154,San Jose Behavioral Health,455 Silicon Valley Boulevard,San Jose,CA,95138,(669) 234-5959,Psychiatric,No,,,,,,,"May 13, 2026",https://www.medicare.gov/care-compare/details/hospital/054154?city=San%20Francisco&state=CA&zipcode=,2026-08-04T18:10:32.270513+00:00,Proprietary,SANTA CLARA,,,,,,,,,,,,,,,,,,,,,,,,,,Unknown,
54155,"Bakersfield Behavioral Healthcare Hospital, LLC",5201 White Lane,Bakersfield,CA,93309,(661) 398-1800,Psychiatric,No,,,,,,,"May 13, 2026",https://www.medicare.gov/care-compare/details/hospital/054155?city=Los%20Angeles&state=CA&zipcode=,2026-08-04T17:19:49.315609+00:00,Proprietary,KERN,,,,,,,,,,,,,,,,,,,,,,,,,,Unknown,
54157,Glendora Hospital,150 West Route 66,Glendora,CA,91740,(626) 852-5050,Psychiatric,No,,,,,,,"May 13, 2026",https://www.medicare.gov/care-compare/details/hospital/054157?city=Los%20Angeles&state=CA&zipcode=,2026-08-04T17:28:08.994951+00:00,Voluntary non-profit - Private,LOS ANGELES,,,,,,,,,,,,,,,,,,,,,,,,,,Unknown,
54158,"Aliso Ridge Behavioral Health, LLC",200 Freedom LN,Aliso Viejo,CA,92656,(248) 839-5380,Psychiatric,No,,,,,,,"May 13, 2026",https://www.medicare.gov/care-compare/details/hospital/054158?city=Los%20Angeles&state=CA&zipcode=,2026-08-04T17:17:41.688729+00:00,Proprietary,ORANGE,,,,,,,,,,,,,,,,,,,,,,,,,,Unknown,
54159,"Sacramento Behavioral Healthcare Hospital, LLC",1400 Expo Parkway,North Sacramento,CA,95815,(916) 437-6410,Psychiatric,No,,,,,,,"May 13, 2026",https://www.medicare.gov/care-compare/details/hospital/054159?city=San%20Francisco&state=CA&zipcode=,2026-08-04T18:09:41.823367+00:00,Proprietary,SACRAMENTO,,,,,,,,,,,,,,,,,,,,,,,,,,Unknown,
70002,St Francis Hospital & Medical Center,114 Woodland Street & 500 Blue Hills Avenue,Hartford,CT,6105,(860) 714-5541,Acute Care Hospitals,Yes,2,2 stars,2,2 stars,872,2 stars | 2 stars | 2 stars | 2 stars,"May 13, 2026",https://www.medicare.gov/care-compare/details/hospital/070002?city=New%20York&state=NY&zipcode=,2026-08-04T19:08:30.467843+00:00,Voluntary non-profit - Church,HARTFORD,8,8,0,7,1,8,8,2,5,1,11,11,1,9,1,15,15,10,8,3,3,0,0.111111111,0.111111111,50,Large,Low
70004,Sharon Hospital,50 Hospital Hill Road,Sharon,CT,6069,(860) 364-4228,Acute Care Hospitals,Yes,5,5 stars,4,4 stars,313,5 stars | 4 stars | 5 stars | 4 stars,"May 13, 2026",https://www.medicare.gov/care-compare/details/hospital/070004?city=New%20York&state=NY&zipcode=,2026-08-04T19:05:24.035003+00:00,Proprietary,LITCHFIELD,8,5,0,5,0,8,3,0,3,0,11,7,0,5,2,15,15,10,8,0,2,-2,0,0.133333333,38,Medium,High
70005,Waterbury Hospital,64 Robbins St,Waterbury,CT,6721,(203) 573-6000,Acute Care Hospitals,Yes,2,2 stars,3,3 stars,366,2 stars | 3 stars | 2 stars | 3 stars,"May 13, 2026",https://www.medicare.gov/care-compare/details/hospital/070005?city=New%20York&state=NY&zipcode=,2026-08-04T19:17:18.584809+00:00,Proprietary,NEW HAVEN,8,8,1,7,0,8,6,2,4,0,11,8,1,7,0,15,15,10,9,4,0,4,0.181818182,0,46,Medium,Low
70006,Stamford Hospital,One Hospital Plaza,Stamford,CT,6904,(203) 276-1000,Acute Care Hospitals,Yes,5,5 stars,3,3 stars,889,5 stars | 3 stars | 5 stars | 3 stars,"May 13, 2026",https://www.medicare.gov/care-compare/details/hospital/070006?city=New%20York&state=NY&zipcode=,2026-08-04T19:11:50.364683+00:00,Voluntary non-profit - Private,FAIRFIELD,8,8,0,8,0,8,8,3,5,0,11,11,2,9,0,15,15,10,10,5,0,5,0.185185185,0,52,Large,High
70010,Bridgeport Hospital,267 Grant Street,Bridgeport,CT,6610,(203) 384-3000,Acute Care Hospitals,Yes,4,4 stars,3,3 stars,1923,4 stars | 3 stars | 4 stars | 3 stars,"May 13, 2026",https://www.medicare.gov/care-compare/details/hospital/070010?city=New%20York&state=NY&zipcode=,2026-08-04T18:25:49.113447+00:00,Voluntary non-profit - Private,FAIRFIELD,8,8,2,6,0,8,8,3,5,0,11,11,1,9,1,15,15,10,9,6,1,5,0.222222222,0.037037037,51,Large,High
70011,Charlotte Hungerford Hospital,540 Litchfield St,Torrington,CT,6790,(860) 496-6666,Acute Care Hospitals,Yes,3,3 stars,3,3 stars,444,3 stars | 3 stars | 3 stars | 3 stars,"May 13, 2026",https://www.medicare.gov/care-compare/details/hospital/070011?city=New%20York&state=NY&zipcode=,2026-08-04T18:29:08.855733+00:00,Voluntary non-profit - Private,LITCHFIELD,8,5,0,5,0,8,6,1,5,0,11,8,0,7,1,15,15,10,9,1,1,0,0.052631579,0.052631579,43,Medium,Medium
70016,Saint Mary's Hospital,56 Franklin Street,Waterbury,CT,6706,(203) 709-6020,Acute Care Hospitals,Yes,3,3 stars,2,2 stars,523,3 stars | 2 stars | 3 stars | 2 stars,"May 13, 2026",https://www.medicare.gov/care-compare/details/hospital/070016?city=New%20York&state=NY&zipcode=,2026-08-04T19:04:47.344441+00:00,Voluntary non-profit - Church,NEW HAVEN,8,7,0,7,0,8,6,2,4,0,11,9,0,9,0,15,15,10,9,2,0,2,0.090909091,0,46,Medium,Medium
70017,Midstate Medical Center,435 Lewis Avenue,Meriden,CT,6450,(203) 694-8200,Acute Care Hospitals,Yes,4,4 stars,4,4 stars,624,4 stars | 4 stars | 4 stars | 4 stars,"May 13, 2026",https://www.medicare.gov/care-compare/details/hospital/070017?city=New%20York&state=NY&zipcode=,2026-08-04T18:50:21.229691+00:00,Voluntary non-profit - Private,NEW HAVEN,8,7,0,7,0,8,7,3,4,0,11,7,1,6,0,15,15,10,8,4,0,4,0.19047619,0,44,Large,High
70018,Greenwich Hospital Association -,5 Perryridge Rd,Greenwich,CT,6830,(203) 863-3000,Acute Care Hospitals,Yes,5,5 stars,3,3 stars,1156,5 stars | 3 stars | 5 stars | 3 stars,"May 13, 2026",https://www.medicare.gov/care-compare/details/hospital/070018?city=New%20York&state=NY&zipcode=,2026-08-04T18:37:01.151368+00:00,Voluntary non-profit - Private,FAIRFIELD,8,7,3,4,0,8,7,1,6,0,11,10,1,6,3,15,15,10,9,5,3,2,0.208333333,0.125,48,Large,High
70020,Middlesex Hospital,28 Crescent St,Middletown,CT,6457,(860) 344-6000,Acute Care Hospitals,Yes,3,3 stars,4,4 stars,887,3 stars | 4 stars | 3 stars | 4 stars,"May 13, 2026",https://www.medicare.gov/care-compare/details/hospital/070020?city=New%20York&state=NY&zipcode=,2026-08-04T18:50:07.856186+00:00,Voluntary non-profit - Private,MIDDLESEX,8,7,0,7,0,8,7,1,5,1,11,7,0,5,2,15,15,10,9,1,3,-2,0.047619048,0.142857143,45,Large,Medium
70022,Yale-New Haven Hospital,20 York St,New Haven,CT,6504,(203) 688-4242,Acute Care Hospitals,Yes,5,5 stars,3,3 stars,3713,5 stars | 3 stars | 5 stars | 3 stars,"May 13, 2026",https://www.medicare.gov/care-compare/details/hospital/070022?city=New%20York&state=NY&zipcode=,2026-08-04T19:19:20.771344+00:00,Voluntary non-profit - Private,NEW HAVEN,8,8,4,4,0,8,8,4,4,0,11,11,3,5,3,15,15,10,8,11,3,8,0.407407407,0.111111111,50,Large,High
70025,Hartford Hospital,80 Seymour Street,Hartford,CT,6102,(860) 545-5000,Acute Care Hospitals,Yes,4,4 stars,3,3 stars,2388,4 stars | 3 stars | 4 stars | 3 stars,"May 13, 2026",https://www.medicare.gov/care-compare/details/hospital/070025?city=New%20York&state=NY&zipcode=,2026-08-04T18:38:58.092673+00:00,Voluntary non-profit - Private,HARTFORD,8,8,2,6,0,8,8,5,3,0,11,11,1,7,3,15,15,10,8,8,3,5,0.296296296,0.111111111,50,Large,High
70028,St Vincent's Medical Center,2800 Main St,Bridgeport,CT,6606,(203) 576-5551,Acute Care Hospitals,Yes,4,4 stars,3,3 stars,685,4 stars | 3 stars | 4 stars | 3 stars,"May 13, 2026",https://www.medicare.gov/care-compare/details/hospital/070028?city=New%20York&state=NY&zipcode=,2026-08-04T19:11:37.795510+00:00,Voluntary non-profit - Private,FAIRFIELD,8,8,1,7,0,8,7,1,6,0,11,11,0,10,1,15,15,10,8,2,1,1,0.076923077,0.038461538,49,Large,High
70029,Bristol Hospital,41 Brewster Rd,Bristol,CT,6010,(860) 585-3000,Acute Care Hospitals,Yes,2,2 stars,3,3 stars,294,2 stars | 3 stars | 2 stars | 3 stars,"May 13, 2026",https://www.medicare.gov/care-compare/details/hospital/070029?city=New%20York&state=NY&zipcode=,2026-08-04T18:26:01.103211+00:00,Voluntary non-profit - Private,HARTFORD,8,5,0,5,0,8,4,0,4,0,11,8,0,7,1,15,15,10,9,0,1,-1,0,0.058823529,41,Medium,Low
70031,Griffin Hospital,130 Division St,Derby,CT,6418,(203) 732-7500,Acute Care Hospitals,Yes,4,4 stars,3,3 stars,1083,4 stars | 3 stars | 4 stars | 3 stars,"May 13, 2026",https://www.medicare.gov/care-compare/details/hospital/070031?city=New%20York&state=NY&zipcode=,2026-08-04T18:37:27.747928+00:00,Voluntary non-profit - Other,NEW HAVEN,8,5,0,5,0,8,7,1,6,0,11,7,0,4,3,15,15,10,8,1,3,-2,0.052631579,0.157894737,42,Large,High
70033,Danbury Hospital,24 Hospital Ave,Danbury,CT,6810,(203) 739-7000,Acute Care Hospitals,Yes,4,4 stars,3,3 stars,1150,4 stars | 3 stars | 4 stars | 3 stars,"May 13, 2026",https://www.medicare.gov/care-compare/details/hospital/070033?city=New%20York&state=NY&zipcode=,2026-08-04T18:32:25.699053+00:00,Voluntary non-profit - Private,FAIRFIELD,8,8,0,8,0,8,8,4,4,0,11,11,1,7,3,15,15,10,9,5,3,2,0.185185185,0.111111111,51,Large,High
70034,Norwalk Hospital,24 Stevens Street,Norwalk,CT,6856,(203) 852-2000,Acute Care Hospitals,Yes,3,3 stars,3,3 stars,565,3 stars | 3 stars | 3 stars | 3 stars,"May 13, 2026",https://www.medicare.gov/care-compare/details/hospital/070034?city=New%20York&state=NY&zipcode=,2026-08-04T18:57:00.827298+00:00,Voluntary non-profit - Private,FAIRFIELD,8,7,1,6,0,8,6,1,5,0,11,9,0,8,1,15,15,10,8,2,1,1,0.090909091,0.045454545,45,Medium,Medium
70035,The Hospital of Central Connecticut,100 Grand Street,New Britain,CT,6050,(860) 224-5011,Acute Care Hospitals,Yes,2,2 stars,3,3 stars,979,2 stars | 3 stars | 2 stars | 3 stars,"May 13, 2026",https://www.medicare.gov/care-compare/details/hospital/070035?city=New%20York&state=NY&zipcode=,2026-08-04T19:13:45.788111+00:00,Voluntary non-profit - Other,HARTFORD,8,7,0,7,0,8,7,3,4,0,11,8,0,6,2,15,15,10,8,3,2,1,0.136363636,0.090909091,45,Large,Low
70036,John Dempsey Hospital of the University of Connect,263 Farmington Ave,Farmington,CT,6032,(860) 679-1145,Acute Care Hospitals,Yes,3,3 stars,4,4 stars,787,3 stars | 4 stars | 3 stars | 4 stars,"May 13, 2026",https://www.medicare.gov/care-compare/details/hospital/070036?city=New%20York&state=NY&zipcode=,2026-08-04T18:44:36.614669+00:00,Government - Local,HARTFORD,8,7,1,5,1,8,6,1,5,0,11,9,0,7,2,15,15,10,8,2,3,-1,0.090909091,0.136363636,45,Large,Medium
70038,The Connecticut Hospice Inc.,100 Double Beach Road,Branford,CT,6405,(203) 315-7500,Acute Care Hospitals,No,,,,,,,"May 13, 2026",https://www.medicare.gov/care-compare/details/hospital/070038?city=New%20York&state=NY&zipcode=,2026-08-04T19:13:33.192326+00:00,Voluntary non-profit - Private,NEW HAVEN,8,,,,,8,,,,,11,,,,,15,,10,1,,,,,,1,Unknown,
07003F,West Haven VA Medical Center,950 Campbell Avenue,West Haven,CT,6516,(203) 932-5711,Acute Care - Veterans Administration,Yes,3,3 stars,4,4 stars,,3 stars | 4 stars | 3 stars | 4 stars,"May 13, 2026",https://www.medicare.gov/care-compare/details/hospital/07003F?city=New%20York&state=NY&zipcode=,2026-08-04T19:17:55.472443+00:00,Veterans Health Administration,NEW HAVEN,8,5,1,4,0,8,3,0,3,0,11,5,1,2,2,15,10,10,5,2,2,0,0.153846154,0.153846154,28,Unknown,Medium
73300,Connecticut Childrens Medical Center,282 Washington Street,Hartford,CT,6106,(860) 545-9000,Childrens,Yes,,,,,29,,"May 13, 2026",https://www.medicare.gov/care-compare/details/hospital/073300?city=New%20York&state=NY&zipcode=,2026-08-04T18:30:54.453693+00:00,Voluntary non-profit - Private,HARTFORD,,,,,,,,,,,,,,,,,,,,,,,,,,Small,
74003,Connecticut Valley Hosp,1000 Silver St,Middletown,CT,6457,(203) 344-2666,Psychiatric,No,,,,,,,"May 13, 2026",https://www.medicare.gov/care-compare/details/hospital/074003?city=New%20York&state=NY&zipcode=,2026-08-04T18:31:23.870233+00:00,Government - State,MIDDLESEX,,,,,,,,,,,,,,,,,,,,,,,,,,Unknown,
74011,Connecticut Mental Health Center,34 Park Street,New Haven,CT,6508,(203) 974-3000,Psychiatric,No,,,,,,,"May 13, 2026",https://www.medicare.gov/care-compare/details/hospital/074011?city=New%20York&state=NY&zipcode=,2026-08-04T18:31:08.634778+00:00,Government - State,NEW HAVEN,,,,,,,,,,,,,,,,,,,,,,,,,,Unknown,
74012,Southwest Connecticut Mental Health System,1635 Central Ave,Bridgeport,CT,6610,(203) 551-7461,Psychiatric,No,,,,,,,"May 13, 2026",https://www.medicare.gov/care-compare/details/hospital/074012?city=New%20York&state=NY&zipcode=,2026-08-04T19:07:13.488695+00:00,Government - State,FAIRFIELD,,,,,,,,,,,,,,,,,,,,,,,,,,Unknown,
74014,Silver Hill Hospital Inc,208 Valley Road,New Canaan,CT,6840,(203) 966-3561,Psychiatric,No,,,,,,,"May 13, 2026",https://www.medicare.gov/care-compare/details/hospital/074014?city=New%20York&state=NY&zipcode=,2026-08-04T19:05:51.662616+00:00,Government - Federal,FAIRFIELD,,,,,,,,,,,,,,,,,,,,,,,,,,Unknown,
74015,Albert J Solnit Children's Center - South Campus,915 River Road,Middletown,CT,6457,(860) 704-4090,Psychiatric,No,,,,,,,"May 13, 2026",https://www.medicare.gov/care-compare/details/hospital/074015?city=New%20York&state=NY&zipcode=,2026-08-04T18:23:38.307288+00:00,Government - State,MIDDLESEX,,,,,,,,,,,,,,,,,,,,,,,,,,Unknown,
74016,Masonicare Health Center,22 Masonic Ave Bldg Sturges,Wallingford,CT,6492,(203) 679-5900,Psychiatric,No,,,,,,,"May 13, 2026",https://www.medicare.gov/care-compare/details/hospital/074016?city=New%20York&state=NY&zipcode=,2026-08-04T18:49:06.068080+00:00,Voluntary non-profit - Private,NEW HAVEN,,,,,,,,,,,,,,,,,,,,,,,,,,Unknown,
310001,Hackensack University Medical Center,30 Prospect Ave,Hackensack,NJ,7601,(551) 996-2000,Acute Care Hospitals,Yes,5,5 stars,3,3 stars,1914,5 stars | 3 stars | 5 stars | 3 stars,"May 13, 2026",https://www.medicare.gov/care-compare/details/hospital/310001?city=New%20York&state=NY&zipcode=,2026-08-04T18:38:19.204674+00:00,Voluntary non-profit - Private,BERGEN,8,8,6,2,0,8,8,4,4,0,11,11,2,5,4,15,15,10,8,12,4,8,0.444444444,0.148148148,50,Large,High
310002,Newark Beth Israel Medical Center,201 Lyons Ave,Newark,NJ,7112,(973) 926-7000,Acute Care Hospitals,Yes,2,2 stars,2,2 stars,497,2 stars | 2 stars | 2 stars | 2 stars,"May 13, 2026",https://www.medicare.gov/care-compare/details/hospital/310002?city=New%20York&state=NY&zipcode=,2026-08-04T18:55:08.143520+00:00,Voluntary non-profit - Private,ESSEX,8,8,0,8,0,8,7,3,4,0,11,10,0,7,3,15,15,10,8,3,3,0,0.12,0.12,48,Medium,Low
310003,Palisades Medical Center,7600 River Rd,North Bergen,NJ,7047,(201) 854-5000,Acute Care Hospitals,Yes,2,2 stars,2,2 stars,316,2 stars | 2 stars | 2 stars | 2 stars,"May 13, 2026",https://www.medicare.gov/care-compare/details/hospital/310003?city=New%20York&state=NY&zipcode=,2026-08-04T18:58:15.795244+00:00,Voluntary non-profit - Private,HUDSON,8,6,1,5,0,8,5,1,3,1,11,6,0,4,2,15,15,10,9,2,3,-1,0.117647059,0.176470588,41,Medium,Low
310005,Hunterdon Medical Center,2100 Wescott Drive,Flemington,NJ,8822,(908) 788-6100,Acute Care Hospitals,No,4,4 stars,3,3 stars,625,4 stars | 3 stars | 4 stars | 3 stars,"May 13, 2026",https://www.medicare.gov/care-compare/details/hospital/310005?city=New%20York&state=NY&zipcode=,2026-08-04T18:41:56.109421+00:00,Voluntary non-profit - Private,HUNTERDON,8,7,1,6,0,8,7,1,6,0,11,8,0,6,2,15,15,10,7,2,2,0,0.090909091,0.090909091,44,Large,High
310006,St Mary's General Hospital,350 Boulevard,Passaic,NJ,7055,(973) 365-4300,Acute Care Hospitals,Yes,3,3 stars,3,3 stars,216,3 stars | 3 stars | 3 stars | 3 stars,"May 13, 2026",https://www.medicare.gov/care-compare/details/hospital/310006?city=New%20York&state=NY&zipcode=,2026-08-04T19:11:25.208950+00:00,Proprietary,PASSAIC,8,6,0,6,0,8,5,1,4,0,11,7,1,5,1,15,15,10,8,2,1,1,0.111111111,0.055555556,41,Small,Medium
310008,Holy Name Medical Center,718 Teaneck Rd,Teaneck,NJ,7666,(201) 833-3000,Acute Care Hospitals,Yes,5,5 stars,3,3 stars,777,5 stars | 3 stars | 5 stars | 3 stars,"May 13, 2026",https://www.medicare.gov/care-compare/details/hospital/310008?city=New%20York&state=NY&zipcode=,2026-08-04T18:40:17.941419+00:00,Voluntary non-profit - Private,BERGEN,8,7,0,7,0,8,8,4,4,0,11,10,0,9,1,15,15,10,8,4,1,3,0.16,0.04,48,Large,High
310009,Clara Maass Medical Center,One Clara Maass Drive,Belleville,NJ,7109,(973) 450-2000,Acute Care Hospitals,Yes,3,3 stars,3,3 stars,510,3 stars | 3 stars | 3 stars | 3 stars,"May 13, 2026",https://www.medicare.gov/care-compare/details/hospital/310009?city=New%20York&state=NY&zipcode=,2026-08-04T18:30:26.958184+00:00,Voluntary non-profit - Private,ESSEX,8,7,0,7,0,8,6,2,4,0,11,7,0,5,2,15,15,10,8,2,2,0,0.1,0.1,43,Medium,Medium
310010,University Medical Center of Princeton at Plainsboro,One-Five Plainsboro Road,Plainsboro,NJ,8536,(609) 853-6500,Acute Care Hospitals,Yes,4,4 stars,3,3 stars,1136,4 stars | 3 stars | 4 stars | 3 stars,"May 13, 2026",https://www.medicare.gov/care-compare/details/hospital/310010?city=New%20York&state=NY&zipcode=,2026-08-04T19:15:00.411273+00:00,Voluntary non-profit - Private,MIDDLESEX,8,7,1,6,0,8,7,2,5,0,11,10,1,7,2,15,15,10,9,4,2,2,0.166666667,0.083333333,48,Large,High
310012,Valley Hospital,4 Valley Health Plaza,Paramus,NJ,7652,(201) 447-8000,Acute Care Hospitals,Yes,4,4 stars,4,4 stars,1391,4 stars | 4 stars | 4 stars | 4 stars,"May 13, 2026",https://www.medicare.gov/care-compare/details/hospital/310012?city=New%20York&state=NY&zipcode=,2026-08-04T19:16:16.065532+00:00,Voluntary non-profit - Private,BERGEN,8,8,1,6,1,8,8,3,5,0,11,11,2,9,0,15,15,10,8,6,1,5,0.222222222,0.037037037,50,Large,High
310014,Cooper University Hospital,1 Cooper Plaza,Camden,NJ,8103,(856) 342-2000,Acute Care Hospitals,Yes,2,2 stars,3,3 stars,2038,2 stars | 3 stars | 2 stars | 3 stars,"May 13, 2026",https://www.medicare.gov/care-compare/details/hospital/310014?city=New%20York&state=NY&zipcode=,2026-08-04T18:31:36.095607+00:00,Voluntary non-profit - Private,CAMDEN,8,8,0,8,0,8,8,2,5,1,11,11,0,8,3,15,15,10,8,2,4,-2,0.074074074,0.148148148,50,Large,Low
310015,Morristown Medical Center,100 Madison Ave,Morristown,NJ,7962,(973) 971-5450,Acute Care Hospitals,Yes,5,5 stars,3,3 stars,2731,5 stars | 3 stars | 5 stars | 3 stars,"May 13, 2026",https://www.medicare.gov/care-compare/details/hospital/310015?city=New%20York&state=NY&zipcode=,2026-08-04T18:51:59.728685+00:00,Voluntary non-profit - Private,MORRIS,8,8,4,4,0,8,8,5,3,0,11,11,5,6,0,15,15,10,10,14,0,14,0.518518519,0,52,Large,High
310016,Heights University Hospital,176 Palisade Ave,Jersey City,NJ,7306,(201) 795-8200,Acute Care Hospitals,No,2,2 stars,2,2 stars,125,2 stars | 2 stars | 2 stars | 2 stars,"May 13, 2026",https://www.medicare.gov/care-compare/details/hospital/310016?city=New%20York&state=NY&zipcode=,2026-08-04T18:39:50.305573+00:00,Voluntary non-profit - Church,HUDSON,8,6,0,6,0,8,5,0,5,0,11,6,0,5,1,15,10,10,7,0,1,-1,0,0.058823529,34,Small,Low
310017,Chilton Medical Center,97 West Parkway,Pompton Plains,NJ,7444,(973) 831-5000,Acute Care Hospitals,Yes,5,5 stars,3,3 stars,1011,5 stars | 3 stars | 5 stars | 3 stars,"May 13, 2026",https://www.medicare.gov/care-compare/details/hospital/310017?city=New%20York&state=NY&zipcode=,2026-08-04T18:30:01.533934+00:00,Voluntary non-profit - Private,MORRIS,8,7,2,5,0,8,6,1,5,0,11,9,4,5,0,15,15,10,9,7,0,7,0.318181818,0,46,Large,High
310019,St Joseph's University Medical Center Inc,703 Main St,Paterson,NJ,7503,(973) 754-2010,Acute Care Hospitals,No,3,3 stars,2,2 stars,1174,3 stars | 2 stars | 3 stars | 2 stars,"May 13, 2026",https://www.medicare.gov/care-compare/details/hospital/310019?city=New%20York&state=NY&zipcode=,2026-08-04T19:09:30.825509+00:00,Voluntary non-profit - Church,PASSAIC,8,8,0,8,0,8,7,3,4,0,11,11,0,8,3,15,15,10,8,3,3,0,0.115384615,0.115384615,49,Large,Medium
31001F,VA New Jersey Health Care System,385 Tremont Avenue,East Orange,NJ,7018,(973) 676-1000,Acute Care - Veterans Administration,Yes,2,2 stars,3,3 stars,,2 stars | 3 stars | 2 stars | 3 stars,"May 13, 2026",https://www.medicare.gov/care-compare/details/hospital/31001F?city=New%20York&state=NY&zipcode=,2026-08-04T19:15:24.457242+00:00,Veterans Health Administration,ESSEX,8,4,1,3,0,8,3,0,3,0,11,4,0,2,2,15,10,10,4,1,2,-1,0.090909091,0.181818182,25,Unknown,Low
310022,West Jersey Hospital,100 Bowman Drive,Voorhees,NJ,8043,(856) 247-3000,Acute Care Hospitals,Yes,3,3 stars,3,3 stars,1961,3 stars | 3 stars | 3 stars | 3 stars,"May 13, 2026",https://www.medicare.gov/care-compare/details/hospital/310022?city=New%20York&state=NY&zipcode=,2026-08-04T19:18:07.506448+00:00,Voluntary non-profit - Private,CAMDEN,8,7,0,7,0,8,8,4,4,0,11,8,1,4,3,15,15,10,9,5,3,2,0.217391304,0.130434783,47,Large,Medium
310024,Robert Wood Johnson University Hospital at Rahway,865 Stone St,Rahway,NJ,7065,(732) 381-4200,Acute Care Hospitals,Yes,4,4 stars,3,3 stars,366,4 stars | 3 stars | 4 stars | 3 stars,"May 13, 2026",https://www.medicare.gov/care-compare/details/hospital/310024?city=New%20York&state=NY&zipcode=,2026-08-04T19:03:03.942517+00:00,Voluntary non-profit - Private,UNION,8,7,0,7,0,8,4,1,3,0,11,6,0,4,2,15,15,10,8,1,2,-1,0.058823529,0.117647059,40,Medium,High
310025,Carepoint Health - Bayonne Medical Center,29 East 29th St,Bayonne,NJ,7002,(201) 858-5000,Acute Care Hospitals,No,1,1 stars,2,2 stars,229,1 stars | 2 stars | 1 stars | 2 stars,"May 13, 2026",https://www.medicare.gov/care-compare/details/hospital/310025?city=New%20York&state=NY&zipcode=,2026-08-04T18:28:18.324955+00:00,Voluntary non-profit - Private,HUDSON,8,7,0,7,0,8,4,1,3,0,11,8,0,7,1,15,10,10,8,1,1,0,0.052631579,0.052631579,37,Small,Low
310027,Trinitas Regional Medical Center,225 Williamson Street,Elizabeth,NJ,7207,(908) 994-5000,Acute Care Hospitals,Yes,3,3 stars,2,2 stars,350,3 stars | 2 stars | 3 stars | 2 stars,"May 13, 2026",https://www.medicare.gov/care-compare/details/hospital/310027?city=New%20York&state=NY&zipcode=,2026-08-04T19:14:35.585775+00:00,Voluntary non-profit - Private,UNION,8,5,0,4,1,8,5,1,4,0,11,8,0,7,1,15,15,10,8,1,2,-1,0.055555556,0.111111111,41,Medium,Medium
310028,Newton Medical Center,175 High St,Newton,NJ,7860,(973) 383-2121,Acute Care Hospitals,Yes,4,4 stars,3,3 stars,733,4 stars | 3 stars | 4 stars | 3 stars,"May 13, 2026",https://www.medicare.gov/care-compare/details/hospital/310028?city=New%20York&state=NY&zipcode=,2026-08-04T18:55:20.277808+00:00,Voluntary non-profit - Private,SUSSEX,8,7,1,6,0,8,7,0,7,0,11,10,0,10,0,15,15,10,9,1,0,1,0.041666667,0,48,Large,High
310029,Virtua Our Lady of Lourdes Hospital,1600 Haddon Avenue,Camden,NJ,8103,(856) 886-5373,Acute Care Hospitals,Yes,2,2 stars,2,2 stars,1108,2 stars | 2 stars | 2 stars | 2 stars,"May 13, 2026",https://www.medicare.gov/care-compare/details/hospital/310029?city=New%20York&state=NY&zipcode=,2026-08-04T19:16:54.183074+00:00,Government - State,CAMDEN,8,8,0,8,0,8,6,1,5,0,11,8,0,7,1,15,15,10,9,1,1,0,0.045454545,0.045454545,46,Large,Low
310031,Deborah Heart and Lung Center,200 Trenton Road,Browns Mills,NJ,8015,(609) 893-6611,Acute Care Hospitals,No,3,3 stars,4,4 stars,206,3 stars | 4 stars | 3 stars | 4 stars,"May 13, 2026",https://www.medicare.gov/care-compare/details/hospital/310031?city=New%20York&state=NY&zipcode=,2026-08-04T18:32:38.262845+00:00,Voluntary non-profit - Private,BURLINGTON,8,7,0,7,0,8,4,0,3,1,11,7,0,5,2,15,15,10,3,0,3,-3,0,0.166666667,36,Small,Medium
310034,Riverview Medical Center,One Riverview Plaza,Red Bank,NJ,7701,(732) 741-2700,Acute Care Hospitals,Yes,3,3 stars,3,3 stars,912,3 stars | 3 stars | 3 stars | 3 stars,"May 13, 2026",https://www.medicare.gov/care-compare/details/hospital/310034?city=New%20York&state=NY&zipcode=,2026-08-04T19:02:14.881491+00:00,Voluntary non-profit - Private,MONMOUTH,8,7,0,7,0,8,7,1,6,0,11,10,1,7,2,15,15,10,8,2,2,0,0.083333333,0.083333333,47,Large,Medium
310038,Robert Wood Johnson University Hospital,One Robert Wood Johnson Place,New Brunswick,NJ,8901,(732) 828-3000,Acute Care Hospitals,Yes,2,2 stars,3,3 stars,1482,2 stars | 3 stars | 2 stars | 3 stars,"May 13, 2026",https://www.medicare.gov/care-compare/details/hospital/310038?city=New%20York&state=NY&zipcode=,2026-08-04T19:02:27.173593+00:00,Voluntary non-profit - Private,MIDDLESEX,8,8,0,7,1,8,8,3,4,1,11,11,1,6,4,15,15,10,8,4,6,-2,0.148148148,0.222222222,50,Large,Low
310039,Raritan Bay Medical Center,530 New Brunswick Ave,Perth Amboy,NJ,8861,(732) 324-5000,Acute Care Hospitals,Yes,4,4 stars,2,2 stars,702,4 stars | 2 stars | 4 stars | 2 stars,"May 13, 2026",https://www.medicare.gov/care-compare/details/hospital/310039?city=New%20York&state=NY&zipcode=,2026-08-04T19:01:26.098591+00:00,Voluntary non-profit - Private,MIDDLESEX,8,7,0,7,0,8,6,1,5,0,11,7,1,4,2,15,15,10,8,2,2,0,0.1,0.1,43,Large,High
310040,Carepoint Health-Hoboken University Medical Center,308 Willow Ave,Hoboken,NJ,7030,(201) 418-1000,Acute Care Hospitals,No,1,1 stars,2,2 stars,176,1 stars | 2 stars | 1 stars | 2 stars,"May 13, 2026",https://www.medicare.gov/care-compare/details/hospital/310040?city=New%20York&state=NY&zipcode=,2026-08-04T18:28:31.313328+00:00,Voluntary non-profit - Church,HUDSON,8,3,0,3,0,8,4,1,3,0,11,5,0,3,2,15,10,10,7,1,2,-1,0.083333333,0.166666667,29,Small,Low
310041,Community Medical Center,99 Rt 37 West,Toms River,NJ,8755,(732) 557-8000,Acute Care Hospitals,Yes,1,1 stars,2,2 stars,1043,1 stars | 2 stars | 1 stars | 2 stars,"May 13, 2026",https://www.medicare.gov/care-compare/details/hospital/310041?city=New%20York&state=NY&zipcode=,2026-08-04T18:30:40.256470+00:00,Voluntary non-profit - Private,OCEAN,8,7,0,5,2,8,8,2,6,0,11,10,0,6,4,15,15,10,9,2,6,-4,0.08,0.24,49,Large,Low
310044,Capital Health Medical Center - Hopewell,One Capital Way,Pennington,NJ,8534,(609) 303-4000,Acute Care Hospitals,Yes,2,2 stars,2,2 stars,920,2 stars | 2 stars | 2 stars | 2 stars,"May 13, 2026",https://www.medicare.gov/care-compare/details/hospital/310044?city=New%20York&state=NY&zipcode=,2026-08-04T18:27:53.367524+00:00,Voluntary non-profit - Private,MERCER,8,7,0,6,1,8,8,2,6,0,11,10,0,7,3,15,15,10,8,2,4,-2,0.08,0.16,48,Large,Low
310045,Englewood Hospital and Medical Center,350 Engle St,Englewood,NJ,7631,(201) 894-3000,Acute Care Hospitals,Yes,4,4 stars,3,3 stars,1345,4 stars | 3 stars | 4 stars | 3 stars,"May 13, 2026",https://www.medicare.gov/care-compare/details/hospital/310045?city=New%20York&state=NY&zipcode=,2026-08-04T18:33:42.989298+00:00,Voluntary non-profit - Private,BERGEN,8,8,0,8,0,8,7,2,5,0,11,11,1,8,2,15,15,10,8,3,2,1,0.115384615,0.076923077,49,Large,High
310048,Robert Wood Johnson University Hospital - Somerset,110 Rehill Ave,Somerville,NJ,8876,(908) 685-2200,Acute Care Hospitals,Yes,3,3 stars,3,3 stars,852,3 stars | 3 stars | 3 stars | 3 stars,"May 13, 2026",https://www.medicare.gov/care-compare/details/hospital/310048?city=New%20York&state=NY&zipcode=,2026-08-04T19:02:39.460440+00:00,Voluntary non-profit - Private,SOMERSET,8,7,0,6,1,8,7,1,6,0,11,10,1,5,4,15,15,10,8,2,5,-3,0.083333333,0.208333333,47,Large,Medium
310050,Saint Clare's Hospital/ Denville Campus,25 Pocono Road,Denville,NJ,7834,(973) 983-5569,Acute Care Hospitals,Yes,2,2 stars,2,2 stars,511,2 stars | 2 stars | 2 stars | 2 stars,"May 13, 2026",https://www.medicare.gov/care-compare/details/hospital/310050?city=New%20York&state=NY&zipcode=,2026-08-04T19:04:35.028156+00:00,Proprietary,MORRIS,8,7,0,6,1,8,7,1,6,0,11,8,0,5,3,15,15,10,6,1,4,-3,0.045454545,0.181818182,43,Medium,Low
310051,Overlook Medical Center,99 Beauvoir Avenue,Summit,NJ,7901,(908) 522-2000,Acute Care Hospitals,Yes,5,5 stars,3,3 stars,1485,5 stars | 3 stars | 5 stars | 3 stars,"May 13, 2026",https://www.medicare.gov/care-compare/details/hospital/310051?city=New%20York&state=NY&zipcode=,2026-08-04T18:58:03.328264+00:00,Voluntary non-profit - Private,UNION,8,7,2,5,0,8,8,3,5,0,11,10,2,6,2,15,15,10,8,7,2,5,0.28,0.08,48,Large,High
310052,Ocean Medical Center,425 Jack Martin Blvd,Brick,NJ,8724,(732) 840-2200,Acute Care Hospitals,Yes,4,4 stars,3,3 stars,1355,4 stars | 3 stars | 4 stars | 3 stars,"May 13, 2026",https://www.medicare.gov/care-compare/details/hospital/310052?city=New%20York&state=NY&zipcode=,2026-08-04T18:57:50.453753+00:00,Voluntary non-profit - Other,OCEAN,8,7,2,5,0,8,7,4,3,0,11,10,1,7,2,15,15,10,8,7,2,5,0.291666667,0.083333333,47,Large,High
310054,Hackensack Meridian Mountainside Medical,1 Bay Avenue,Montclair,NJ,7042,(973) 429-6000,Acute Care Hospitals,Yes,4,4 stars,2,2 stars,471,4 stars | 2 stars | 4 stars | 2 stars,"May 13, 2026",https://www.medicare.gov/care-compare/details/hospital/310054?city=New%20York&state=NY&zipcode=,2026-08-04T18:38:05.889563+00:00,Proprietary,ESSEX,8,7,0,7,0,8,7,1,6,0,11,10,0,9,1,15,15,10,8,1,1,0,0.041666667,0.041666667,47,Medium,High
310057,Virtua Mount Holly Hospital,175 Madison Ave,Mount Holly,NJ,8060,(609) 267-0700,Acute Care Hospitals,Yes,3,3 stars,2,2 stars,1090,3 stars | 2 stars | 3 stars | 2 stars,"May 13, 2026",https://www.medicare.gov/care-compare/details/hospital/310057?city=New%20York&state=NY&zipcode=,2026-08-04T19:16:42.018304+00:00,Voluntary non-profit - Private,BURLINGTON,8,7,0,6,1,8,7,1,6,0,11,9,1,7,1,15,15,10,8,2,2,0,0.086956522,0.086956522,46,Large,Medium
310058,Bergen New Bridge Medical Center,230 East Ridgewood Ave,Paramus,NJ,7652,(201) 967-4000,Acute Care Hospitals,Yes,,,,,147,,"May 13, 2026",https://www.medicare.gov/care-compare/details/hospital/310058?city=New%20York&state=NY&zipcode=,2026-08-04T18:25:08.587092+00:00,Voluntary non-profit - Private,BERGEN,8,2,0,2,0,8,2,1,1,0,11,3,0,2,1,15,5,10,6,1,1,0,0.142857143,0.142857143,18,Small,
310060,St Luke's Warren Hospital,185 Roseberry St,Phillipsburg,NJ,8865,(908) 847-6700,Acute Care Hospitals,Yes,5,5 stars,3,3 stars,818,5 stars | 3 stars | 5 stars | 3 stars,"May 13, 2026",https://www.medicare.gov/care-compare/details/hospital/310060?city=New%20York&state=NY&zipcode=,2026-08-04T19:10:45.014862+00:00,Voluntary non-profit - Private,WARREN,8,5,0,5,0,8,6,1,5,0,11,9,0,7,2,15,15,10,8,1,2,-1,0.05,0.1,43,Large,High
310061,Virtua Willingboro Hospital,218a Sunset Road,Willingboro,NJ,8046,(609) 835-2900,Acute Care Hospitals,Yes,3,3 stars,2,2 stars,591,3 stars | 2 stars | 3 stars | 2 stars,"May 13, 2026",https://www.medicare.gov/care-compare/details/hospital/310061?city=New%20York&state=NY&zipcode=,2026-08-04T19:17:06.349324+00:00,Voluntary non-profit - Private,BURLINGTON,8,6,0,6,0,8,3,1,2,0,11,6,1,5,0,15,15,10,7,2,0,2,0.133333333,0,37,Large,Medium
310064,Atlanticare Regional Medical Center - City Campus,1925 Pacific Avenue,Atlantic City,NJ,8401,(609) 441-8020,Acute Care Hospitals,Yes,4,4 stars,3,3 stars,759,4 stars | 3 stars | 4 stars | 3 stars,"May 13, 2026",https://www.medicare.gov/care-compare/details/hospital/310064?city=New%20York&state=NY&zipcode=,2026-08-04T18:24:17.316094+00:00,Voluntary non-profit - Private,ATLANTIC,8,8,0,8,0,8,8,4,4,0,11,11,1,7,3,15,15,10,9,5,3,2,0.185185185,0.111111111,51,Large,High
310069,Inspira Medical Center Mullica Hill,501 West Front Street,Elmer,NJ,8318,(856) 363-1000,Acute Care Hospitals,Yes,3,3 stars,4,4 stars,997,3 stars | 4 stars | 3 stars | 4 stars,"May 13, 2026",https://www.medicare.gov/care-compare/details/hospital/310069?city=New%20York&state=NY&zipcode=,2026-08-04T18:42:07.969341+00:00,Voluntary non-profit - Private,SALEM,8,7,0,7,0,8,6,2,4,0,11,9,0,5,4,15,15,10,9,2,4,-2,0.090909091,0.181818182,46,Large,Medium
310070,Saint Peter's University Hospital,254 Easton Ave,New Brunswick,NJ,8901,(732) 745-8600,Acute Care Hospitals,Yes,3,3 stars,3,3 stars,643,3 stars | 3 stars | 3 stars | 3 stars,"May 13, 2026",https://www.medicare.gov/care-compare/details/hospital/310070?city=New%20York&state=NY&zipcode=,2026-08-04T19:05:12.048974+00:00,Voluntary non-profit - Private,MIDDLESEX,8,7,0,7,0,8,8,3,5,0,11,10,0,7,3,15,10,10,6,3,3,0,0.12,0.12,41,Large,Medium
310073,Jersey Shore University Medical Center,1945 Rte 33,Neptune,NJ,7754,(732) 775-5500,Acute Care Hospitals,Yes,4,4 stars,3,3 stars,1690,4 stars | 3 stars | 4 stars | 3 stars,"May 13, 2026",https://www.medicare.gov/care-compare/details/hospital/310073?city=New%20York&state=NY&zipcode=,2026-08-04T18:44:11.102646+00:00,Voluntary non-profit - Private,MONMOUTH,8,8,3,5,0,8,8,2,6,0,11,11,1,8,2,15,15,10,8,6,2,4,0.222222222,0.074074074,50,Large,High
310074,Jersey City Medical Center,355 Grand Street,Jersey City,NJ,7302,(201) 915-2000,Acute Care Hospitals,Yes,3,3 stars,3,3 stars,606,3 stars | 3 stars | 3 stars | 3 stars,"May 13, 2026",https://www.medicare.gov/care-compare/details/hospital/310074?city=New%20York&state=NY&zipcode=,2026-08-04T18:43:59.219317+00:00,Voluntary non-profit - Private,HUDSON,8,8,0,8,0,8,7,2,5,0,11,10,0,9,1,15,15,10,8,2,1,1,0.08,0.04,48,Large,Medium
310075,Monmouth Medical Center,300 Second Avenue,Long Branch,NJ,7740,(732) 222-5200,Acute Care Hospitals,Yes,3,3 stars,4,4 stars,751,3 stars | 4 stars | 3 stars | 4 stars,"May 13, 2026",https://www.medicare.gov/care-compare/details/hospital/310075?city=New%20York&state=NY&zipcode=,2026-08-04T18:50:33.503753+00:00,Voluntary non-profit - Private,MONMOUTH,8,7,0,7,0,8,8,3,5,0,11,10,0,8,2,15,15,10,8,3,2,1,0.12,0.08,48,Large,Medium
310076,Cooperman Barnabas Medical Center,94 Old Short Hills Road,Livingston,NJ,7039,(973) 322-5000,Acute Care Hospitals,Yes,3,3 stars,3,3 stars,1237,3 stars | 3 stars | 3 stars | 3 stars,"May 13, 2026",https://www.medicare.gov/care-compare/details/hospital/310076?city=New%20York&state=NY&zipcode=,2026-08-04T18:31:48.170366+00:00,Voluntary non-profit - Private,ESSEX,8,8,0,7,1,8,8,3,5,0,11,11,0,7,4,15,15,10,8,3,5,-2,0.111111111,0.185185185,50,Large,Medium
310083,Carewell Health Medical Center,300 Central Ave,East Orange,NJ,7018,(973) 672-8400,Acute Care Hospitals,Yes,1,1 stars,1,1 stars,119,1 stars | 1 stars | 1 stars | 1 stars,"May 13, 2026",https://www.medicare.gov/care-compare/details/hospital/310083?city=New%20York&state=NY&zipcode=,2026-08-04T18:28:43.580077+00:00,Proprietary,ESSEX,8,3,0,3,0,8,4,1,3,0,11,3,0,1,2,15,15,10,5,1,2,-1,0.1,0.2,30,Small,Low
310084,Monmouth Medical Center-Southern Campus,600 River Ave,Lakewood,NJ,8701,(732) 363-1900,Acute Care Hospitals,Yes,3,3 stars,3,3 stars,475,3 stars | 3 stars | 3 stars | 3 stars,"May 13, 2026",https://www.medicare.gov/care-compare/details/hospital/310084?city=New%20York&state=NY&zipcode=,2026-08-04T18:50:45.710126+00:00,Voluntary non-profit - Private,OCEAN,8,6,1,5,0,8,5,1,4,0,11,8,0,6,2,15,15,10,8,2,2,0,0.105263158,0.105263158,42,Medium,Medium
310086,Jefferson Stratford Hospital,18 East Laurel Road,Stratford,NJ,8084,(856) 346-7802,Acute Care Hospitals,Yes,2,2 stars,3,3 stars,1078,2 stars | 3 stars | 2 stars | 3 stars,"May 13, 2026",https://www.medicare.gov/care-compare/details/hospital/310086?city=New%20York&state=NY&zipcode=,2026-08-04T18:43:47.318022+00:00,Voluntary non-profit - Private,CAMDEN,8,7,0,7,0,8,7,2,5,0,11,10,0,6,4,15,15,10,8,2,4,-2,0.083333333,0.166666667,47,Large,Low
310092,Capital Health Regional Medical Center,750 Brunswick Ave,Trenton,NJ,8638,(609) 394-6000,Acute Care Hospitals,Yes,2,2 stars,2,2 stars,544,2 stars | 2 stars | 2 stars | 2 stars,"May 13, 2026",https://www.medicare.gov/care-compare/details/hospital/310092?city=New%20York&state=NY&zipcode=,2026-08-04T18:28:05.705837+00:00,Voluntary non-profit - Private,MERCER,8,7,0,6,1,8,6,1,5,0,11,6,0,4,2,15,15,10,8,1,3,-2,0.052631579,0.157894737,42,Medium,Low
310096,Saint Michael's Medical Center,111 Central Avenue,Newark,NJ,7102,(973) 877-5350,Acute Care Hospitals,Yes,4,4 stars,3,3 stars,158,4 stars | 3 stars | 4 stars | 3 stars,"May 13, 2026",https://www.medicare.gov/care-compare/details/hospital/310096?city=New%20York&state=NY&zipcode=,2026-08-04T19:04:59.516390+00:00,Voluntary non-profit - Private,ESSEX,8,4,0,4,0,8,6,2,4,0,11,6,0,5,1,15,15,10,7,2,1,1,0.125,0.0625,38,Small,High
310108,Jfk University Medical Center,65 James Street,Edison,NJ,8818,(732) 321-7000,Acute Care Hospitals,Yes,3,3 stars,2,2 stars,1582,3 stars | 2 stars | 3 stars | 2 stars,"May 13, 2026",https://www.medicare.gov/care-compare/details/hospital/310108?city=New%20York&state=NY&zipcode=,2026-08-04T18:44:23.503758+00:00,Voluntary non-profit - Private,MIDDLESEX,8,7,1,6,0,8,6,1,5,0,11,9,2,5,2,15,15,10,8,4,2,2,0.181818182,0.090909091,45,Large,Medium
310110,Robert Wood Johnson University Hospital at Hamilton,One Hamilton Health Place,Hamilton,NJ,8690,(609) 586-7900,Acute Care Hospitals,Yes,4,4 stars,3,3 stars,545,4 stars | 3 stars | 4 stars | 3 stars,"May 13, 2026",https://www.medicare.gov/care-compare/details/hospital/310110?city=New%20York&state=NY&zipcode=,2026-08-04T19:02:51.689017+00:00,Voluntary non-profit - Private,MERCER,8,7,0,7,0,8,7,3,4,0,11,10,1,7,2,15,15,10,8,4,2,2,0.166666667,0.083333333,47,Medium,High
310111,Centrastate Medical Center,901 West Main Street,Freehold,NJ,7728,(732) 294-7012,Acute Care Hospitals,Yes,4,4 stars,3,3 stars,935,4 stars | 3 stars | 4 stars | 3 stars,"May 13, 2026",https://www.medicare.gov/care-compare/details/hospital/310111?city=New%20York&state=NY&zipcode=,2026-08-04T18:28:56.539726+00:00,Voluntary non-profit - Private,MONMOUTH,8,7,2,5,0,8,6,3,3,0,11,7,0,4,3,15,15,10,8,5,3,2,0.25,0.15,43,Large,High
310112,Bayshore Medical Center,727 N Beers St,Holmdel,NJ,7733,(732) 739-5900,Acute Care Hospitals,Yes,4,4 stars,3,3 stars,690,4 stars | 3 stars | 4 stars | 3 stars,"May 13, 2026",https://www.medicare.gov/care-compare/details/hospital/310112?city=New%20York&state=NY&zipcode=,2026-08-04T18:24:29.503524+00:00,Voluntary non-profit - Private,MONMOUTH,8,7,0,7,0,8,6,2,4,0,11,7,0,5,2,15,15,10,9,2,2,0,0.1,0.1,44,Large,High
310113,Southern Ocean Medical Center,1140 Rt 72 W,Manahawkin,NJ,8050,(609) 597-6011,Acute Care Hospitals,Yes,4,4 stars,3,3 stars,635,4 stars | 3 stars | 4 stars | 3 stars,"May 13, 2026",https://www.medicare.gov/care-compare/details/hospital/310113?city=New%20York&state=NY&zipcode=,2026-08-04T19:06:59.167202+00:00,Voluntary non-profit - Private,OCEAN,8,7,0,7,0,8,6,1,5,0,11,9,1,8,0,15,15,10,9,2,0,2,0.090909091,0,46,Large,High
310115,Ahs Hospital Corp,651 Willow Grove St,Hackettstown,NJ,7840,(908) 852-5100,Acute Care Hospitals,Yes,4,4 stars,3,3 stars,740,4 stars | 3 stars | 4 stars | 3 stars,"May 13, 2026",https://www.medicare.gov/care-compare/details/hospital/310115?city=New%20York&state=NY&zipcode=,2026-08-04T18:23:24.401788+00:00,Voluntary non-profit - Private,WARREN,8,7,0,7,0,8,5,0,5,0,11,8,1,6,1,15,15,10,9,1,1,0,0.05,0.05,44,Large,High
310118,Hudson Regional Hospital,55 Meadowlands Pkwy,Secaucus,NJ,7094,(201) 392-3200,Acute Care Hospitals,Yes,2,2 stars,2,2 stars,215,2 stars | 2 stars | 2 stars | 2 stars,"May 13, 2026",https://www.medicare.gov/care-compare/details/hospital/310118?city=New%20York&state=NY&zipcode=,2026-08-04T18:41:32.360338+00:00,Proprietary,HUDSON,8,4,0,3,1,8,3,1,2,0,11,7,0,4,3,15,15,10,8,1,4,-3,0.071428571,0.285714286,37,Small,Low
310119,The University Hospital,150 Bergen St,Newark,NJ,7103,(973) 972-4300,Acute Care Hospitals,Yes,1,1 stars,2,2 stars,513,1 stars | 2 stars | 1 stars | 2 stars,"May 13, 2026",https://www.medicare.gov/care-compare/details/hospital/310119?city=New%20York&state=NY&zipcode=,2026-08-04T19:13:58.620509+00:00,Government - State,ESSEX,8,6,0,6,0,8,6,3,3,0,11,8,0,6,2,15,15,10,7,3,2,1,0.15,0.1,42,Medium,Low
310130,Hackensack Meridian Health Pascack Valley Medical,250 Old Hook Road,Westwood,NJ,7675,(201) 880-2700,Acute Care Hospitals,Yes,5,5 stars,3,3 stars,355,5 stars | 3 stars | 5 stars | 3 stars,"May 13, 2026",https://www.medicare.gov/care-compare/details/hospital/310130?city=New%20York&state=NY&zipcode=,2026-08-04T18:37:53.594939+00:00,Proprietary,BERGEN,8,6,0,6,0,8,4,1,3,0,11,7,0,7,0,15,15,10,8,1,0,1,0.058823529,0,40,Medium,High
312024,Silver Lake Hospital Ltach,495 North 13th Street,Newark,NJ,7107,(973) 587-7713,Long-term,No,,,,,,,"May 13, 2026",https://www.medicare.gov/care-compare/details/hospital/312024?city=New%20York&state=NY&zipcode=,2026-08-04T19:06:05.262591+00:00,Voluntary non-profit - Church,ESSEX,,,,,,,,,,,,,,,,,,,,,,,,,,Unknown,
313300,Children's Specialized Hospital,200 Somerset St,New Brunswick,NJ,8901,(732) 258-7050,Childrens,No,,,,,,,"May 13, 2026",https://www.medicare.gov/care-compare/details/hospital/313300?city=New%20York&state=NY&zipcode=,2026-08-04T18:29:49.424588+00:00,Voluntary non-profit - Private,MIDDLESEX,,,,,,,,,,,,,,,,,,,,,,,,,,Unknown,
313302,Weisman Childrens Rehabilitation Hospital,"92 Brick Road, 3rd Floor",Marlton,NJ,8053,(856) 489-4520,Childrens,No,,,,,,,"May 13, 2026",https://www.medicare.gov/care-compare/details/hospital/313302?city=New%20York&state=NY&zipcode=,2026-08-04T19:17:43.528647+00:00,Proprietary,BURLINGTON,,,,,,,,,,,,,,,,,,,,,,,,,,Unknown,
314001,Summit Oaks Hospital,19 Prospect St,Summit,NJ,7901,(908) 522-7000,Psychiatric,No,,,,,,,"May 13, 2026",https://www.medicare.gov/care-compare/details/hospital/314001?city=New%20York&state=NY&zipcode=,2026-08-04T19:12:28.689603+00:00,Voluntary non-profit - Other,UNION,,,,,,,,,,,,,,,,,,,,,,,,,,Unknown,
314005,Ancora Psych Hosp,Ancora Branch,Hammonton,NJ,8037,(609) 561-1700,Psychiatric,No,,,,,,,"May 13, 2026",https://www.medicare.gov/care-compare/details/hospital/314005?city=New%20York&state=NY&zipcode=,2026-08-04T18:23:51.548640+00:00,Voluntary non-profit - Other,ATLANTIC,,,,,,,,,,,,,,,,,,,,,,,,,,Unknown,
314011,University Behavioral Health Care,671 Hoes Lane West,Piscataway,NJ,8854,(732) 235-5900,Psychiatric,Yes,,,,,,,"May 13, 2026",https://www.medicare.gov/care-compare/details/hospital/314011?city=New%20York&state=NY&zipcode=,2026-08-04T19:14:48.561778+00:00,Government - State,MIDDLESEX,,,,,,,,,,,,,,,,,,,,,,,,,,Unknown,
314012,Hackensack Meridian Health Carrier Clinic,252 Route 601,Belle Mead,NJ,8502,(908) 281-1000,Psychiatric,No,,,,,,,"May 13, 2026",https://www.medicare.gov/care-compare/details/hospital/314012?city=New%20York&state=NY&zipcode=,2026-08-04T18:37:41.376666+00:00,Voluntary non-profit - Private,SOMERSET,,,,,,,,,,,,,,,,,,,,,,,,,,Unknown,
314013,Trenton Psychiatric Hosp,Station A,Trenton,NJ,8625,(609) 633-1586,Psychiatric,No,,,,,,,"May 13, 2026",https://www.medicare.gov/care-compare/details/hospital/314013?city=New%20York&state=NY&zipcode=,2026-08-04T19:14:23.663934+00:00,Government - State,MERCER,,,,,,,,,,,,,,,,,,,,,,,,,,Unknown,
314016,Greystone Park Psychiatric Hospital,59 Koch Avenue,Morris Plains,NJ,7950,(973) 538-1800,Psychiatric,No,,,,,,,"May 13, 2026",https://www.medicare.gov/care-compare/details/hospital/314016?city=New%20York&state=NY&zipcode=,2026-08-04T18:37:15.412011+00:00,Government - State,MORRIS,,,,,,,,,,,,,,,,,,,,,,,,,,Unknown,
314018,Northbrook Behavioral Health Hospital,425 Woodbury Turnersville Road,Blackwood,NJ,8012,(856) 374-6500,Psychiatric,No,,,,,,,"May 13, 2026",https://www.medicare.gov/care-compare/details/hospital/314018?city=New%20York&state=NY&zipcode=,2026-08-04T18:55:59.622382+00:00,Proprietary,CAMDEN,,,,,,,,,,,,,,,,,,,,,,,,,,Unknown,
314019,Ramapo Ridge Behavioral Health Hospital,301 Sicomac Ave,Wyckoff,NJ,7481,(201) 848-5805,Psychiatric,No,,,,,,,"May 13, 2026",https://www.medicare.gov/care-compare/details/hospital/314019?city=New%20York&state=NY&zipcode=,2026-08-04T19:01:13.778877+00:00,Voluntary non-profit - Private,BERGEN,,,,,,,,,,,,,,,,,,,,,,,,,,Unknown,
314020,Essex County Hospital Center,204 Grove Avenue,Cedar Grove,NJ,7009,(973) 571-2801,Psychiatric,No,,,,,,,"May 13, 2026",https://www.medicare.gov/care-compare/details/hospital/314020?city=New%20York&state=NY&zipcode=,2026-08-04T18:33:55.843355+00:00,Government - Local,ESSEX,,,,,,,,,,,,,,,,,,,,,,,,,,Unknown,
314021,Hampton Behavioral Health Center,650 Rancocas Road,Westampton,NJ,8060,(609) 267-7000,Psychiatric,No,,,,,,,"May 13, 2026",https://www.medicare.gov/care-compare/details/hospital/314021?city=New%20York&state=NY&zipcode=,2026-08-04T18:38:32.763646+00:00,Proprietary,BURLINGTON,,,,,,,,,,,,,,,,,,,,,,,,,,Unknown,
314022,Saint Barnabas Behavioral Health Center,1691 Highway 9 - Cn2025,Toms River,NJ,8755,(732) 914-1688,Psychiatric,No,,,,,,,"May 13, 2026",https://www.medicare.gov/care-compare/details/hospital/314022?city=New%20York&state=NY&zipcode=,2026-08-04T19:04:22.693555+00:00,Voluntary non-profit - Private,OCEAN,,,,,,,,,,,,,,,,,,,,,,,,,,Unknown,
314023,Aspen Hills Healthcare Center,600 Pemberton-Browns Mills Road,Pemberton,NJ,8068,(609) 836-6100,Psychiatric,No,,,,,,,"May 13, 2026",https://www.medicare.gov/care-compare/details/hospital/314023?city=New%20York&state=NY&zipcode=,2026-08-04T18:24:04.983718+00:00,Proprietary,BURLINGTON,,,,,,,,,,,,,,,,,,,,,,,,,,Unknown,
314024,Hudson County Meadowview Psychiatric H,595 County Avenue,Secaucus,NJ,7094,(201) 369-5252,Psychiatric,No,,,,,,,"May 13, 2026",https://www.medicare.gov/care-compare/details/hospital/314024?city=New%20York&state=NY&zipcode=,2026-08-04T18:41:20.405455+00:00,Government - Local,HUDSON,,,,,,,,,,,,,,,,,,,,,,,,,,Unknown,
314027,Mountainview Behavioral Hospital,40 Watchung Way,Berkeley Heights,NJ,7922,(908) 771-5857,Psychiatric,No,,,,,,,"May 13, 2026",https://www.medicare.gov/care-compare/details/hospital/314027?city=New%20York&state=NY&zipcode=,2026-08-04T18:53:02.384885+00:00,Proprietary,UNION,,,,,,,,,,,,,,,,,,,,,,,,,,Unknown,
320004,Christus Southern New Mexico,2669 Scenic Drive,Alamogordo,NM,88310,(575) 439-6100,Acute Care Hospitals,Yes,3,3 stars,3,3 stars,392,3 stars | 3 stars | 3 stars | 3 stars,"May 13, 2026",https://www.medicare.gov/care-compare/details/hospital/320004?city=El%20Paso&state=TX&zipcode=,2026-08-04T16:35:12.828115+00:00,Voluntary non-profit - Private,OTERO,8,6,0,6,0,8,5,1,4,0,11,10,1,8,1,15,15,10,9,2,1,1,0.095238095,0.047619048,45,Medium,Medium
320018,Memorial Medical Center,2450 South Telshor Blvd,Las Cruces,NM,88011,(575) 522-8641,Acute Care Hospitals,Yes,2,2 stars,2,2 stars,567,2 stars | 2 stars | 2 stars | 2 stars,"May 13, 2026",https://www.medicare.gov/care-compare/details/hospital/320018?city=El%20Paso&state=TX&zipcode=,2026-08-04T16:36:17.227526+00:00,Proprietary,DONA ANA,8,8,0,7,1,8,6,3,3,0,11,10,0,7,3,15,15,10,9,3,4,-1,0.125,0.166666667,48,Medium,Low
320085,Mountain View Regional Medical Center,4311 East Lohman Avenue,Las Cruces,NM,88011,(575) 556-7610,Acute Care Hospitals,Yes,2,2 stars,2,2 stars,333,2 stars | 2 stars | 2 stars | 2 stars,"May 13, 2026",https://www.medicare.gov/care-compare/details/hospital/320085?city=El%20Paso&state=TX&zipcode=,2026-08-04T16:36:40.930183+00:00,Proprietary,DONA ANA,8,8,0,8,0,8,6,3,3,0,11,10,0,7,3,15,15,10,9,3,3,0,0.125,0.125,48,Medium,Low
320091,Three Crosses Regional Hospital LLC,2560 Samaritan Drive,Las Cruces,NM,88001,(800) 421-8274,Acute Care Hospitals,Yes,3,3 stars,4,4 stars,187,3 stars | 4 stars | 3 stars | 4 stars,"May 13, 2026",https://www.medicare.gov/care-compare/details/hospital/320091?city=El%20Paso&state=TX&zipcode=,2026-08-04T16:38:19.630049+00:00,Proprietary,DONA ANA,8,4,0,4,0,8,4,0,4,0,11,6,1,3,2,15,15,10,7,1,2,-1,0.071428571,0.142857143,36,Small,Medium
321309,Mimbres Valley Medical Center,900 W Ash Street,Deming,NM,88031,(575) 546-5803,Critical Access Hospitals,Yes,3,3 stars,3,3 stars,111,3 stars | 3 stars,"May 13, 2026",https://www.medicare.gov/care-compare/details/hospital/321309?city=El%20Paso&state=TX&zipcode=,2026-08-04T16:36:29.055936+00:00,Proprietary,LUNA,8,2,0,2,0,8,2,0,1,1,11,3,0,2,1,15,5,10,8,0,2,-2,0,0.285714286,20,Small,Medium
324010,"BHC Mesilla Valley Hospital, LLC",3751 Del Rey Boulevard,Las Cruces,NM,88012,(575) 382-3500,Psychiatric,No,,,,,,,"May 13, 2026",https://www.medicare.gov/care-compare/details/hospital/324010?city=El%20Paso&state=TX&zipcode=,2026-08-04T16:34:58.699383+00:00,Proprietary,DONA ANA,,,,,,,,,,,,,,,,,,,,,,,,,,Unknown,
324012,"Peak Behavioral Health Services, LLC","5045 McNutt Road (Bldg's A, B, C & D)",Santa Teresa,NM,88008,(575) 589-3000,Psychiatric,No,,,,,,,"May 13, 2026",https://www.medicare.gov/care-compare/details/hospital/324012?city=El%20Paso&state=TX&zipcode=,2026-08-04T16:36:53.616670+00:00,Proprietary,DONA ANA,,,,,,,,,,,,,,,,,,,,,,,,,,Unknown,
330006,St Joseph's Medical Center,127 South Broadway,Yonkers,NY,10701,(914) 378-7000,Acute Care Hospitals,Yes,1,1 stars,1,1 stars,187,1 stars | 1 stars | 1 stars | 1 stars,"May 13, 2026",https://www.medicare.gov/care-compare/details/hospital/330006?city=New%20York&state=NY&zipcode=,2026-08-04T19:09:18.956634+00:00,Voluntary non-profit - Private,WESTCHESTER,8,3,0,3,0,8,4,0,4,0,11,5,0,3,2,15,15,10,7,0,2,-2,0,0.166666667,34,Small,Low
330009,Bronxcare Hospital Center,1276 Fulton Avenue,Bronx,NY,10456,(212) 588-7000,Acute Care Hospitals,Yes,1,1 stars,2,2 stars,336,1 stars | 2 stars | 1 stars | 2 stars,"May 13, 2026",https://www.medicare.gov/care-compare/details/hospital/330009?city=New%20York&state=NY&zipcode=,2026-08-04T18:26:37.767235+00:00,Voluntary non-profit - Private,BRONX,8,5,0,5,0,8,7,0,7,0,11,5,0,2,3,15,15,10,7,0,3,-3,0,0.176470588,39,Medium,Low
330014,Jamaica Hospital Medical Center,89th Avenue and Van Wyck Expressway,Jamaica,NY,11418,(718) 262-6000,Acute Care Hospitals,Yes,1,1 stars,2,2 stars,385,1 stars | 2 stars | 1 stars | 2 stars,"May 13, 2026",https://www.medicare.gov/care-compare/details/hospital/330014?city=New%20York&state=NY&zipcode=,2026-08-04T18:42:32.300183+00:00,Voluntary non-profit - Private,QUEENS,8,7,0,7,0,8,6,3,2,1,11,7,0,5,2,15,15,10,7,3,3,0,0.15,0.15,42,Medium,Low
330019,"New York Community Hospital of Brooklyn, Inc.",2525 Kings Highway,Brooklyn,NY,11229,(718) 692-5302,Acute Care Hospitals,Yes,1,1 stars,1,1 stars,245,1 stars | 1 stars | 1 stars | 1 stars,"May 13, 2026",https://www.medicare.gov/care-compare/details/hospital/330019?city=New%20York&state=NY&zipcode=,2026-08-04T18:54:18.488658+00:00,Voluntary non-profit - Private,KINGS,8,7,0,7,0,8,4,0,4,0,11,8,0,5,3,15,15,10,4,0,3,-3,0,0.157894737,38,Medium,Low
330023,Vassar Brothers Medical Center,45 Reade Place,Poughkeepsie,NY,12601,(845) 454-8500,Acute Care Hospitals,Yes,3,3 stars,3,3 stars,1126,3 stars | 3 stars | 3 stars | 3 stars,"May 13, 2026",https://www.medicare.gov/care-compare/details/hospital/330023?city=New%20York&state=NY&zipcode=,2026-08-04T19:16:29.074887+00:00,Voluntary non-profit - Private,DUTCHESS,8,8,4,4,0,8,7,4,3,0,11,10,0,8,2,15,15,10,9,8,2,6,0.32,0.08,49,Large,Medium
330024,Mount Sinai Hospital,One Gustave L Levy Place,New York,NY,10029,(212) 241-7981,Acute Care Hospitals,Yes,4,4 stars,3,3 stars,2090,4 stars | 3 stars | 4 stars | 3 stars,"May 13, 2026",https://www.medicare.gov/care-compare/details/hospital/330024?city=New%20York&state=NY&zipcode=,2026-08-04T18:52:24.008680+00:00,Voluntary non-profit - Private,NEW YORK,8,8,4,4,0,8,8,4,3,1,11,11,1,8,2,15,15,10,9,9,3,6,0.333333333,0.111111111,51,Large,High
330027,Nassau University Medical Center,2201 Hempstead Turnpike,East Meadow,NY,11554,(516) 572-0123,Acute Care Hospitals,Yes,1,1 stars,1,1 stars,231,1 stars | 1 stars | 1 stars | 1 stars,"May 13, 2026",https://www.medicare.gov/care-compare/details/hospital/330027?city=New%20York&state=NY&zipcode=,2026-08-04T18:53:41.205075+00:00,Government - State,NASSAU,8,7,0,6,1,8,5,2,3,0,11,6,0,3,3,15,15,10,8,2,4,-2,0.111111111,0.222222222,41,Medium,Low
330028,Richmond University Medical Center,355 Bard Avenue,Staten Island,NY,10310,(718) 354-5047,Acute Care Hospitals,Yes,1,1 stars,2,2 stars,300,1 stars | 2 stars | 1 stars | 2 stars,"May 13, 2026",https://www.medicare.gov/care-compare/details/hospital/330028?city=New%20York&state=NY&zipcode=,2026-08-04T19:01:50.282576+00:00,Voluntary non-profit - Private,RICHMOND,8,7,0,7,0,8,7,1,6,0,11,10,0,8,2,15,15,10,7,1,2,-1,0.041666667,0.083333333,46,Medium,Low
330043,Ns/Lij Hs Southside Hospital,301 East Main Street,Bay Shore,NY,11706,(631) 968-3000,Acute Care Hospitals,Yes,3,3 stars,3,3 stars,959,3 stars | 3 stars | 3 stars | 3 stars,"May 13, 2026",https://www.medicare.gov/care-compare/details/hospital/330043?city=New%20York&state=NY&zipcode=,2026-08-04T18:57:25.220217+00:00,Voluntary non-profit - Private,SUFFOLK,8,8,1,7,0,8,8,3,5,0,11,11,0,8,3,15,15,10,8,4,3,1,0.148148148,0.111111111,50,Large,Medium
330045,Ns/Lij Hs Huntington Hospital,270 Park Avenue,Huntington,NY,11743,(631) 351-2000,Acute Care Hospitals,Yes,5,5 stars,4,4 stars,627,5 stars | 4 stars | 5 stars | 4 stars,"May 13, 2026",https://www.medicare.gov/care-compare/details/hospital/330045?city=New%20York&state=NY&zipcode=,2026-08-04T18:57:12.988648+00:00,Voluntary non-profit - Private,SUFFOLK,8,7,4,3,0,8,7,2,5,0,11,8,1,5,2,15,15,10,9,7,2,5,0.318181818,0.090909091,46,Large,High
330046,Mount Sinai West,1000 Tenth Avenue,New York,NY,10019,(212) 523-4000,Acute Care Hospitals,Yes,4,4 stars,2,2 stars,1042,4 stars | 2 stars | 4 stars | 2 stars,"May 13, 2026",https://www.medicare.gov/care-compare/details/hospital/330046?city=New%20York&state=NY&zipcode=,2026-08-04T18:52:48.385246+00:00,Voluntary non-profit - Church,NEW YORK,8,8,3,5,0,8,8,3,5,0,11,11,1,7,3,15,15,10,8,7,3,4,0.259259259,0.111111111,50,Large,High
330049,Northern Dutchess Hospital,6511 Springbrook Avenue,Rhinebeck,NY,12572,(845) 871-3391,Acute Care Hospitals,Yes,4,4 stars,4,4 stars,612,4 stars | 4 stars | 4 stars | 4 stars,"May 13, 2026",https://www.medicare.gov/care-compare/details/hospital/330049?city=New%20York&state=NY&zipcode=,2026-08-04T18:56:12.588820+00:00,Voluntary non-profit - Private,DUTCHESS,8,6,1,5,0,8,6,1,5,0,11,9,1,8,0,15,15,10,8,3,0,3,0.142857143,0,44,Large,High
330055,New York-Presbyterian/Queens,56-45 Main Street,Flushing,NY,11355,(718) 670-2000,Acute Care Hospitals,Yes,5,5 stars,3,3 stars,703,5 stars | 3 stars | 5 stars | 3 stars,"May 13, 2026",https://www.medicare.gov/care-compare/details/hospital/330055?city=New%20York&state=NY&zipcode=,2026-08-04T18:54:55.948822+00:00,Voluntary non-profit - Private,QUEENS,8,7,3,4,0,8,7,4,3,0,11,10,2,8,0,15,15,10,8,9,0,9,0.375,0,47,Large,High
330056,Brooklyn Hospital Center - Downtown Campus,121 Dekalb Avenue,Brooklyn,NY,11201,(718) 250-8000,Acute Care Hospitals,Yes,2,2 stars,2,2 stars,237,2 stars | 2 stars | 2 stars | 2 stars,"May 13, 2026",https://www.medicare.gov/care-compare/details/hospital/330056?city=New%20York&state=NY&zipcode=,2026-08-04T18:27:14.148005+00:00,Voluntary non-profit - Other,KINGS,8,6,0,6,0,8,7,1,6,0,11,10,0,8,2,15,15,10,8,1,2,-1,0.043478261,0.086956522,46,Medium,Low
330059,Montefiore Medical Center,111 East 210th Street,Bronx,NY,10467,(718) 920-4321,Acute Care Hospitals,Yes,3,3 stars,2,2 stars,2203,3 stars | 2 stars | 3 stars | 2 stars,"May 13, 2026",https://www.medicare.gov/care-compare/details/hospital/330059?city=New%20York&state=NY&zipcode=,2026-08-04T18:50:57.942529+00:00,Voluntary non-profit - Private,BRONX,8,8,5,3,0,8,8,2,5,1,11,11,1,7,3,15,15,10,8,8,4,4,0.296296296,0.148148148,50,Large,Medium
330080,Lincoln Medical & Mental Health Center,234 East 149th Street,Bronx,NY,10451,(718) 579-5000,Acute Care Hospitals,Yes,2,2 stars,2,2 stars,350,2 stars | 2 stars | 2 stars | 2 stars,"May 13, 2026",https://www.medicare.gov/care-compare/details/hospital/330080?city=New%20York&state=NY&zipcode=,2026-08-04T18:47:22.665643+00:00,Government - Local,BRONX,8,4,0,4,0,8,6,2,4,0,11,4,0,3,1,15,15,10,7,2,1,1,0.142857143,0.071428571,36,Medium,Low
330086,Montefiore Mount Vernon Hospital,12 North 7th Avenue,Mount Vernon,NY,10550,(914) 664-8000,Acute Care Hospitals,Yes,3,3 stars,2,2 stars,122,3 stars | 2 stars | 3 stars | 2 stars,"May 13, 2026",https://www.medicare.gov/care-compare/details/hospital/330086?city=New%20York&state=NY&zipcode=,2026-08-04T18:51:10.185175+00:00,Voluntary non-profit - Private,WESTCHESTER,8,3,0,3,0,8,2,0,2,0,11,2,0,2,0,15,10,10,6,0,0,0,0,0,23,Small,Medium
330100,NY Eye and Ear Infirmary of Mount Sinai,230 Second Ave,New York,NY,10003,(212) 979-4000,Acute Care Hospitals,No,,,,,231,,"May 13, 2026",https://www.medicare.gov/care-compare/details/hospital/330100?city=New%20York&state=NY&zipcode=,2026-08-04T18:53:16.191218+00:00,Voluntary non-profit - Private,NEW YORK,8,,,,,8,,,,,11,1,0,1,0,15,5,10,2,0,0,0,0,0,8,Medium,
330101,New York-Presbyterian Hospital,525 East 68th Street,New York,NY,10065,(212) 746-5454,Acute Care Hospitals,Yes,5,5 stars,3,3 stars,4714,5 stars | 3 stars | 5 stars | 3 stars,"May 13, 2026",https://www.medicare.gov/care-compare/details/hospital/330101?city=New%20York&state=NY&zipcode=,2026-08-04T18:54:43.791613+00:00,Voluntary non-profit - Private,NEW YORK,8,8,6,2,0,8,8,4,4,0,11,11,3,6,2,15,15,10,9,13,2,11,0.481481481,0.074074074,51,Large,High
330104,Nyack Hospital,160 North Midland Avenue,Nyack,NY,10960,(845) 348-2000,Acute Care Hospitals,Yes,2,2 stars,2,2 stars,504,2 stars | 2 stars | 2 stars | 2 stars,"May 13, 2026",https://www.medicare.gov/care-compare/details/hospital/330104?city=New%20York&state=NY&zipcode=,2026-08-04T18:57:38.132114+00:00,Voluntary non-profit - Private,ROCKLAND,8,7,0,7,0,8,7,1,6,0,11,10,0,8,2,15,15,10,9,1,2,-1,0.041666667,0.083333333,48,Medium,Low
330106,North Shore University Hospital,300 Community Drive,Manhasset,NY,11030,(516) 562-0100,Acute Care Hospitals,Yes,5,5 stars,3,3 stars,3949,5 stars | 3 stars | 5 stars | 3 stars,"May 13, 2026",https://www.medicare.gov/care-compare/details/hospital/330106?city=New%20York&state=NY&zipcode=,2026-08-04T18:55:45.733902+00:00,Voluntary non-profit - Private,NASSAU,8,8,5,3,0,8,7,3,4,0,11,11,0,7,4,15,15,10,10,8,4,4,0.307692308,0.153846154,51,Large,High
330107,Peconic Bay Medical Center,1 Heros Way,Riverhead,NY,11901,(631) 548-6000,Acute Care Hospitals,Yes,2,2 stars,3,3 stars,473,2 stars | 3 stars | 2 stars | 3 stars,"May 13, 2026",https://www.medicare.gov/care-compare/details/hospital/330107?city=New%20York&state=NY&zipcode=,2026-08-04T18:58:41.694663+00:00,Voluntary non-profit - Other,SUFFOLK,8,7,0,7,0,8,7,3,4,0,11,8,0,5,3,15,15,10,9,3,3,0,0.136363636,0.136363636,46,Medium,Low
330119,Lenox Hill Hospital,100 East 77th Street,New York,NY,10075,(212) 434-2000,Acute Care Hospitals,Yes,5,5 stars,2,2 stars,1319,5 stars | 2 stars | 5 stars | 2 stars,"May 13, 2026",https://www.medicare.gov/care-compare/details/hospital/330119?city=New%20York&state=NY&zipcode=,2026-08-04T18:47:09.728132+00:00,Voluntary non-profit - Private,NEW YORK,8,8,4,4,0,8,8,4,4,0,11,11,1,10,0,15,15,10,8,9,0,9,0.333333333,0,50,Large,High
330126,Garnet Health Medical Center,707 East Main Street,Middletown,NY,10940,(845) 343-2424,Acute Care Hospitals,Yes,4,4 stars,3,3 stars,865,4 stars | 3 stars | 4 stars | 3 stars,"May 13, 2026",https://www.medicare.gov/care-compare/details/hospital/330126?city=New%20York&state=NY&zipcode=,2026-08-04T18:35:16.199039+00:00,Voluntary non-profit - Private,ORANGE,8,8,2,6,0,8,8,2,6,0,11,11,0,9,2,15,15,10,9,4,2,2,0.148148148,0.074074074,51,Large,High
330127,Jacobi Medical Center,1400 Pelham Parkway South,Bronx,NY,10461,(718) 918-5000,Acute Care Hospitals,Yes,2,2 stars,2,2 stars,114,2 stars | 2 stars | 2 stars | 2 stars,"May 13, 2026",https://www.medicare.gov/care-compare/details/hospital/330127?city=New%20York&state=NY&zipcode=,2026-08-04T18:42:19.896486+00:00,Government - Local,BRONX,8,6,0,6,0,8,6,2,4,0,11,6,0,4,2,15,15,10,7,2,2,0,0.111111111,0.111111111,40,Small,Low
330128,Elmhurst Hospital Center,79-01 Broadway,Elmhurst,NY,11373,(718) 334-1141,Acute Care Hospitals,Yes,2,2 stars,2,2 stars,425,2 stars | 2 stars | 2 stars | 2 stars,"May 13, 2026",https://www.medicare.gov/care-compare/details/hospital/330128?city=New%20York&state=NY&zipcode=,2026-08-04T18:33:30.945796+00:00,Government - Local,QUEENS,8,6,0,6,0,8,6,1,5,0,11,5,2,3,0,15,15,10,7,3,0,3,0.176470588,0,39,Medium,Low
330135,Bon Secours Community Hospital,160 East Main Street,Port Jervis,NY,12771,(845) 856-5351,Acute Care Hospitals,Yes,2,2 stars,3,3 stars,210,2 stars | 3 stars | 2 stars | 3 stars,"May 13, 2026",https://www.medicare.gov/care-compare/details/hospital/330135?city=New%20York&state=NY&zipcode=,2026-08-04T18:25:37.201504+00:00,Voluntary non-profit - Private,ORANGE,8,5,0,5,0,8,2,0,2,0,11,5,0,4,1,15,15,10,7,0,1,-1,0,0.083333333,34,Small,Low
330141,Long Island Community Hospital,101 Hospital Road,Patchogue,NY,11772,(631) 654-7100,Acute Care Hospitals,Yes,4,4 stars,2,2 stars,922,4 stars | 2 stars | 4 stars | 2 stars,"May 13, 2026",https://www.medicare.gov/care-compare/details/hospital/330141?city=New%20York&state=NY&zipcode=,2026-08-04T18:47:34.878658+00:00,Voluntary non-profit - Private,SUFFOLK,8,7,2,5,0,8,7,2,5,0,11,8,1,6,1,15,15,10,8,5,1,4,0.227272727,0.045454545,45,Large,High
330158,Good Samaritan Hospital of Suffern,255 Lafayette Avenue,Suffern,NY,10901,(914) 368-5000,Acute Care Hospitals,Yes,3,3 stars,2,2 stars,543,3 stars | 2 stars | 3 stars | 2 stars,"May 13, 2026",https://www.medicare.gov/care-compare/details/hospital/330158?city=New%20York&state=NY&zipcode=,2026-08-04T18:36:34.666351+00:00,Voluntary non-profit - Private,ROCKLAND,8,8,0,8,0,8,7,2,5,0,11,11,0,7,4,15,15,10,8,2,4,-2,0.076923077,0.153846154,49,Medium,Medium
33015F,VA Hudson Valley Healthcare System,2094 Albany Post Road,Montrose,NY,10548,(914) 737-4400,Acute Care - Veterans Administration,No,5,5 stars,5,5 stars,,5 stars | 5 stars,"May 13, 2026",https://www.medicare.gov/care-compare/details/hospital/33015F?city=New%20York&state=NY&zipcode=,2026-08-04T19:15:12.293401+00:00,Veterans Health Administration,WESTCHESTER,8,3,0,3,0,8,,,,,11,4,2,2,0,15,10,10,2,2,0,2,0.285714286,0,19,Unknown,High
330160,Staten Island University Hospital,475 Seaview Avenue,Staten Island,NY,10305,(418) 226-9761,Acute Care Hospitals,Yes,3,3 stars,2,2 stars,1103,3 stars | 2 stars | 3 stars | 2 stars,"May 13, 2026",https://www.medicare.gov/care-compare/details/hospital/330160?city=New%20York&state=NY&zipcode=,2026-08-04T19:12:02.690930+00:00,Voluntary non-profit - Private,RICHMOND,8,8,2,6,0,8,8,4,4,0,11,11,0,8,3,15,15,10,8,6,3,3,0.222222222,0.111111111,50,Large,Medium
330162,Northern Westchester Hospital,400 East Main Street,Mount Kisco,NY,10549,(914) 666-1200,Acute Care Hospitals,Yes,5,5 stars,4,4 stars,758,5 stars | 4 stars | 5 stars | 4 stars,"May 13, 2026",https://www.medicare.gov/care-compare/details/hospital/330162?city=New%20York&state=NY&zipcode=,2026-08-04T18:56:24.643306+00:00,Voluntary non-profit - Private,WESTCHESTER,8,7,1,6,0,8,8,1,7,0,11,10,1,8,1,15,15,10,8,3,1,2,0.12,0.04,48,Large,High
330169,Mount Sinai Beth Israel,281 1st Ave,New York,NY,10003,(212) 420-2000,Acute Care Hospitals,Yes,3,3 stars,2,2 stars,781,3 stars | 2 stars | 3 stars | 2 stars,"May 13, 2026",https://www.medicare.gov/care-compare/details/hospital/330169?city=New%20York&state=NY&zipcode=,2026-08-04T18:52:11.849268+00:00,Voluntary non-profit - Private,NEW YORK,8,7,3,4,0,8,6,2,4,0,11,9,0,5,4,15,15,10,9,5,4,1,0.227272727,0.181818182,46,Large,Medium
33016F,Bronx VA Medical Center,130 West Kingsbridge Road,Bronx,NY,10468,(718) 584-9000,Acute Care - Veterans Administration,Yes,4,4 stars,3,3 stars,,4 stars | 3 stars | 4 stars | 3 stars,"May 13, 2026",https://www.medicare.gov/care-compare/details/hospital/33016F?city=New%20York&state=NY&zipcode=,2026-08-04T18:26:25.906133+00:00,Veterans Health Administration,BRONX,8,4,0,4,0,8,3,0,2,1,11,4,0,4,0,15,10,10,4,0,1,-1,0,0.090909091,25,Unknown,High
33017F,VA New York Harbor Healthcare System - NY Div.,423 East 23rd Street,New York,NY,10010,(212) 686-7500,Acute Care - Veterans Administration,Yes,3,3 stars,3,3 stars,,3 stars | 3 stars | 3 stars | 3 stars,"May 13, 2026",https://www.medicare.gov/care-compare/details/hospital/33017F?city=New%20York&state=NY&zipcode=,2026-08-04T19:15:49.529197+00:00,Veterans Health Administration,NEW YORK,8,5,1,4,0,8,2,0,2,0,11,6,0,4,2,15,10,10,5,1,2,-1,0.076923077,0.153846154,28,Unknown,Medium
330181,Northwell Hospital Glen Cove,101 St Andrews Lane,Glen Cove,NY,11542,(516) 674-7300,Acute Care Hospitals,Yes,5,5 stars,4,4 stars,507,5 stars | 4 stars | 5 stars | 4 stars,"May 13, 2026",https://www.medicare.gov/care-compare/details/hospital/330181?city=New%20York&state=NY&zipcode=,2026-08-04T18:56:48.834447+00:00,Voluntary non-profit - Private,NASSAU,8,6,1,5,0,8,4,1,3,0,11,6,2,4,0,15,15,10,7,4,0,4,0.25,0,38,Medium,High
330182,St Francis Hospital - the Heart Center,100 Port Washington Boulevard,Roslyn,NY,11576,(516) 562-6000,Acute Care Hospitals,Yes,5,5 stars,4,4 stars,1192,5 stars | 4 stars | 5 stars | 4 stars,"May 13, 2026",https://www.medicare.gov/care-compare/details/hospital/330182?city=New%20York&state=NY&zipcode=,2026-08-04T19:08:42.826786+00:00,Voluntary non-profit - Church,NASSAU,8,8,5,3,0,8,7,3,4,0,11,11,0,7,4,15,15,10,7,8,4,4,0.307692308,0.153846154,48,Large,High
330184,Montefiore New Rochelle Hospital,16 Guion Place,New Rochelle,NY,10802,(914) 632-5000,Acute Care Hospitals,Yes,1,1 stars,2,2 stars,219,1 stars | 2 stars | 1 stars | 2 stars,"May 13, 2026",https://www.medicare.gov/care-compare/details/hospital/330184?city=New%20York&state=NY&zipcode=,2026-08-04T18:51:22.457074+00:00,Voluntary non-profit - Private,WESTCHESTER,8,6,0,5,1,8,6,1,5,0,11,7,0,5,2,15,15,10,7,1,3,-2,0.052631579,0.157894737,41,Small,Low
330185,John T Mather Memorial Hospital of Port Jefferson,75 North Country Road,Port Jefferson,NY,11777,(631) 473-1320,Acute Care Hospitals,Yes,5,5 stars,4,4 stars,866,5 stars | 4 stars | 5 stars | 4 stars,"May 13, 2026",https://www.medicare.gov/care-compare/details/hospital/330185?city=New%20York&state=NY&zipcode=,2026-08-04T18:44:51.883784+00:00,Voluntary non-profit - Private,SUFFOLK,8,7,3,4,0,8,7,1,6,0,11,8,1,7,0,15,15,10,7,5,0,5,0.227272727,0,44,Large,High
330193,Flushing Hospital Medical Center,45th Avenue and Parsons Boulevard,Flushing,NY,11355,(718) 670-5000,Acute Care Hospitals,Yes,2,2 stars,3,3 stars,200,2 stars | 3 stars | 2 stars | 3 stars,"May 13, 2026",https://www.medicare.gov/care-compare/details/hospital/330193?city=New%20York&state=NY&zipcode=,2026-08-04T18:34:20.646428+00:00,Voluntary non-profit - Private,QUEENS,8,6,0,6,0,8,5,1,4,0,11,6,0,5,1,15,15,10,7,1,1,0,0.058823529,0.058823529,39,Small,Low
330194,Maimonides Medical Center,4802 Tenth Avenue,Brooklyn,NY,11219,(718) 283-6000,Acute Care Hospitals,Yes,2,2 stars,2,2 stars,968,2 stars | 2 stars | 2 stars | 2 stars,"May 13, 2026",https://www.medicare.gov/care-compare/details/hospital/330194?city=New%20York&state=NY&zipcode=,2026-08-04T18:48:12.979347+00:00,Voluntary non-profit - Private,KINGS,8,8,4,4,0,8,7,1,5,1,11,11,1,6,4,15,15,10,8,6,5,1,0.230769231,0.192307692,49,Large,Low
330195,Long Island Jewish Medical Center,270 - 05 76th Avenue,New Hyde Park,NY,11040,(718) 470-7000,Acute Care Hospitals,Yes,4,4 stars,3,3 stars,2382,4 stars | 3 stars | 4 stars | 3 stars,"May 13, 2026",https://www.medicare.gov/care-compare/details/hospital/330195?city=New%20York&state=NY&zipcode=,2026-08-04T18:47:47.323084+00:00,Voluntary non-profit - Private,NASSAU,8,7,4,3,0,8,8,5,3,0,11,10,1,6,3,15,15,10,9,10,3,7,0.4,0.12,49,Large,High
330196,South Brooklyn Health,2601 Ocean Parkway,Brooklyn,NY,11235,(718) 616-4834,Acute Care Hospitals,Yes,2,2 stars,2,2 stars,370,2 stars | 2 stars | 2 stars | 2 stars,"May 13, 2026",https://www.medicare.gov/care-compare/details/hospital/330196?city=New%20York&state=NY&zipcode=,2026-08-04T19:06:31.885690+00:00,Voluntary non-profit - Other,KINGS,8,7,0,7,0,8,6,2,4,0,11,7,0,4,3,15,15,10,7,2,3,-1,0.1,0.15,42,Medium,Low
330198,Mount Sinai South Nassau,One Healthy Way,Oceanside,NY,11572,(516) 632-3000,Acute Care Hospitals,Yes,3,3 stars,2,2 stars,616,3 stars | 2 stars | 3 stars | 2 stars,"May 13, 2026",https://www.medicare.gov/care-compare/details/hospital/330198?city=New%20York&state=NY&zipcode=,2026-08-04T18:52:36.134363+00:00,Voluntary non-profit - Private,NASSAU,8,7,3,4,0,8,8,1,7,0,11,10,1,7,2,15,15,10,9,5,2,3,0.2,0.08,49,Large,Medium
330199,Metropolitan Hospital Center,1901 First Avenue,New York,NY,10029,(212) 423-6262,Acute Care Hospitals,Yes,3,3 stars,2,2 stars,236,3 stars | 2 stars | 3 stars | 2 stars,"May 13, 2026",https://www.medicare.gov/care-compare/details/hospital/330199?city=New%20York&state=NY&zipcode=,2026-08-04T18:49:42.590750+00:00,Government - Local,NEW YORK,8,2,0,2,0,8,5,2,3,0,11,3,1,2,0,15,15,10,6,3,0,3,0.3,0,31,Medium,Medium
33019F,Northport VA Medical Center,79 Middleville Road,Northport,NY,11768,(516) 261-4400,Acute Care - Veterans Administration,Yes,5,5 stars,4,4 stars,,5 stars | 4 stars | 5 stars | 4 stars,"May 13, 2026",https://www.medicare.gov/care-compare/details/hospital/33019F?city=New%20York&state=NY&zipcode=,2026-08-04T18:56:36.816804+00:00,Veterans Health Administration,SUFFOLK,8,3,0,3,0,8,3,0,3,0,11,5,0,5,0,15,10,10,4,0,0,0,0,0,25,Unknown,High
330202,Kings County Hospital Center,451 Clarkson Avenue,Brooklyn,NY,11203,(718) 245-3901,Acute Care Hospitals,Yes,1,1 stars,2,2 stars,172,1 stars | 2 stars | 1 stars | 2 stars,"May 13, 2026",https://www.medicare.gov/care-compare/details/hospital/330202?city=New%20York&state=NY&zipcode=,2026-08-04T18:45:33.990092+00:00,Government - Local,KINGS,8,6,0,6,0,8,6,1,4,1,11,4,0,3,1,15,15,10,7,1,2,-1,0.0625,0.125,38,Small,Low
330204,Bellevue Hospital Center,462 First Avenue,New York,NY,10016,(212) 561-4132,Acute Care Hospitals,Yes,2,2 stars,2,2 stars,388,2 stars | 2 stars | 2 stars | 2 stars,"May 13, 2026",https://www.medicare.gov/care-compare/details/hospital/330204?city=New%20York&state=NY&zipcode=,2026-08-04T18:24:41.744417+00:00,Government - Local,NEW YORK,8,6,0,6,0,8,6,1,5,0,11,7,1,4,2,15,15,10,7,2,2,0,0.105263158,0.105263158,41,Medium,Low
330205,St Anthony Community Hospital,15 Maple Avenue -19,Warwick,NY,10990,(845) 986-2276,Acute Care Hospitals,No,4,4 stars,3,3 stars,276,4 stars | 3 stars | 4 stars | 3 stars,"May 13, 2026",https://www.medicare.gov/care-compare/details/hospital/330205?city=New%20York&state=NY&zipcode=,2026-08-04T19:07:25.921902+00:00,Voluntary non-profit - Church,ORANGE,8,5,0,5,0,8,3,0,3,0,11,7,1,6,0,15,15,10,7,1,0,1,0.066666667,0,37,Medium,High
330208,St John's Riverside Hospital,976 North Broadway,Yonkers,NY,10701,(914) 964-4444,Acute Care Hospitals,Yes,3,3 stars,3,3 stars,442,3 stars | 3 stars | 3 stars | 3 stars,"May 13, 2026",https://www.medicare.gov/care-compare/details/hospital/330208?city=New%20York&state=NY&zipcode=,2026-08-04T19:09:06.968685+00:00,Voluntary non-profit - Private,WESTCHESTER,8,6,0,6,0,8,7,2,4,1,11,9,0,7,2,15,15,10,7,2,3,-1,0.090909091,0.136363636,44,Medium,Medium
33020F,VA New York Harbor Healthcare System - Brooklyn,800 Poly Place,Brooklyn,NY,11209,(718) 836-6600,Acute Care - Veterans Administration,Yes,4,4 stars,4,4 stars,,4 stars | 4 stars,"May 13, 2026",https://www.medicare.gov/care-compare/details/hospital/33020F?city=New%20York&state=NY&zipcode=,2026-08-04T19:15:36.809097+00:00,Veterans Health Administration,KINGS,8,4,2,2,0,8,4,0,4,0,11,5,0,4,1,15,,10,,2,1,1,0.153846154,0.076923077,13,Unknown,High
330214,NYU Langone Hospitals,550 First Avenue,New York,NY,10016,(212) 263-7300,Acute Care Hospitals,Yes,5,5 stars,3,3 stars,5431,5 stars | 3 stars | 5 stars | 3 stars,"May 13, 2026",https://www.medicare.gov/care-compare/details/hospital/330214?city=New%20York&state=NY&zipcode=,2026-08-04T18:53:28.246416+00:00,Voluntary non-profit - Private,NEW YORK,8,8,8,0,0,8,8,5,2,1,11,11,8,1,2,15,15,10,10,21,3,18,0.777777778,0.111111111,52,Large,High
330221,Wyckoff Heights Medical Center,374 Stockholm Street,Brooklyn,NY,11237,(718) 963-7272,Acute Care Hospitals,Yes,2,2 stars,2,2 stars,208,2 stars | 2 stars | 2 stars | 2 stars,"May 13, 2026",https://www.medicare.gov/care-compare/details/hospital/330221?city=New%20York&state=NY&zipcode=,2026-08-04T19:19:08.889336+00:00,Voluntary non-profit - Private,KINGS,8,6,0,6,0,8,6,1,5,0,11,5,0,4,1,15,15,10,8,1,1,0,0.058823529,0.058823529,40,Small,Low
330224,Healthalliance Hospital Marys Avenue Campus,105 Mary's Avenue,Kingston,NY,12401,(845) 338-2500,Acute Care Hospitals,Yes,1,1 stars,1,1 stars,409,1 stars | 1 stars | 1 stars | 1 stars,"May 13, 2026",https://www.medicare.gov/care-compare/details/hospital/330224?city=New%20York&state=NY&zipcode=,2026-08-04T18:39:37.871422+00:00,Voluntary non-profit - Private,ULSTER,8,7,0,7,0,8,7,0,7,0,11,10,0,8,2,15,15,10,9,0,2,-2,0,0.083333333,48,Medium,Low
330231,Queens Hospital Center,82-68 164th Street,Jamaica,NY,11432,(718) 883-3000,Acute Care Hospitals,Yes,2,2 stars,3,3 stars,100,2 stars | 3 stars | 2 stars | 3 stars,"May 13, 2026",https://www.medicare.gov/care-compare/details/hospital/330231?city=New%20York&state=NY&zipcode=,2026-08-04T19:01:00.129931+00:00,Voluntary non-profit - Other,QUEENS,8,5,0,5,0,8,6,2,4,0,11,4,1,2,1,15,15,10,8,3,1,2,0.2,0.066666667,38,Small,Low
330233,Brookdale Hospital Medical Center,1 Brookdale Plaza,Brooklyn,NY,11212,(718) 240-5966,Acute Care Hospitals,Yes,1,1 stars,1,1 stars,428,1 stars | 1 stars | 1 stars | 1 stars,"May 13, 2026",https://www.medicare.gov/care-compare/details/hospital/330233?city=New%20York&state=NY&zipcode=,2026-08-04T18:26:49.641901+00:00,Voluntary non-profit - Private,KINGS,8,7,0,7,0,8,6,3,2,1,11,6,0,5,1,15,15,10,7,3,2,1,0.157894737,0.105263158,41,Medium,Low
330234,Westchester Medical Center,100 Woods Rd,Valhalla,NY,10595,(914) 493-7000,Acute Care Hospitals,Yes,2,2 stars,2,2 stars,1035,2 stars | 2 stars | 2 stars | 2 stars,"May 13, 2026",https://www.medicare.gov/care-compare/details/hospital/330234?city=New%20York&state=NY&zipcode=,2026-08-04T19:18:19.490481+00:00,Voluntary non-profit - Other,WESTCHESTER,8,8,0,8,0,8,8,4,4,0,11,11,0,8,3,15,15,10,8,4,3,1,0.148148148,0.111111111,50,Large,Low
330240,Harlem Hospital Center,506 Lenox Avenue,New York,NY,10037,(212) 939-1000,Acute Care Hospitals,Yes,2,2 stars,1,1 stars,243,2 stars | 1 stars | 2 stars | 1 stars,"May 13, 2026",https://www.medicare.gov/care-compare/details/hospital/330240?city=New%20York&state=NY&zipcode=,2026-08-04T18:38:45.514328+00:00,Voluntary non-profit - Other,NEW YORK,8,5,0,5,0,8,6,2,4,0,11,5,0,3,2,15,15,10,7,2,2,0,0.125,0.125,38,Medium,Low
330246,St Charles Hospital,200 Belle Terre Road,Port Jefferson,NY,11777,(631) 474-6000,Acute Care Hospitals,Yes,5,5 stars,3,3 stars,651,5 stars | 3 stars | 5 stars | 3 stars,"May 13, 2026",https://www.medicare.gov/care-compare/details/hospital/330246?city=New%20York&state=NY&zipcode=,2026-08-04T19:08:04.905780+00:00,Voluntary non-profit - Church,SUFFOLK,8,6,0,6,0,8,6,1,5,0,11,7,1,6,0,15,15,10,7,2,0,2,0.105263158,0,41,Large,High
330259,Mercy Medical Center,1000 North Village Avenue,Rockville Centre,NY,11571,(516) 705-2525,Acute Care Hospitals,Yes,5,5 stars,3,3 stars,560,5 stars | 3 stars | 5 stars | 3 stars,"May 13, 2026",https://www.medicare.gov/care-compare/details/hospital/330259?city=New%20York&state=NY&zipcode=,2026-08-04T18:49:30.400552+00:00,Voluntary non-profit - Church,NASSAU,8,7,0,7,0,8,7,2,5,0,11,9,1,7,1,15,15,10,7,3,1,2,0.130434783,0.043478261,45,Medium,High
33025F,Keller ACH (West Point),900 Washington Rd,West Point,NY,10996,(845) 938-4034,Acute Care - Department of Defense,Yes,,,,,,,"May 13, 2026",https://www.medicare.gov/care-compare/details/hospital/33025F?city=New%20York&state=NY&zipcode=,2026-08-04T18:45:06.594590+00:00,Department of Defense,ORANGE,,,,,,,,,,,,,,,,,,,,,,,,,,Unknown,
330261,Phelps Hospital,701 North Broadway,Sleepy Hollow,NY,10591,(914) 366-3000,Acute Care Hospitals,Yes,4,4 stars,3,3 stars,752,4 stars | 3 stars | 4 stars | 3 stars,"May 13, 2026",https://www.medicare.gov/care-compare/details/hospital/330261?city=New%20York&state=NY&zipcode=,2026-08-04T18:59:18.698471+00:00,Voluntary non-profit - Private,WESTCHESTER,8,6,0,6,0,8,7,1,6,0,11,9,1,8,0,15,15,10,9,2,0,2,0.090909091,0,46,Large,High
330264,Montefiore St Luke's Cornwall,70 Dubois Street,Newburgh,NY,12550,(845) 458-4900,Acute Care Hospitals,Yes,2,2 stars,3,3 stars,469,2 stars | 3 stars | 2 stars | 3 stars,"May 13, 2026",https://www.medicare.gov/care-compare/details/hospital/330264?city=New%20York&state=NY&zipcode=,2026-08-04T18:51:34.587540+00:00,Voluntary non-profit - Private,ORANGE,8,7,0,7,0,8,7,1,5,1,11,10,0,9,1,15,15,10,8,1,2,-1,0.041666667,0.083333333,47,Medium,Low
330267,Hudson Valley Hospital Center,1980 Crompond Road,Cortlandt Manor,NY,10567,(914) 734-3611,Acute Care Hospitals,Yes,5,5 stars,4,4 stars,580,5 stars | 4 stars | 5 stars | 4 stars,"May 13, 2026",https://www.medicare.gov/care-compare/details/hospital/330267?city=New%20York&state=NY&zipcode=,2026-08-04T18:41:44.200409+00:00,Voluntary non-profit - Private,WESTCHESTER,8,7,0,7,0,8,7,1,6,0,11,10,2,7,1,15,15,10,8,3,1,2,0.125,0.041666667,47,Medium,High
330270,Hospital for Special Surgery,535 East 70th Street,New York,NY,10021,(212) 606-1000,Acute Care Hospitals,No,5,5 stars,4,4 stars,907,5 stars | 4 stars | 5 stars | 4 stars,"May 13, 2026",https://www.medicare.gov/care-compare/details/hospital/330270?city=New%20York&state=NY&zipcode=,2026-08-04T18:40:55.584128+00:00,Voluntary non-profit - Private,NEW YORK,8,2,0,2,0,8,3,2,1,0,11,3,3,0,0,15,15,10,3,5,0,5,0.625,0,26,Large,High
330273,Putnam Hospital Center,670 Stoneleigh Avenue,Carmel,NY,10512,(914) 279-5711,Acute Care Hospitals,Yes,3,3 stars,4,4 stars,407,3 stars | 4 stars | 3 stars | 4 stars,"May 13, 2026",https://www.medicare.gov/care-compare/details/hospital/330273?city=New%20York&state=NY&zipcode=,2026-08-04T19:00:47.683877+00:00,Voluntary non-profit - Private,PUTNAM,8,5,1,4,0,8,2,0,2,0,11,7,0,7,0,15,15,10,7,1,0,1,0.071428571,0,36,Medium,Medium
330286,Good Samaritan Hospital Medical Center,1000 Montauk Highway,West Islip,NY,11795,(631) 376-3000,Acute Care Hospitals,Yes,3,3 stars,2,2 stars,1198,3 stars | 2 stars | 3 stars | 2 stars,"May 13, 2026",https://www.medicare.gov/care-compare/details/hospital/330286?city=New%20York&state=NY&zipcode=,2026-08-04T18:36:21.701575+00:00,Voluntary non-profit - Private,SUFFOLK,8,8,0,6,2,8,8,4,3,1,11,11,0,8,3,15,15,10,8,4,6,-2,0.148148148,0.222222222,50,Large,Medium
330304,White Plains Hospital Center,Davis Ave at E Post Road,White Plains,NY,10601,(914) 681-0600,Acute Care Hospitals,Yes,5,5 stars,3,3 stars,1205,5 stars | 3 stars | 5 stars | 3 stars,"May 13, 2026",https://www.medicare.gov/care-compare/details/hospital/330304?city=New%20York&state=NY&zipcode=,2026-08-04T19:18:32.079159+00:00,Voluntary non-profit - Private,WESTCHESTER,8,8,4,4,0,8,8,2,6,0,11,11,0,9,2,15,15,10,9,6,2,4,0.222222222,0.074074074,51,Large,High
330331,Plainview Hospital,888 Old Country Road,Plainview,NY,11803,(516) 719-3000,Acute Care Hospitals,Yes,4,4 stars,3,3 stars,447,4 stars | 3 stars | 4 stars | 3 stars,"May 13, 2026",https://www.medicare.gov/care-compare/details/hospital/330331?city=New%20York&state=NY&zipcode=,2026-08-04T19:00:22.909185+00:00,Voluntary non-profit - Private,NASSAU,8,6,2,4,0,8,7,2,5,0,11,8,1,7,0,15,15,10,8,5,0,5,0.238095238,0,44,Medium,High
330332,Chsli St Joseph Hospital,4295 Hempstead Turnpike,Bethpage,NY,11714,(516) 759-6000,Acute Care Hospitals,Yes,3,3 stars,3,3 stars,448,3 stars | 3 stars | 3 stars | 3 stars,"May 13, 2026",https://www.medicare.gov/care-compare/details/hospital/330332?city=New%20York&state=NY&zipcode=,2026-08-04T18:30:14.019046+00:00,Voluntary non-profit - Private,NASSAU,8,7,1,5,1,8,7,1,6,0,11,8,0,6,2,15,15,10,8,2,3,-1,0.090909091,0.136363636,45,Medium,Medium
330350,Suny/Downstate University Hospital of Brooklyn,445 Lenox Road,Brooklyn,NY,11203,(718) 270-1000,Acute Care Hospitals,Yes,1,1 stars,2,2 stars,234,1 stars | 2 stars | 1 stars | 2 stars,"May 13, 2026",https://www.medicare.gov/care-compare/details/hospital/330350?city=New%20York&state=NY&zipcode=,2026-08-04T19:12:42.086633+00:00,Government - State,KINGS,8,5,0,5,0,8,7,1,6,0,11,6,0,4,2,15,15,10,7,1,2,-1,0.055555556,0.111111111,40,Medium,Low
330386,Garnet Health Medical Center Catskills,"68 Harris Bushville Road, P O Box 800",Harris,NY,12742,(845) 794-3300,Acute Care Hospitals,Yes,2,2 stars,2,2 stars,277,2 stars | 2 stars | 2 stars | 2 stars,"May 13, 2026",https://www.medicare.gov/care-compare/details/hospital/330386?city=New%20York&state=NY&zipcode=,2026-08-04T18:35:28.772008+00:00,Voluntary non-profit - Private,SULLIVAN,8,5,0,5,0,8,2,0,2,0,11,6,0,4,2,15,15,10,8,0,2,-2,0,0.153846154,36,Medium,Low
330393,Suny/Stony Brook University Hospital,Health Sciences Center Suny,Stony Brook,NY,11794,(631) 444-4000,Acute Care Hospitals,Yes,5,5 stars,3,3 stars,1872,5 stars | 3 stars | 5 stars | 3 stars,"May 13, 2026",https://www.medicare.gov/care-compare/details/hospital/330393?city=New%20York&state=NY&zipcode=,2026-08-04T19:12:54.784020+00:00,Government - State,SUFFOLK,8,8,4,4,0,8,8,4,4,0,11,11,0,9,2,15,15,10,9,8,2,6,0.296296296,0.074074074,51,Large,High
330395,St John's Episcopal Hospital at South Shore,327 Beach 19th Street,Far Rockaway,NY,11691,(718) 869-7000,Acute Care Hospitals,Yes,1,1 stars,2,2 stars,241,1 stars | 2 stars | 1 stars | 2 stars,"May 13, 2026",https://www.medicare.gov/care-compare/details/hospital/330395?city=New%20York&state=NY&zipcode=,2026-08-04T19:08:55.028251+00:00,Voluntary non-profit - Private,QUEENS,8,7,0,5,2,8,5,0,4,1,11,5,0,2,3,15,15,10,7,0,6,-6,0,0.352941176,39,Medium,Low
330396,Woodhull Medical & Mental Health Center,760 Broadway,Brooklyn,NY,11206,(718) 963-8100,Acute Care Hospitals,Yes,2,2 stars,2,2 stars,80,2 stars | 2 stars | 2 stars | 2 stars,"May 13, 2026",https://www.medicare.gov/care-compare/details/hospital/330396?city=New%20York&state=NY&zipcode=,2026-08-04T19:18:57.036740+00:00,Government - Local,KINGS,8,3,0,3,0,8,6,1,5,0,11,3,0,1,2,15,15,10,8,1,2,-1,0.083333333,0.166666667,35,Small,Low
330399,St Barnabas Hospital,4422 Third Avenue,Bronx,NY,10457,(212) 960-9000,Acute Care Hospitals,Yes,1,1 stars,2,2 stars,226,1 stars | 2 stars | 1 stars | 2 stars,"May 13, 2026",https://www.medicare.gov/care-compare/details/hospital/330399?city=New%20York&state=NY&zipcode=,2026-08-04T19:07:39.166835+00:00,Voluntary non-profit - Private,BRONX,8,4,0,4,0,8,6,2,4,0,11,4,0,2,2,15,15,10,7,2,2,0,0.142857143,0.142857143,36,Small,Low
330401,St Catherine of Siena Hospital,50 Route 25a,Smithtown,NY,11787,(631) 862-3000,Acute Care Hospitals,Yes,5,5 stars,3,3 stars,505,5 stars | 3 stars | 5 stars | 3 stars,"May 13, 2026",https://www.medicare.gov/care-compare/details/hospital/330401?city=New%20York&state=NY&zipcode=,2026-08-04T19:07:51.725302+00:00,Voluntary non-profit - Church,SUFFOLK,8,7,1,6,0,8,7,2,5,0,11,7,1,5,1,15,15,10,7,4,1,3,0.19047619,0.047619048,43,Medium,High
330405,Helen Hayes Hospital,51 North Route 9w,West Haverstraw,NY,10993,(845) 786-4000,Acute Care Hospitals,No,,,,,131,,"May 13, 2026",https://www.medicare.gov/care-compare/details/hospital/330405?city=New%20York&state=NY&zipcode=,2026-08-04T18:40:04.018825+00:00,Government - State,ROCKLAND,8,,,,,8,,,,,11,,,,,15,,10,1,,,,,,1,Small,
331303,Garnet Health Medical Center Catskills,8081 State Route 97,Callicoon,NY,12723,(845) 887-5530,Critical Access Hospitals,Yes,,,,,29,,"May 13, 2026",https://www.medicare.gov/care-compare/details/hospital/331303?city=New%20York&state=NY&zipcode=,2026-08-04T18:35:42.697746+00:00,Voluntary non-profit - Private,SULLIVAN,8,,,,,8,,,,,11,,,,,15,,10,5,,,,,,5,Small,
331310,Ellenville Regional Hospital,10 Healthy Way,Ellenville,NY,12428,(845) 647-6400,Critical Access Hospitals,Yes,,,,,106,,"May 13, 2026",https://www.medicare.gov/care-compare/details/hospital/331310?city=New%20York&state=NY&zipcode=,2026-08-04T18:33:18.835407+00:00,Voluntary non-profit - Private,ULSTER,8,2,0,2,0,8,,,,,11,3,0,2,1,15,,10,5,0,1,-1,0,0.2,10,Small,
333301,Blythedale Children's Hospital,95 Bradhurst Avenue,Valhalla,NY,10595,(914) 592-7555,Childrens,No,,,,,,,"May 13, 2026",https://www.medicare.gov/care-compare/details/hospital/333301?city=New%20York&state=NY&zipcode=,2026-08-04T18:25:23.182747+00:00,Voluntary non-profit - Private,WESTCHESTER,,,,,,,,,,,,,,,,,,,,,,,,,,Unknown,
334002,Four Winds,800 Cross River Rd,Katonah,NY,10536,(914) 763-8151,Psychiatric,No,,,,,,,"May 13, 2026",https://www.medicare.gov/care-compare/details/hospital/334002?city=New%20York&state=NY&zipcode=,2026-08-04T18:34:49.203124+00:00,Proprietary,WESTCHESTER,,,,,,,,,,,,,,,,,,,,,,,,,,Unknown,
334004,Creedmoor Psychiatric Center,80-45 Winchester Blvd Bldg B,Queens Village,NY,11427,(718) 264-4000,Psychiatric,No,,,,,,,"May 13, 2026",https://www.medicare.gov/care-compare/details/hospital/334004?city=New%20York&state=NY&zipcode=,2026-08-04T18:32:01.375979+00:00,Government - State,QUEENS,,,,,,,,,,,,,,,,,,,,,,,,,,Unknown,
334009,New York State Psychiatric Institute,722 W 168th St,New York,NY,10032,(212) 543-5000,Psychiatric,No,,,,,,,"May 13, 2026",https://www.medicare.gov/care-compare/details/hospital/334009?city=New%20York&state=NY&zipcode=,2026-08-04T18:54:31.624931+00:00,Government - State,NEW YORK,,,,,,,,,,,,,,,,,,,,,,,,,,Unknown,
334013,Pilgrim Psychiatric Center,998 Crooked Hill Road,West Brentwood,NY,11717,(631) 761-3500,Psychiatric,No,,,,,,,"May 13, 2026",https://www.medicare.gov/care-compare/details/hospital/334013?city=New%20York&state=NY&zipcode=,2026-08-04T19:00:09.101354+00:00,Government - State,SUFFOLK,,,,,,,,,,,,,,,,,,,,,,,,,,Unknown,
334015,Rockland Psych Ctr,140 Old Orangeburg Rd,Orangeburg,NY,10962,(845) 359-1000,Psychiatric,No,,,,,,,"May 13, 2026",https://www.medicare.gov/care-compare/details/hospital/334015?city=New%20York&state=NY&zipcode=,2026-08-04T19:03:30.944541+00:00,Government - State,ROCKLAND,,,,,,,,,,,,,,,,,,,,,,,,,,Unknown,
334026,"Brunswick Hospital Center, Inc.",81 Louden Ave,Amityville,NY,11701,(516) 789-7000,Psychiatric,No,,,,,,,"May 13, 2026",https://www.medicare.gov/care-compare/details/hospital/334026?city=New%20York&state=NY&zipcode=,2026-08-04T18:27:27.201525+00:00,Proprietary,SUFFOLK,,,,,,,,,,,,,,,,,,,,,,,,,,Unknown,
334027,South Oaks Hosp,400 Sunrise Highway,Amityville,NY,11701,(516) 264-4000,Psychiatric,No,,,,,,,"May 13, 2026",https://www.medicare.gov/care-compare/details/hospital/334027?city=New%20York&state=NY&zipcode=,2026-08-04T19:06:45.618104+00:00,Voluntary non-profit - Private,SUFFOLK,,,,,,,,,,,,,,,,,,,,,,,,,,Unknown,
334043,South Beach Psychiatric Center,777 Seaview Ave,Staten Island,NY,10305,(718) 667-2300,Psychiatric,No,,,,,,,"May 13, 2026",https://www.medicare.gov/care-compare/details/hospital/334043?city=New%20York&state=NY&zipcode=,2026-08-04T19:06:19.442714+00:00,Government - State,RICHMOND,,,,,,,,,,,,,,,,,,,,,,,,,,Unknown,
334048,Gracie Square Hosp,420 East 76 St,New York,NY,10021,(212) 434-5322,Psychiatric,No,,,,,,,"May 13, 2026",https://www.medicare.gov/care-compare/details/hospital/334048?city=New%20York&state=NY&zipcode=,2026-08-04T18:36:48.922323+00:00,Voluntary non-profit - Private,NEW YORK,,,,,,,,,,,,,,,,,,,,,,,,,,Unknown,
334053,Bronx Psychiatric Center,1500 Waters Place,Bronx,NY,10461,(718) 931-0600,Psychiatric,No,,,,,,,"May 13, 2026",https://www.medicare.gov/care-compare/details/hospital/334053?city=New%20York&state=NY&zipcode=,2026-08-04T18:26:13.962738+00:00,Government - State,BRONX,,,,,,,,,,,,,,,,,,,,,,,,,,Unknown,
334054,Manhattan Psychiatric Center,600 E 125th Street,New York,NY,10035,(646) 672-6767,Psychiatric,No,,,,,,,"May 13, 2026",https://www.medicare.gov/care-compare/details/hospital/334054?city=New%20York&state=NY&zipcode=,2026-08-04T18:48:52.909409+00:00,Government - State,NEW YORK,,,,,,,,,,,,,,,,,,,,,,,,,,Unknown,
334060,Kirby Forensic Psychiatric Center,Ward Island,New York,NY,10035,(212) 427-9003,Psychiatric,No,,,,,,,"May 13, 2026",https://www.medicare.gov/care-compare/details/hospital/334060?city=New%20York&state=NY&zipcode=,2026-08-04T18:46:04.425995+00:00,Government - State,NEW YORK,,,,,,,,,,,,,,,,,,,,,,,,,,Unknown,
334061,Mid Hudson Forensic Psychiatric Ctr,Box 158 Route 17m,New Hampton,NY,10958,(845) 374-3171,Psychiatric,No,,,,,,,"May 13, 2026",https://www.medicare.gov/care-compare/details/hospital/334061?city=New%20York&state=NY&zipcode=,2026-08-04T18:49:55.732416+00:00,Government - State,ORANGE,,,,,,,,,,,,,,,,,,,,,,,,,,Unknown,
334063,Kingsboro Psychiatric Hospital,681 Clarkson Avenue,Brooklyn,NY,11203,(718) 221-7395,Psychiatric,No,,,,,,,"May 13, 2026",https://www.medicare.gov/care-compare/details/hospital/334063?city=New%20York&state=NY&zipcode=,2026-08-04T18:45:49.617993+00:00,Government - State,KINGS,,,,,,,,,,,,,,,,,,,,,,,,,,Unknown,
334064,Sagamore Childrens Psychiatric Center,197 Half Hollow Road,DIX Hills,NY,11746,(631) 370-1701,Psychiatric,No,,,,,,,"May 13, 2026",https://www.medicare.gov/care-compare/details/hospital/334064?city=New%20York&state=NY&zipcode=,2026-08-04T19:04:09.227025+00:00,Government - State,SUFFOLK,,,,,,,,,,,,,,,,,,,,,,,,,,Unknown,
334066,Rockland Childrens Psychiatric Center,2 First Ave,Orangeburg,NY,10962,(845) 680-8004,Psychiatric,No,,,,,,,"May 13, 2026",https://www.medicare.gov/care-compare/details/hospital/334066?city=New%20York&state=NY&zipcode=,2026-08-04T19:03:17.462115+00:00,Government - State,ROCKLAND,,,,,,,,,,,,,,,,,,,,,,,,,,Unknown,
334067,New York City Childrens Psych Center,7403 Commonwealth Blvd,Bellerose,NY,11426,(718) 692-2543,Psychiatric,No,,,,,,,"May 13, 2026",https://www.medicare.gov/care-compare/details/hospital/334067?city=New%20York&state=NY&zipcode=,2026-08-04T18:54:06.446379+00:00,Government - State,QUEENS,,,,,,,,,,,,,,,,,,,,,,,,,,Unknown,
340001,Carolinas Medical Center-Northeast,920 Church St N,Concord,NC,28025,(704) 783-3000,Acute Care Hospitals,Yes,4,4 stars,3,3 stars,1349,4 stars | 3 stars | 4 stars | 3 stars,"May 13, 2026",https://www.medicare.gov/care-compare/details/hospital/340001?city=Charlotte&state=NC&zipcode=,2026-08-04T19:23:40.964399+00:00,Government - Hospital District or Authority,CABARRUS,8,8,1,7,0,8,7,3,4,0,11,11,1,9,1,15,15,10,10,5,1,4,0.192307692,0.038461538,51,Large,High
340015,Novant Health Rowan Medical Center,612 Mocksville Ave,Salisbury,NC,28144,(704) 210-5000,Acute Care Hospitals,Yes,4,4 stars,2,2 stars,498,4 stars | 2 stars | 4 stars | 2 stars,"May 13, 2026",https://www.medicare.gov/care-compare/details/hospital/340015?city=Charlotte&state=NC&zipcode=,2026-08-04T19:26:58.267372+00:00,Voluntary non-profit - Private,ROWAN,8,7,0,6,1,8,7,1,6,0,11,10,2,8,0,15,15,10,10,3,1,2,0.125,0.041666667,49,Medium,High
340021,Atrium Health Cleveland,201 E Grover St,Shelby,NC,28150,(704) 487-3000,Acute Care Hospitals,Yes,3,3 stars,3,3 stars,745,3 stars | 3 stars | 3 stars | 3 stars,"May 13, 2026",https://www.medicare.gov/care-compare/details/hospital/340021?city=Charlotte&state=NC&zipcode=,2026-08-04T19:22:41.681796+00:00,Government - Hospital District or Authority,CLEVELAND,8,6,0,6,0,8,7,2,5,0,11,9,0,8,1,15,15,10,10,2,1,1,0.090909091,0.045454545,47,Large,Medium
340032,Caromont Regional Medical Center,2525 Court Dr,Gastonia,NC,28052,(704) 834-4891,Acute Care Hospitals,Yes,4,4 stars,3,3 stars,756,4 stars | 3 stars | 4 stars | 3 stars,"May 13, 2026",https://www.medicare.gov/care-compare/details/hospital/340032?city=Charlotte&state=NC&zipcode=,2026-08-04T19:24:04.747097+00:00,Voluntary non-profit - Private,GASTON,8,8,0,8,0,8,7,3,4,0,11,11,1,10,0,15,15,10,9,4,0,4,0.153846154,0,50,Large,High
340039,Iredell Memorial Hospital Inc,557 Brookdale Dr,Statesville,NC,28677,(704) 878-5661,Acute Care Hospitals,Yes,3,3 stars,3,3 stars,360,3 stars | 3 stars | 3 stars | 3 stars,"May 13, 2026",https://www.medicare.gov/care-compare/details/hospital/340039?city=Charlotte&state=NC&zipcode=,2026-08-04T19:25:20.529156+00:00,Voluntary non-profit - Private,IREDELL,8,7,0,7,0,8,7,1,6,0,11,7,0,7,0,15,15,10,8,1,0,1,0.047619048,0,44,Medium,Medium
340053,Novant Health Presbyterian Medical Center,200 Hawthorne Lane Box 33549,Charlotte,NC,28233,(704) 384-4000,Acute Care Hospitals,Yes,5,5 stars,3,3 stars,1809,5 stars | 3 stars | 5 stars | 3 stars,"May 13, 2026",https://www.medicare.gov/care-compare/details/hospital/340053?city=Charlotte&state=NC&zipcode=,2026-08-04T19:26:46.060301+00:00,Voluntary non-profit - Private,MECKLENBURG,8,8,0,8,0,8,8,4,4,0,11,11,2,7,2,15,15,10,8,6,2,4,0.222222222,0.074074074,50,Large,High
340084,Atrium Health Anson,2301 US Highway 74 West,Wadesboro,NC,28170,(704) 694-5131,Acute Care Hospitals,Yes,,,,,133,,"May 13, 2026",https://www.medicare.gov/care-compare/details/hospital/340084?city=Charlotte&state=NC&zipcode=,2026-08-04T19:22:29.660200+00:00,Government - Hospital District or Authority,ANSON,8,2,0,2,0,8,,,,,11,2,0,2,0,15,,10,7,0,0,0,0,0,11,Small,
340098,Atrium Health Pineville,10628 Park Rd,Charlotte,NC,28210,(704) 379-5000,Acute Care Hospitals,Yes,3,3 stars,3,3 stars,1283,3 stars | 3 stars | 3 stars | 3 stars,"May 13, 2026",https://www.medicare.gov/care-compare/details/hospital/340098?city=Charlotte&state=NC&zipcode=,2026-08-04T19:23:05.393981+00:00,Government - Hospital District or Authority,MECKLENBURG,8,8,1,7,0,8,7,1,6,0,11,9,0,8,1,15,15,10,9,2,1,1,0.083333333,0.041666667,48,Large,Medium
340113,Carolinas Medical Center/Behav Health,1000 Blythe Blvd,Charlotte,NC,28203,(704) 355-2000,Acute Care Hospitals,Yes,4,4 stars,3,3 stars,4042,4 stars | 3 stars | 4 stars | 3 stars,"May 13, 2026",https://www.medicare.gov/care-compare/details/hospital/340113?city=Charlotte&state=NC&zipcode=,2026-08-04T19:23:52.886796+00:00,Government - Hospital District or Authority,MECKLENBURG,8,8,0,8,0,8,8,3,5,0,11,11,1,9,1,15,15,10,8,4,1,3,0.148148148,0.037037037,50,Large,High
340116,Frye Regional Medical Center,420 N Center St,Hickory,NC,28601,(828) 322-6070,Acute Care Hospitals,Yes,2,2 stars,3,3 stars,497,2 stars | 3 stars | 2 stars | 3 stars,"May 13, 2026",https://www.medicare.gov/care-compare/details/hospital/340116?city=Charlotte&state=NC&zipcode=,2026-08-04T19:24:54.848654+00:00,Proprietary,CATAWBA,8,8,0,7,1,8,6,1,5,0,11,10,0,9,1,15,15,10,10,1,2,-1,0.041666667,0.083333333,49,Medium,Low
340119,Stanly Regional Medical Center,301 Yadkin St,Albemarle,NC,28001,(704) 984-4000,Acute Care Hospitals,Yes,3,3 stars,3,3 stars,383,3 stars | 3 stars | 3 stars | 3 stars,"May 13, 2026",https://www.medicare.gov/care-compare/details/hospital/340119?city=Charlotte&state=NC&zipcode=,2026-08-04T19:27:35.433408+00:00,Voluntary non-profit - Private,STANLY,8,6,0,6,0,8,3,1,2,0,11,6,2,4,0,15,15,10,8,3,0,3,0.2,0,38,Medium,Medium
340129,Duke Health Lake Norman Hospital,171 Fairview Road,Mooresville,NC,28117,(704) 660-4000,Acute Care Hospitals,Yes,1,1 stars,2,2 stars,243,1 stars | 2 stars | 1 stars | 2 stars,"May 13, 2026",https://www.medicare.gov/care-compare/details/hospital/340129?city=Charlotte&state=NC&zipcode=,2026-08-04T19:24:42.120607+00:00,Proprietary,IREDELL,8,6,0,5,1,8,6,1,5,0,11,7,0,6,1,15,15,10,9,1,2,-1,0.052631579,0.105263158,43,Medium,Low
340130,Atrium Health Union,600 Hospital Dr,Monroe,NC,28112,(704) 283-3100,Acute Care Hospitals,Yes,4,4 stars,4,4 stars,986,4 stars | 4 stars | 4 stars | 4 stars,"May 13, 2026",https://www.medicare.gov/care-compare/details/hospital/340130?city=Charlotte&state=NC&zipcode=,2026-08-04T19:23:17.213085+00:00,Government - Hospital District or Authority,UNION,8,7,0,7,0,8,7,1,6,0,11,8,0,5,3,15,15,10,9,1,3,-2,0.045454545,0.136363636,46,Large,High
340143,Catawba Valley Medical Center,810 Fairgrove Church Rd,Hickory,NC,28602,(828) 326-3809,Acute Care Hospitals,Yes,2,2 stars,4,4 stars,530,2 stars | 4 stars | 2 stars | 4 stars,"May 13, 2026",https://www.medicare.gov/care-compare/details/hospital/340143?city=Charlotte&state=NC&zipcode=,2026-08-04T19:24:16.888930+00:00,Voluntary non-profit - Other,CATAWBA,8,7,0,2,5,8,8,1,7,0,11,10,2,8,0,15,15,10,9,3,5,-2,0.12,0.2,49,Medium,Low
340145,Atrium Health Lincoln,433 McAlister Rd,Lincolnton,NC,28092,(980) 212-2000,Acute Care Hospitals,Yes,3,3 stars,4,4 stars,469,3 stars | 4 stars | 3 stars | 4 stars,"May 13, 2026",https://www.medicare.gov/care-compare/details/hospital/340145?city=Charlotte&state=NC&zipcode=,2026-08-04T19:22:53.584478+00:00,Government - Hospital District or Authority,LINCOLN,8,5,0,5,0,8,6,1,5,0,11,6,0,5,1,15,15,10,9,1,1,0,0.058823529,0.058823529,41,Medium,Medium
340166,Atrium Health University City,8800 North Tyron Street,Charlotte,NC,28262,(704) 548-6000,Acute Care Hospitals,Yes,3,3 stars,3,3 stars,740,3 stars | 3 stars | 3 stars | 3 stars,"May 13, 2026",https://www.medicare.gov/care-compare/details/hospital/340166?city=Charlotte&state=NC&zipcode=,2026-08-04T19:23:29.098025+00:00,Government - Hospital District or Authority,MECKLENBURG,8,5,0,5,0,8,6,1,5,0,11,6,0,6,0,15,15,10,9,1,0,1,0.058823529,0,41,Large,Medium
340171,Novant Health Matthews Medical Center,1500 Matthews Twnshp Prkwy Box 3310,Matthews,NC,28106,(704) 384-6500,Acute Care Hospitals,Yes,5,5 stars,3,3 stars,944,5 stars | 3 stars | 5 stars | 3 stars,"May 13, 2026",https://www.medicare.gov/care-compare/details/hospital/340171?city=Charlotte&state=NC&zipcode=,2026-08-04T19:26:21.767906+00:00,Voluntary non-profit - Other,MECKLENBURG,8,7,2,5,0,8,8,1,7,0,11,8,1,4,3,15,15,10,9,4,3,1,0.173913043,0.130434783,47,Large,High
34017F,W.G. (Bill) Hefner Salisbury VA Medical Center (Salsbury),1601 Brenner Avenue,Salisbury,NC,28144,(704) 638-9000,Acute Care - Veterans Administration,Yes,4,4 stars,4,4 stars,,4 stars | 4 stars | 4 stars | 4 stars,"May 13, 2026",https://www.medicare.gov/care-compare/details/hospital/34017F?city=Charlotte&state=NC&zipcode=,2026-08-04T19:27:47.249054+00:00,Veterans Health Administration,ROWAN,8,3,1,2,0,8,1,0,1,0,11,4,3,1,0,15,10,10,5,4,0,4,0.5,0,23,Unknown,High
340183,Novant Health Huntersville Medical Center,10030 Gilead Road,Huntersville,NC,28078,(704) 316-4000,Acute Care Hospitals,Yes,4,4 stars,3,3 stars,744,4 stars | 3 stars | 4 stars | 3 stars,"May 13, 2026",https://www.medicare.gov/care-compare/details/hospital/340183?city=Charlotte&state=NC&zipcode=,2026-08-04T19:26:09.252837+00:00,Voluntary non-profit - Private,MECKLENBURG,8,7,0,7,0,8,7,2,5,0,11,8,2,5,1,15,15,10,9,4,1,3,0.181818182,0.045454545,46,Large,High
340190,Novant Health Mint Hill Medical Center,8201 Healthcare Loop,Charlotte,NC,28215,(704) 384-4089,Acute Care Hospitals,Yes,5,5 stars,4,4 stars,525,5 stars | 4 stars | 5 stars | 4 stars,"May 13, 2026",https://www.medicare.gov/care-compare/details/hospital/340190?city=Charlotte&state=NC&zipcode=,2026-08-04T19:26:33.938208+00:00,Voluntary non-profit - Private,MECKLENBURG,8,5,1,4,0,8,2,1,1,0,11,6,2,4,0,15,15,10,7,4,0,4,0.307692308,0,35,Medium,High
340195,Novant Health Ballantyne Medical Center,10905 Providence Road W,Charlotte,NC,28277,(704) 384-4000,Acute Care Hospitals,Yes,4,4 stars,4,4 stars,446,4 stars | 4 stars,"May 13, 2026",https://www.medicare.gov/care-compare/details/hospital/340195?city=Charlotte&state=NC&zipcode=,2026-08-04T19:25:57.060850+00:00,Voluntary non-profit - Private,MECKLENBURG,8,2,0,2,0,8,2,0,2,0,11,3,1,2,0,15,15,10,7,1,0,1,0.142857143,0,29,Medium,High
344036,Iredell Davis Behavioral Health Hospital,557 Brookdale Drive,Statesville,NC,28677,(704) 873-0281,Psychiatric,Yes,,,,,,,"May 13, 2026",https://www.medicare.gov/care-compare/details/hospital/344036?city=Charlotte&state=NC&zipcode=,2026-08-04T19:25:08.323896+00:00,Proprietary,IREDELL,,,,,,,,,,,,,,,,,,,,,,,,,,Unknown,
390001,Geisinger-Community Medical Center,1822 Mulberry Street,Scranton,PA,18510,(570) 703-8000,Acute Care Hospitals,Yes,2,2 stars,3,3 stars,1246,2 stars | 3 stars | 2 stars | 3 stars,"May 13, 2026",https://www.medicare.gov/care-compare/details/hospital/390001?city=New%20York&state=NY&zipcode=,2026-08-04T18:36:08.640007+00:00,Voluntary non-profit - Private,LACKAWANNA,8,8,0,8,0,8,7,2,4,1,11,11,1,8,2,15,15,10,10,3,3,0,0.115384615,0.115384615,51,Large,Low
390012,Jefferson Lansdale Hospital,100 Medical Campus Drive,Lansdale,PA,19446,(215) 368-2100,Acute Care Hospitals,Yes,3,3 stars,2,2 stars,390,3 stars | 2 stars | 3 stars | 2 stars,"May 13, 2026",https://www.medicare.gov/care-compare/details/hospital/390012?city=New%20York&state=NY&zipcode=,2026-08-04T18:43:35.378391+00:00,Voluntary non-profit - Private,MONTGOMERY,8,6,0,6,0,8,5,0,5,0,11,6,1,3,2,15,15,10,7,1,2,-1,0.058823529,0.117647059,39,Medium,Medium
390025,Kensington Hospital,136 W Diamond Street,Philadelphia,PA,19122,(215) 426-8100,Acute Care Hospitals,No,,,,,3,,"May 13, 2026",https://www.medicare.gov/care-compare/details/hospital/390025?city=New%20York&state=NY&zipcode=,2026-08-04T18:45:21.341016+00:00,Voluntary non-profit - Other,PHILADELPHIA,8,,,,,8,,,,,11,,,,,15,,10,1,,,,,,1,Small,
390026,Temple Health - Chestnut Hill Hospital,8835 Germantown Avenue,Philadelphia,PA,19118,(215) 248-8200,Acute Care Hospitals,Yes,2,2 stars,2,2 stars,449,2 stars | 2 stars | 2 stars | 2 stars,"May 13, 2026",https://www.medicare.gov/care-compare/details/hospital/390026?city=New%20York&state=NY&zipcode=,2026-08-04T19:13:07.692138+00:00,Voluntary non-profit - Private,PHILADELPHIA,8,6,1,5,0,8,7,0,7,0,11,7,0,5,2,15,15,10,7,1,2,-1,0.05,0.1,42,Medium,Low
390027,Temple University Hospital,3401 North Broad Street,Philadelphia,PA,19140,(215) 707-2000,Acute Care Hospitals,Yes,4,4 stars,3,3 stars,1324,4 stars | 3 stars | 4 stars | 3 stars,"May 13, 2026",https://www.medicare.gov/care-compare/details/hospital/390027?city=New%20York&state=NY&zipcode=,2026-08-04T19:13:20.023746+00:00,Voluntary non-profit - Private,PHILADELPHIA,8,8,2,6,0,8,8,3,5,0,11,11,1,9,1,15,15,10,9,6,1,5,0.222222222,0.037037037,51,Large,High
390035,St Luke's Hospital - Upper Bucks Campus,3000 St. Luke's Drive,Quakertown,PA,18951,(267) 985-1000,Acute Care Hospitals,Yes,5,5 stars,4,4 stars,1136,5 stars | 4 stars | 5 stars | 4 stars,"May 13, 2026",https://www.medicare.gov/care-compare/details/hospital/390035?city=New%20York&state=NY&zipcode=,2026-08-04T19:10:31.283065+00:00,Proprietary,BUCKS,8,5,0,5,0,8,6,1,5,0,11,9,0,8,1,15,15,10,8,1,1,0,0.05,0.05,43,Large,High
390049,St Lukes Hospital,801 Ostrum Street,Bethlehem,PA,18015,(484) 526-4000,Acute Care Hospitals,Yes,5,5 stars,4,4 stars,3172,5 stars | 4 stars | 5 stars | 4 stars,"May 13, 2026",https://www.medicare.gov/care-compare/details/hospital/390049?city=New%20York&state=NY&zipcode=,2026-08-04T19:10:58.862218+00:00,Voluntary non-profit - Private,NORTHAMPTON,8,8,3,5,0,8,8,5,3,0,11,11,0,8,3,15,15,10,8,8,3,5,0.296296296,0.111111111,50,Large,High
390057,St Luke's Hospital - Grand View Campus,700 Lawn Avenue,Sellersville,PA,18960,(215) 453-4000,Acute Care Hospitals,Yes,4,4 stars,4,4 stars,1039,4 stars | 4 stars | 4 stars | 4 stars,"May 13, 2026",https://www.medicare.gov/care-compare/details/hospital/390057?city=New%20York&state=NY&zipcode=,2026-08-04T19:10:07.199338+00:00,Voluntary non-profit - Other,BUCKS,8,7,0,7,0,8,7,0,7,0,11,8,2,6,0,15,15,10,9,2,0,2,0.090909091,0,46,Large,High
390070,Lower Bucks Hospital,501 Bath Road,Bristol,PA,19007,(215) 785-9200,Acute Care Hospitals,Yes,3,3 stars,2,2 stars,164,3 stars | 2 stars | 3 stars | 2 stars,"May 13, 2026",https://www.medicare.gov/care-compare/details/hospital/390070?city=New%20York&state=NY&zipcode=,2026-08-04T18:48:00.017004+00:00,Voluntary non-profit - Private,BUCKS,8,4,0,4,0,8,2,1,1,0,11,4,1,2,1,15,15,10,6,2,1,1,0.2,0.1,31,Small,Medium
390097,Holy Redeemer Hospital and Medical Center,1648 Huntingdon Pike,Meadowbrook,PA,19046,(215) 947-3000,Acute Care Hospitals,Yes,3,3 stars,2,2 stars,623,3 stars | 2 stars | 3 stars | 2 stars,"May 13, 2026",https://www.medicare.gov/care-compare/details/hospital/390097?city=New%20York&state=NY&zipcode=,2026-08-04T18:40:30.695362+00:00,Voluntary non-profit - Church,MONTGOMERY,8,6,0,6,0,8,7,1,6,0,11,10,0,9,1,15,15,10,8,1,1,0,0.043478261,0.043478261,46,Large,Medium
39009F,Philadelphia VA Medical Center,3900 Woodland Avenue,Philadelphia,PA,19104,(215) 823-5857,Acute Care - Veterans Administration,Yes,5,5 stars,3,3 stars,,5 stars | 3 stars | 5 stars | 3 stars,"May 13, 2026",https://www.medicare.gov/care-compare/details/hospital/39009F?city=New%20York&state=NY&zipcode=,2026-08-04T18:59:30.826629+00:00,Veterans Health Administration,PHILADELPHIA,8,5,3,2,0,8,4,1,3,0,11,6,1,5,0,15,10,10,3,5,0,5,0.333333333,0,28,Unknown,High
390111,Hospital of Univ of Pennsylvania,3400 Spruce St,Philadelphia,PA,19104,(215) 662-6289,Acute Care Hospitals,Yes,5,5 stars,4,4 stars,5151,5 stars | 4 stars | 5 stars | 4 stars,"May 13, 2026",https://www.medicare.gov/care-compare/details/hospital/390111?city=New%20York&state=NY&zipcode=,2026-08-04T18:41:07.529823+00:00,Voluntary non-profit - Private,PHILADELPHIA,8,8,5,3,0,8,7,2,4,1,11,10,2,7,1,15,15,10,10,9,2,7,0.36,0.08,50,Large,High
390115,Jefferson Health- Northeast,10800 Knights Road,Philadelphia,PA,19114,(215) 612-4000,Acute Care Hospitals,Yes,2,2 stars,3,3 stars,996,2 stars | 3 stars | 2 stars | 3 stars,"May 13, 2026",https://www.medicare.gov/care-compare/details/hospital/390115?city=New%20York&state=NY&zipcode=,2026-08-04T18:43:23.378933+00:00,Voluntary non-profit - Private,PHILADELPHIA,8,8,0,8,0,8,7,2,5,0,11,11,0,7,4,15,15,10,9,2,4,-2,0.076923077,0.153846154,50,Large,Low
390116,Suburban Community Hospital,2701 Dekalb Pike,Norristown,PA,19401,(610) 278-2000,Acute Care Hospitals,Yes,4,4 stars,3,3 stars,,4 stars | 3 stars | 4 stars | 3 stars,"May 13, 2026",https://www.medicare.gov/care-compare/details/hospital/390116?city=New%20York&state=NY&zipcode=,2026-08-04T19:12:14.899946+00:00,Voluntary non-profit - Private,MONTGOMERY,8,3,0,3,0,8,2,0,2,0,11,4,1,2,1,15,10,10,6,1,1,0,0.111111111,0.111111111,25,Unknown,High
390123,Pottstown Hospital,1600 East High Street,Pottstown,PA,19464,(610) 327-7000,Acute Care Hospitals,Yes,2,2 stars,2,2 stars,643,2 stars | 2 stars | 2 stars | 2 stars,"May 13, 2026",https://www.medicare.gov/care-compare/details/hospital/390123?city=New%20York&state=NY&zipcode=,2026-08-04T19:00:35.284029+00:00,Voluntary non-profit - Private,MONTGOMERY,8,6,0,6,0,8,7,0,7,0,11,9,0,7,2,15,15,10,8,0,2,-2,0,0.090909091,45,Large,Low
390125,Wayne Memorial Hospital,601 Park Street,Honesdale,PA,18431,(570) 253-8100,Acute Care Hospitals,Yes,2,2 stars,3,3 stars,489,2 stars | 3 stars | 2 stars | 3 stars,"May 13, 2026",https://www.medicare.gov/care-compare/details/hospital/390125?city=New%20York&state=NY&zipcode=,2026-08-04T19:17:30.675464+00:00,Voluntary non-profit - Private,WAYNE,8,6,0,6,0,8,4,0,4,0,11,8,1,7,0,15,15,10,9,1,0,1,0.055555556,0,42,Medium,Low
390127,Phoenixville Hospital,140 Nutt Road,Phoenixville,PA,19460,(610) 983-1000,Acute Care Hospitals,Yes,3,3 stars,3,3 stars,619,3 stars | 3 stars | 3 stars | 3 stars,"May 13, 2026",https://www.medicare.gov/care-compare/details/hospital/390127?city=New%20York&state=NY&zipcode=,2026-08-04T18:59:43.265473+00:00,Voluntary non-profit - Private,CHESTER,8,7,0,7,0,8,6,0,6,0,11,9,0,6,3,15,15,10,9,0,3,-3,0,0.136363636,46,Large,Medium
390133,Lehigh Valley Hospital,1200 South Cedar Crest Boulevard,Allentown,PA,18103,(610) 402-8000,Acute Care Hospitals,Yes,4,4 stars,3,3 stars,2704,4 stars | 3 stars | 4 stars | 3 stars,"May 13, 2026",https://www.medicare.gov/care-compare/details/hospital/390133?city=New%20York&state=NY&zipcode=,2026-08-04T18:46:17.977224+00:00,Voluntary non-profit - Private,LEHIGH,8,8,4,4,0,8,8,4,4,0,11,11,0,8,3,15,15,10,9,8,3,5,0.296296296,0.111111111,51,Large,High
390139,Bryn Mawr Hospital,130 South Bryn Mawr Ave,Bryn Mawr,PA,19010,(610) 526-3000,Acute Care Hospitals,Yes,5,5 stars,4,4 stars,1500,5 stars | 4 stars | 5 stars | 4 stars,"May 13, 2026",https://www.medicare.gov/care-compare/details/hospital/390139?city=New%20York&state=NY&zipcode=,2026-08-04T18:27:40.451577+00:00,Voluntary non-profit - Private,MONTGOMERY,8,7,2,5,0,8,7,2,5,0,11,10,1,7,2,15,15,10,8,5,2,3,0.208333333,0.083333333,47,Large,High
390142,Jefferson Einstein Philadelphia Hospital,5501 Old York Road,Philadelphia,PA,19141,(215) 456-6090,Acute Care Hospitals,Yes,3,3 stars,3,3 stars,977,3 stars | 3 stars | 3 stars | 3 stars,"May 13, 2026",https://www.medicare.gov/care-compare/details/hospital/390142?city=New%20York&state=NY&zipcode=,2026-08-04T18:43:10.720404+00:00,Voluntary non-profit - Other,PHILADELPHIA,8,8,0,8,0,8,7,2,5,0,11,11,0,9,2,15,15,10,8,2,2,0,0.076923077,0.076923077,49,Large,Medium
390153,Paoli Hospital,255 West Lancaster Avenue,Paoli,PA,19301,(610) 648-1000,Acute Care Hospitals,Yes,5,5 stars,4,4 stars,1626,5 stars | 4 stars | 5 stars | 4 stars,"May 13, 2026",https://www.medicare.gov/care-compare/details/hospital/390153?city=New%20York&state=NY&zipcode=,2026-08-04T18:58:28.754356+00:00,Voluntary non-profit - Private,CHESTER,8,7,3,4,0,8,8,1,7,0,11,10,1,9,0,15,15,10,8,5,0,5,0.2,0,48,Large,High
390156,Mercy Catholic Medical Center- Mercy Fitzgerald,1500 Lansdowne Ave,Darby,PA,19023,(215) 237-4000,Acute Care Hospitals,Yes,2,2 stars,2,2 stars,298,2 stars | 2 stars | 2 stars | 2 stars,"May 13, 2026",https://www.medicare.gov/care-compare/details/hospital/390156?city=New%20York&state=NY&zipcode=,2026-08-04T18:49:18.255006+00:00,Voluntary non-profit - Private,DELAWARE,8,7,0,7,0,8,6,1,5,0,11,8,0,6,2,15,15,10,9,1,2,-1,0.047619048,0.095238095,45,Medium,Low
390162,St Luke's Hospital - Easton Campus,250 South 21st Street,Easton,PA,18042,(610) 250-4076,Acute Care Hospitals,Yes,4,4 stars,4,4 stars,511,4 stars | 4 stars | 4 stars | 4 stars,"May 13, 2026",https://www.medicare.gov/care-compare/details/hospital/390162?city=New%20York&state=NY&zipcode=,2026-08-04T19:09:54.615032+00:00,Voluntary non-profit - Private,NORTHAMPTON,8,4,0,4,0,8,2,0,2,0,11,6,1,5,0,15,15,10,8,1,0,1,0.083333333,0,35,Medium,High
390174,Thomas Jefferson University Hospital,111 South 11th Street,Philadelphia,PA,19107,(215) 955-6000,Acute Care Hospitals,Yes,3,3 stars,3,3 stars,2329,3 stars | 3 stars | 3 stars | 3 stars,"May 13, 2026",https://www.medicare.gov/care-compare/details/hospital/390174?city=New%20York&state=NY&zipcode=,2026-08-04T19:14:10.842638+00:00,Voluntary non-profit - Private,PHILADELPHIA,8,8,2,6,0,8,8,3,4,1,11,11,0,5,6,15,15,10,8,5,7,-2,0.185185185,0.259259259,50,Large,Medium
390179,Chester County Hospital,701 East Marshall Street,West Chester,PA,19380,(610) 431-5000,Acute Care Hospitals,Yes,5,5 stars,4,4 stars,2104,5 stars | 4 stars | 5 stars | 4 stars,"May 13, 2026",https://www.medicare.gov/care-compare/details/hospital/390179?city=New%20York&state=NY&zipcode=,2026-08-04T18:29:21.836907+00:00,Voluntary non-profit - Private,CHESTER,8,8,1,7,0,8,8,1,7,0,11,11,2,9,0,15,15,10,10,4,0,4,0.148148148,0,52,Large,High
390180,Crozer Chester Medical Center,One Medical Center Boulevard,Upland,PA,19013,(610) 447-2000,Acute Care Hospitals,Yes,1,1 stars,1,1 stars,,1 stars | 1 stars,"May 13, 2026",https://www.medicare.gov/care-compare/details/hospital/390180?city=New%20York&state=NY&zipcode=,2026-08-04T18:32:13.566575+00:00,Voluntary non-profit - Other,DELAWARE,8,7,0,7,0,8,6,2,2,2,11,9,1,8,0,15,15,10,8,3,2,1,0.136363636,0.090909091,45,Unknown,Low
390195,Main Line Hospital Lankenau,100 Lancaster Ave,Wynnewood,PA,19096,(610) 645-2000,Acute Care Hospitals,Yes,4,4 stars,4,4 stars,1826,4 stars | 4 stars | 4 stars | 4 stars,"May 13, 2026",https://www.medicare.gov/care-compare/details/hospital/390195?city=New%20York&state=NY&zipcode=,2026-08-04T18:48:25.137422+00:00,Voluntary non-profit - Private,MONTGOMERY,8,8,1,7,0,8,8,4,4,0,11,11,0,10,1,15,15,10,10,5,1,4,0.185185185,0.037037037,52,Large,High
390201,Lehigh Valley Hospital - Pocono,206 East Brown Street,East Stroudsburg,PA,18301,(570) 421-4000,Acute Care Hospitals,Yes,3,3 stars,3,3 stars,869,3 stars | 3 stars | 3 stars | 3 stars,"May 13, 2026",https://www.medicare.gov/care-compare/details/hospital/390201?city=New%20York&state=NY&zipcode=,2026-08-04T18:46:56.703333+00:00,Voluntary non-profit - Private,MONROE,8,8,0,8,0,8,7,1,6,0,11,11,1,8,2,15,15,10,10,2,2,0,0.076923077,0.076923077,51,Large,Medium
390203,Doylestown Hospital,595 West State St,Doylestown,PA,18901,(215) 345-2200,Acute Care Hospitals,Yes,4,4 stars,4,4 stars,980,4 stars | 4 stars | 4 stars | 4 stars,"May 13, 2026",https://www.medicare.gov/care-compare/details/hospital/390203?city=New%20York&state=NY&zipcode=,2026-08-04T18:32:50.527791+00:00,Voluntary non-profit - Private,BUCKS,8,8,0,8,0,8,7,1,6,0,11,11,1,8,2,15,15,10,8,2,2,0,0.076923077,0.076923077,49,Large,High
390204,Nazareth Hospital,2601 Holme Ave,Philadelphia,PA,19152,(215) 335-6000,Acute Care Hospitals,Yes,2,2 stars,2,2 stars,339,2 stars | 2 stars | 2 stars | 2 stars,"May 13, 2026",https://www.medicare.gov/care-compare/details/hospital/390204?city=New%20York&state=NY&zipcode=,2026-08-04T18:53:53.231276+00:00,Voluntary non-profit - Private,PHILADELPHIA,8,6,0,6,0,8,5,1,4,0,11,7,0,6,1,15,15,10,8,1,1,0,0.055555556,0.055555556,41,Medium,Low
390222,Riddle Memorial Hospital,1068 West Baltimore Pike,Media,PA,19063,(610) 566-9400,Acute Care Hospitals,Yes,4,4 stars,3,3 stars,1377,4 stars | 3 stars | 4 stars | 3 stars,"May 13, 2026",https://www.medicare.gov/care-compare/details/hospital/390222?city=New%20York&state=NY&zipcode=,2026-08-04T19:02:02.480357+00:00,Voluntary non-profit - Private,DELAWARE,8,7,0,7,0,8,7,2,5,0,11,8,1,6,1,15,15,10,10,3,1,2,0.136363636,0.045454545,47,Large,High
390223,Penn Presbyterian Medical Center,51 North 39th Street,Philadelphia,PA,19104,(215) 662-8000,Acute Care Hospitals,Yes,4,4 stars,3,3 stars,2301,4 stars | 3 stars | 4 stars | 3 stars,"May 13, 2026",https://www.medicare.gov/care-compare/details/hospital/390223?city=New%20York&state=NY&zipcode=,2026-08-04T18:58:54.175395+00:00,Voluntary non-profit - Other,PHILADELPHIA,8,8,2,6,0,8,7,1,6,0,11,11,3,7,1,15,15,10,8,6,1,5,0.230769231,0.038461538,49,Large,High
390226,Pennsylvania Hospital,800 Spruce Street,Philadelphia,PA,19107,(215) 829-3000,Acute Care Hospitals,Yes,4,4 stars,3,3 stars,1776,4 stars | 3 stars | 4 stars | 3 stars,"May 13, 2026",https://www.medicare.gov/care-compare/details/hospital/390226?city=New%20York&state=NY&zipcode=,2026-08-04T18:59:06.521237+00:00,Voluntary non-profit - Private,PHILADELPHIA,8,7,2,5,0,8,8,1,7,0,11,9,1,7,1,15,15,10,8,4,1,3,0.166666667,0.041666667,47,Large,High
390231,Jefferson Abington Hospital,1200 Old York Road,Abington,PA,19001,(215) 481-2000,Acute Care Hospitals,Yes,3,3 stars,2,2 stars,1014,3 stars | 2 stars | 3 stars | 2 stars,"May 13, 2026",https://www.medicare.gov/care-compare/details/hospital/390231?city=New%20York&state=NY&zipcode=,2026-08-04T18:42:45.258454+00:00,Voluntary non-profit - Private,MONTGOMERY,8,8,3,5,0,8,8,2,6,0,11,11,1,7,3,15,15,10,8,6,3,3,0.222222222,0.111111111,50,Large,Medium
390237,Regional Hospital of Scranton,746 Jefferson Avenue,Scranton,PA,18501,(570) 348-7100,Acute Care Hospitals,Yes,2,2 stars,3,3 stars,438,2 stars | 3 stars | 2 stars | 3 stars,"May 13, 2026",https://www.medicare.gov/care-compare/details/hospital/390237?city=New%20York&state=NY&zipcode=,2026-08-04T19:01:38.121175+00:00,Proprietary,LACKAWANNA,8,8,0,7,1,8,7,1,6,0,11,10,0,8,2,15,15,10,8,1,3,-2,0.04,0.12,48,Medium,Low
390258,St Mary Medical Center,Langhorne-Newtown Rd,Langhorne,PA,19047,(215) 750-2003,Acute Care Hospitals,Yes,2,2 stars,2,2 stars,1041,2 stars | 2 stars | 2 stars | 2 stars,"May 13, 2026",https://www.medicare.gov/care-compare/details/hospital/390258?city=New%20York&state=NY&zipcode=,2026-08-04T19:11:12.271113+00:00,Voluntary non-profit - Private,BUCKS,8,8,0,7,1,8,7,5,2,0,11,11,1,7,3,15,15,10,9,6,4,2,0.230769231,0.153846154,50,Large,Low
390272,Valley Forge Medical Center,1033 West Germantown Pike,Norristown,PA,19403,(610) 539-8500,Acute Care Hospitals,No,,,,,23,,"May 13, 2026",https://www.medicare.gov/care-compare/details/hospital/390272?city=New%20York&state=NY&zipcode=,2026-08-04T19:16:03.636342+00:00,Proprietary,MONTGOMERY,8,,,,,8,,,,,11,,,,,15,,10,1,,,,,,1,Small,
390278,Eagleville Hospital,100 Eagleville Rd,Eagleville,PA,19403,(610) 539-6000,Acute Care Hospitals,No,,,,,,,"May 13, 2026",https://www.medicare.gov/care-compare/details/hospital/390278?city=New%20York&state=NY&zipcode=,2026-08-04T18:33:04.057305+00:00,Voluntary non-profit - Private,MONTGOMERY,,,,,,,,,,,,,,,,,,,,,,,,,,Unknown,
390304,Roxborough Memorial Hospital,5800 Ridge Ave,Philadelphia,PA,19128,(215) 483-9900,Acute Care Hospitals,Yes,2,2 stars,2,2 stars,104,2 stars | 2 stars | 2 stars | 2 stars,"May 13, 2026",https://www.medicare.gov/care-compare/details/hospital/390304?city=New%20York&state=NY&zipcode=,2026-08-04T19:03:55.627829+00:00,Proprietary,PHILADELPHIA,8,3,0,3,0,8,2,0,2,0,11,4,0,3,1,15,10,10,6,0,1,-1,0,0.111111111,25,Small,Low
390322,Rothman Orthopaedic Specialty Hospital,3300 Tillman Drive,Bensalem,PA,19020,(215) 244-7400,Acute Care Hospitals,No,4,4 stars,4,4 stars,117,4 stars | 4 stars,"May 13, 2026",https://www.medicare.gov/care-compare/details/hospital/390322?city=New%20York&state=NY&zipcode=,2026-08-04T19:03:43.285723+00:00,Proprietary,BUCKS,8,1,0,1,0,8,2,0,2,0,11,3,1,2,0,15,15,10,2,1,0,1,0.166666667,0,23,Small,High
390324,Physicians Care Surgical Hospital,454 Enterprise Drive,Royersford,PA,19468,(610) 495-3330,Acute Care Hospitals,No,5,5 stars,5,5 stars,55,5 stars | 5 stars,"May 13, 2026",https://www.medicare.gov/care-compare/details/hospital/390324?city=New%20York&state=NY&zipcode=,2026-08-04T18:59:55.599303+00:00,Physician,MONTGOMERY,8,1,0,1,0,8,2,1,1,0,11,3,0,3,0,15,15,10,2,1,0,1,0.166666667,0,23,Small,High
390329,Jefferson Einstein Montgomery Hospital,559 West Germantown Pike,East Norriton,PA,19403,(484) 662-1000,Acute Care Hospitals,Yes,4,4 stars,3,3 stars,701,4 stars | 3 stars | 4 stars | 3 stars,"May 13, 2026",https://www.medicare.gov/care-compare/details/hospital/390329?city=New%20York&state=NY&zipcode=,2026-08-04T18:42:58.356997+00:00,Voluntary non-profit - Private,MONTGOMERY,8,8,0,8,0,8,7,2,5,0,11,10,1,7,2,15,15,10,10,3,2,1,0.12,0.08,50,Large,High
390330,St Luke's Hospital - Monroe Campus,100 St Luke's Lane,Stroudsburg,PA,18360,(272) 212-1000,Acute Care Hospitals,Yes,5,5 stars,3,3 stars,1061,5 stars | 3 stars | 5 stars | 3 stars,"May 13, 2026",https://www.medicare.gov/care-compare/details/hospital/390330?city=New%20York&state=NY&zipcode=,2026-08-04T19:10:19.252703+00:00,Voluntary non-profit - Private,MONROE,8,6,1,5,0,8,7,2,5,0,11,10,0,8,2,15,15,10,7,3,2,1,0.130434783,0.086956522,45,Large,High
390331,Wills Eye Hospital,840 Walnut Street,Philadelphia,PA,19107,(215) 440-3150,Acute Care Hospitals,No,,,,,190,,"May 13, 2026",https://www.medicare.gov/care-compare/details/hospital/390331?city=New%20York&state=NY&zipcode=,2026-08-04T19:18:44.975530+00:00,Voluntary non-profit - Private,PHILADELPHIA,8,,,,,8,,,,,11,3,0,3,0,15,,10,1,0,0,0,0,0,4,Small,
390335,St Luke's Hospital - Carbon Campus,500 St Luke's Drive,Lehighton,PA,18235,(610) 377-7001,Acute Care Hospitals,Yes,5,5 stars,4,4 stars,560,5 stars | 4 stars | 5 stars | 4 stars,"May 13, 2026",https://www.medicare.gov/care-compare/details/hospital/390335?city=New%20York&state=NY&zipcode=,2026-08-04T19:09:42.732705+00:00,Voluntary non-profit - Private,CARBON,8,5,0,5,0,8,5,1,4,0,11,7,1,5,1,15,15,10,8,2,1,1,0.117647059,0.058823529,40,Medium,High
390338,Lehigh Valley Hospital - Dickson City,330 Main Street,Dickson City,PA,18519,(570) 330-5000,Acute Care Hospitals,Yes,3,3 stars,4,4 stars,335,3 stars | 4 stars | 3 stars | 4 stars,"May 13, 2026",https://www.medicare.gov/care-compare/details/hospital/390338?city=New%20York&state=NY&zipcode=,2026-08-04T18:46:31.562028+00:00,Voluntary non-profit - Private,LACKAWANNA,8,3,0,3,0,8,3,0,3,0,11,6,0,5,1,15,15,10,8,0,1,-1,0,0.083333333,35,Medium,Medium
390430,Lehigh Valley Hospital - MacUngie,3369 State Route 100,MacUngie,PA,18062,(835) 215-5500,Acute Care Hospitals,Yes,4,4 stars,4,4 stars,415,4 stars | 4 stars,"May 13, 2026",https://www.medicare.gov/care-compare/details/hospital/390430?city=New%20York&state=NY&zipcode=,2026-08-04T18:46:44.449330+00:00,Proprietary,LEHIGH,8,,,,,8,,,,,11,,,,,15,,10,,,,,,,,Medium,High
393303,Children's Hospital of Philadelphia,3401 Civic Center Blvd,Philadelphia,PA,19104,(215) 590-1000,Childrens,Yes,,,,,46,,"May 13, 2026",https://www.medicare.gov/care-compare/details/hospital/393303?city=New%20York&state=NY&zipcode=,2026-08-04T18:29:35.388934+00:00,Voluntary non-profit - Private,PHILADELPHIA,,,,,,,,,,,,,,,,,,,,,,,,,,Small,
393307,St Christopher's Hospital for Children,160 East Erie Ave,Philadelphia,PA,19134,(215) 427-5000,Childrens,Yes,,,,,4,,"May 13, 2026",https://www.medicare.gov/care-compare/details/hospital/393307?city=New%20York&state=NY&zipcode=,2026-08-04T19:08:18.330350+00:00,Proprietary,PHILADELPHIA,,,,,,,,,,,,,,,,,,,,,,,,,,Small,
393309,Shriners Hospitals for Children - Philadelphia,3551 N Broad Street,Philadelphia,PA,19104,(215) 430-4000,Childrens,No,,,,,,,"May 13, 2026",https://www.medicare.gov/care-compare/details/hospital/393309?city=New%20York&state=NY&zipcode=,2026-08-04T19:05:38.211665+00:00,Voluntary non-profit - Other,PHILADELPHIA,,,,,,,,,,,,,,,,,,,,,,,,,,Unknown,
394001,Norristown State Hospital,1001 Sterigere Street,Norristown,PA,19401,(610) 313-1000,Psychiatric,No,,,,,,,"May 13, 2026",https://www.medicare.gov/care-compare/details/hospital/394001?city=New%20York&state=NY&zipcode=,2026-08-04T18:55:33.522601+00:00,Government - State,MONTGOMERY,,,,,,,,,,,,,,,,,,,,,,,,,,Unknown,
394008,Friends Hospital,4641 Roosevelt Boulevard,Philadelphia,PA,19124,(215) 831-4600,Psychiatric,No,,,,,,,"May 13, 2026",https://www.medicare.gov/care-compare/details/hospital/394008?city=New%20York&state=NY&zipcode=,2026-08-04T18:35:03.394910+00:00,Proprietary,PHILADELPHIA,,,,,,,,,,,,,,,,,,,,,,,,,,Unknown,
394023,Belmont Behavioral Hospital,4200 Monument Road,Philadelphia,PA,19131,(215) 877-2000,Psychiatric,No,,,,,,,"May 13, 2026",https://www.medicare.gov/care-compare/details/hospital/394023?city=New%20York&state=NY&zipcode=,2026-08-04T18:24:55.254963+00:00,Voluntary non-profit - Private,PHILADELPHIA,,,,,,,,,,,,,,,,,,,,,,,,,,Unknown,
394027,Fairmount Behavioral Health System,561 Fairthorne Avenue,Philadelphia,PA,19128,(215) 487-4000,Psychiatric,No,,,,,,,"May 13, 2026",https://www.medicare.gov/care-compare/details/hospital/394027?city=New%20York&state=NY&zipcode=,2026-08-04T18:34:08.693960+00:00,Proprietary,PHILADELPHIA,,,,,,,,,,,,,,,,,,,,,,,,,,Unknown,
394033,Montgomery County Emergency Service,50 Beech Drive,Norristown,PA,19403,(610) 279-6100,Psychiatric,No,,,,,,,"May 13, 2026",https://www.medicare.gov/care-compare/details/hospital/394033?city=New%20York&state=NY&zipcode=,2026-08-04T18:51:47.658223+00:00,Voluntary non-profit - Private,MONTGOMERY,,,,,,,,,,,,,,,,,,,,,,,,,,Unknown,
394034,Horsham Clinic,722 East Butler Pike,Ambler,PA,19002,(215) 643-7800,Psychiatric,Yes,,,,,,,"May 13, 2026",https://www.medicare.gov/care-compare/details/hospital/394034?city=New%20York&state=NY&zipcode=,2026-08-04T18:40:43.562868+00:00,Proprietary,MONTGOMERY,,,,,,,,,,,,,,,,,,,,,,,,,,Unknown,
394038,Foundations Behavioral Health,833 East Butler Ave,Doylestown,PA,18901,(215) 345-0444,Psychiatric,No,,,,,,,"May 13, 2026",https://www.medicare.gov/care-compare/details/hospital/394038?city=New%20York&state=NY&zipcode=,2026-08-04T18:34:34.905098+00:00,Voluntary non-profit - Private,BUCKS,,,,,,,,,,,,,,,,,,,,,,,,,,Unknown,
394049,Brooke Glen Behavioral Hospital,7170 Lafayette Avenue,Fort Washington,PA,19034,(215) 641-5300,Psychiatric,No,,,,,,,"May 13, 2026",https://www.medicare.gov/care-compare/details/hospital/394049?city=New%20York&state=NY&zipcode=,2026-08-04T18:27:02.392638+00:00,Voluntary non-profit - Private,MONTGOMERY,,,,,,,,,,,,,,,,,,,,,,,,,,Unknown,
394053,Haven Behavioral Hospital of Philadelphia,3300 Henry Avenue Unit 4,Philadelphia,PA,19129,(215) 475-3400,Psychiatric,No,,,,,,,"May 13, 2026",https://www.medicare.gov/care-compare/details/hospital/394053?city=New%20York&state=NY&zipcode=,2026-08-04T18:39:11.829451+00:00,Proprietary,PHILADELPHIA,,,,,,,,,,,,,,,,,,,,,,,,,,Unknown,
394057,Malvern Behavioral Health,1930 South Broad Street,Philadelphia,PA,19145,(610) 647-0330,Psychiatric,No,,,,,,,"May 13, 2026",https://www.medicare.gov/care-compare/details/hospital/394057?city=New%20York&state=NY&zipcode=,2026-08-04T18:48:39.096953+00:00,Voluntary non-profit - Other,PHILADELPHIA,,,,,,,,,,,,,,,,,,,,,,,,,,Unknown,
394059,Geisinger Behavioral Health Center Northeast,60 Glenmaura National Boulevard,Moosic,PA,18507,(570) 301-5000,Psychiatric,No,,,,,,,"May 13, 2026",https://www.medicare.gov/care-compare/details/hospital/394059?city=New%20York&state=NY&zipcode=,2026-08-04T18:35:56.103559+00:00,Proprietary,LACKAWANNA,,,,,,,,,,,,,,,,,,,,,,,,,,Unknown,
394062,Haven Behavioral Hospital of West Chester,400 East Marshall Street,West Chester,PA,19380,(484) 835-2050,Psychiatric,No,,,,,,,"May 13, 2026",https://www.medicare.gov/care-compare/details/hospital/394062?city=New%20York&state=NY&zipcode=,2026-08-04T18:39:25.458156+00:00,Proprietary,CHESTER,,,,,,,,,,,,,,,,,,,,,,,,,,Unknown,
420002,Piedmont Medical Center,1731 Frank Gaston Blvd,Rock Hill,SC,29732,(803) 329-1234,Acute Care Hospitals,Yes,2,2 stars,2,2 stars,561,2 stars | 2 stars | 2 stars | 2 stars,"May 13, 2026",https://www.medicare.gov/care-compare/details/hospital/420002?city=Charlotte&state=NC&zipcode=,2026-08-04T19:27:10.584143+00:00,Proprietary,YORK,8,8,0,8,0,8,7,2,5,0,11,9,2,5,2,15,15,10,7,4,2,2,0.166666667,0.083333333,46,Medium,Low
420019,Musc Health Chester Medical Center,1 Medical Park Drive,Chester,SC,29706,(803) 581-3151,Acute Care Hospitals,Yes,2,2 stars,2,2 stars,99,2 stars | 2 stars,"May 13, 2026",https://www.medicare.gov/care-compare/details/hospital/420019?city=Charlotte&state=NC&zipcode=,2026-08-04T19:25:32.724231+00:00,Proprietary,CHESTER,8,2,0,2,0,8,2,0,2,0,11,4,0,4,0,15,5,10,8,0,0,0,0,0,21,Small,Low
420036,Musc Health Lancaster Medical Center,800 W Meeting St,Lancaster,SC,29720,(803) 286-1481,Acute Care Hospitals,Yes,4,4 stars,3,3 stars,290,4 stars | 3 stars | 4 stars | 3 stars,"May 13, 2026",https://www.medicare.gov/care-compare/details/hospital/420036?city=Charlotte&state=NC&zipcode=,2026-08-04T19:25:44.906559+00:00,Proprietary,LANCASTER,8,7,0,7,0,8,5,1,4,0,11,6,0,5,1,15,15,10,7,1,1,0,0.055555556,0.055555556,40,Medium,High
420043,Cherokee Medical Center,1530 N Limestone St,Gaffney,SC,29340,(864) 487-4271,Acute Care Hospitals,Yes,2,2 stars,4,4 stars,437,2 stars | 4 stars | 2 stars | 4 stars,"May 13, 2026",https://www.medicare.gov/care-compare/details/hospital/420043?city=Charlotte&state=NC&zipcode=,2026-08-04T19:24:29.940891+00:00,Government - Hospital District or Authority,CHEROKEE,8,4,0,4,0,8,2,0,2,0,11,5,1,3,1,15,15,10,8,1,1,0,0.090909091,0.090909091,34,Medium,Low
424014,Rebound Behavioral Health,134 East Rebound Road,Lancaster,SC,29720,(803) 313-3700,Psychiatric,Yes,,,,,,,"May 13, 2026",https://www.medicare.gov/care-compare/details/hospital/424014?city=Charlotte&state=NC&zipcode=,2026-08-04T19:27:23.664923+00:00,Proprietary,LANCASTER,,,,,,,,,,,,,,,,,,,,,,,,,,Unknown,
450002,The Hospitals of Providence - Memorial Campus,2001 N Oregon St,El Paso,TX,79902,(915) 577-6011,Acute Care Hospitals,Yes,2,2 stars,2,2 stars,329,2 stars | 2 stars | 2 stars | 2 stars,"May 13, 2026",https://www.medicare.gov/care-compare/details/hospital/450002?city=El%20Paso&state=TX&zipcode=,2026-08-04T16:37:43.252277+00:00,Proprietary,EL PASO,8,4,0,4,0,8,7,4,3,0,11,7,0,6,1,15,15,10,7,4,1,3,0.222222222,0.055555556,40,Medium,Low
450007,Peterson Regional Medical Center,551 Hill Country Drive,Kerrville,TX,78028,(830) 896-4200,Acute Care Hospitals,Yes,4,4 stars,4,4 stars,476,4 stars | 4 stars | 4 stars | 4 stars,"May 13, 2026",https://www.medicare.gov/care-compare/details/hospital/450007?city=Texas%20Hill%20Country&state=TX&zipcode=,2026-07-29T17:10:24.052743+00:00,Voluntary non-profit - Private,KERR,8,6,0,6,0,8,5,1,3,1,11,7,1,5,1,15,15,10,10,2,2,0,0.111111111,0.111111111,43,Medium,High
450011,Chi St Joseph Health Regional Hospital,2801 Franciscan Dr,Bryan,TX,77802,(979) 776-3912,Acute Care Hospitals,Yes,2,2 stars,3,3 stars,545,2 stars | 3 stars | 2 stars | 3 stars,"May 13, 2026",https://www.medicare.gov/care-compare/details/hospital/450011?city=Houston&state=TX&zipcode=,2026-07-29T16:56:21.294826+00:00,Voluntary non-profit - Private,BRAZOS,8,8,0,8,0,8,7,2,5,0,11,9,1,7,1,15,15,10,9,3,1,2,0.125,0.041666667,48,Medium,Low
450018,University of Texas Medical Branch Galveston,301 University Boulevard,Galveston,TX,77555,(409) 772-1011,Acute Care Hospitals,Yes,3,3 stars,3,3 stars,1283,3 stars | 3 stars | 3 stars | 3 stars,"May 13, 2026",https://www.medicare.gov/care-compare/details/hospital/450018?city=Houston&state=TX&zipcode=,2026-07-29T17:15:47.028235+00:00,Government - State,GALVESTON,8,8,3,5,0,8,7,1,6,0,11,10,0,7,3,15,15,10,10,4,3,1,0.16,0.12,50,Large,Medium
450024,University Medical Center of El Paso,4815 Alameda Ave,El Paso,TX,79905,(915) 521-7602,Acute Care Hospitals,Yes,3,3 stars,3,3 stars,557,3 stars | 3 stars | 3 stars | 3 stars,"May 13, 2026",https://www.medicare.gov/care-compare/details/hospital/450024?city=El%20Paso&state=TX&zipcode=,2026-08-04T16:38:31.530349+00:00,Physician,EL PASO,8,7,0,7,0,8,6,2,4,0,11,8,0,7,1,15,15,10,7,2,1,1,0.095238095,0.047619048,43,Medium,Medium
450034,Christus Southeast Texas- St Elizabeth,2830 Calder Avenue,Beaumont,TX,77702,(409) 892-7171,Acute Care Hospitals,Yes,4,4 stars,3,3 stars,683,4 stars | 3 stars | 4 stars | 3 stars,"May 13, 2026",https://www.medicare.gov/care-compare/details/hospital/450034?city=Houston&state=TX&zipcode=,2026-07-29T16:57:17.898509+00:00,Voluntary non-profit - Private,JEFFERSON,8,8,0,6,2,8,7,3,4,0,11,8,2,4,2,15,15,10,9,5,4,1,0.217391304,0.173913043,47,Large,High
450035,St Joseph Medical Center,1401 St. Joseph Parkway,Houston,TX,77002,(713) 757-1000,Acute Care Hospitals,Yes,3,3 stars,2,2 stars,56,3 stars | 2 stars | 3 stars | 2 stars,"May 13, 2026",https://www.medicare.gov/care-compare/details/hospital/450035?city=Houston&state=TX&zipcode=,2026-07-29T17:11:36.942888+00:00,Physician,HARRIS,8,3,0,3,0,8,5,1,4,0,11,4,0,4,0,15,15,10,7,1,0,1,0.083333333,0,34,Small,Medium
450056,Ascension Seton Medical Center Austin,1201 W 38th St,Austin,TX,78705,(512) 324-1000,Acute Care Hospitals,Yes,3,3 stars,3,3 stars,995,3 stars | 3 stars | 3 stars | 3 stars,"May 13, 2026",https://www.medicare.gov/care-compare/details/hospital/450056?city=Austin&state=TX&zipcode=,2026-07-29T16:20:31.149011+00:00,Voluntary non-profit - Private,TRAVIS,8,8,1,7,0,8,7,1,6,0,11,11,0,9,2,15,10,10,7,2,2,0,0.076923077,0.076923077,43,Large,Medium
450058,Baptist Medical Center,111 Dallas Street,San Antonio,TX,78205,(210) 297-8256,Acute Care Hospitals,Yes,3,3 stars,2,2 stars,1445,3 stars | 2 stars | 3 stars | 2 stars,"May 13, 2026",https://www.medicare.gov/care-compare/details/hospital/450058?city=San%20Antonio&state=TX&zipcode=,2026-08-04T16:22:20.727863+00:00,Proprietary,BEXAR,8,8,0,8,0,8,8,4,4,0,11,11,3,7,1,15,15,10,8,7,1,6,0.259259259,0.037037037,50,Large,Medium
450068,Memorial Hermann - Texas Medical Center,6411 Fannin,Houston,TX,77030,(713) 704-3700,Acute Care Hospitals,Yes,4,4 stars,3,3 stars,2151,4 stars | 3 stars | 4 stars | 3 stars,"May 13, 2026",https://www.medicare.gov/care-compare/details/hospital/450068?city=Houston&state=TX&zipcode=,2026-07-29T17:07:16.687244+00:00,Voluntary non-profit - Private,HARRIS,8,8,1,7,0,8,7,4,3,0,11,10,2,6,2,15,15,10,10,7,2,5,0.28,0.08,50,Large,High
450072,Chi St Luke's Health Brazosport,100 Medical Drive,Lake Jackson,TX,77566,(979) 297-4411,Acute Care Hospitals,Yes,4,4 stars,3,3 stars,168,4 stars | 3 stars | 4 stars | 3 stars,"May 13, 2026",https://www.medicare.gov/care-compare/details/hospital/450072?city=Houston&state=TX&zipcode=,2026-07-29T16:56:35.274864+00:00,Voluntary non-profit - Private,BRAZORIA,8,6,0,6,0,8,4,0,4,0,11,8,0,7,1,15,15,10,8,0,1,-1,0,0.055555556,41,Small,High
450082,Christus Spohn Hospital Beeville,1500 E Houston Hwy,Beeville,TX,78102,(361) 354-2000,Acute Care Hospitals,Yes,2,2 stars,3,3 stars,73,2 stars | 3 stars | 2 stars | 3 stars,"May 13, 2026",https://www.medicare.gov/care-compare/details/hospital/450082?city=San%20Antonio&state=TX&zipcode=,2026-08-04T16:24:53.071354+00:00,Voluntary non-profit - Private,BEE,8,3,0,3,0,8,2,0,2,0,11,4,0,4,0,15,15,10,7,0,0,0,0,0,31,Small,Low
450097,Hca Houston Healthcare Southeast,4000 Spencer Hwy,Pasadena,TX,77504,(713) 359-1000,Acute Care Hospitals,Yes,3,3 stars,2,2 stars,257,3 stars | 2 stars | 3 stars | 2 stars,"May 13, 2026",https://www.medicare.gov/care-compare/details/hospital/450097?city=Houston&state=TX&zipcode=,2026-07-29T17:01:12.072147+00:00,Proprietary,HARRIS,8,7,0,7,0,8,8,1,7,0,11,7,0,6,1,15,15,10,8,1,1,0,0.045454545,0.045454545,45,Medium,Medium
450104,Guadalupe Regional Medical Center,1215 E Court St,Seguin,TX,78155,(830) 379-2411,Acute Care Hospitals,Yes,2,2 stars,5,5 stars,313,2 stars | 5 stars | 2 stars | 5 stars,"May 13, 2026",https://www.medicare.gov/care-compare/details/hospital/450104?city=San%20Antonio&state=TX&zipcode=,2026-08-04T16:26:34.773480+00:00,Government - Local,GUADALUPE,8,6,0,6,0,8,5,0,5,0,11,7,0,5,2,15,15,10,8,0,2,-2,0,0.111111111,41,Medium,Low
450107,Las Palmas Medical Center A Campus of Lpds Healthc,1801 North Oregon Street,El Paso,TX,79902,(915) 521-1200,Acute Care Hospitals,Yes,2,2 stars,2,2 stars,425,2 stars | 2 stars | 2 stars | 2 stars,"May 13, 2026",https://www.medicare.gov/care-compare/details/hospital/450107?city=El%20Paso&state=TX&zipcode=,2026-08-04T16:36:05.234840+00:00,Proprietary,EL PASO,8,8,0,8,0,8,8,3,5,0,11,11,0,9,2,15,15,10,9,3,2,1,0.111111111,0.074074074,51,Medium,Low
450108,Connally Memorial Medical Center,499 10th Street,Floresville,TX,78114,(830) 393-1300,Acute Care Hospitals,Yes,3,3 stars,3,3 stars,146,3 stars | 3 stars,"May 13, 2026",https://www.medicare.gov/care-compare/details/hospital/450108?city=San%20Antonio&state=TX&zipcode=,2026-08-04T16:25:06.759479+00:00,Government - Hospital District or Authority,WILSON,8,3,0,3,0,8,1,0,1,0,11,5,0,5,0,15,5,10,8,0,0,0,0,0,22,Small,Medium
450124,Dell Seton Med Center at the University of TX,601 E 15th Street,Austin,TX,78701,(512) 324-7000,Acute Care Hospitals,No,4,4 stars,4,4 stars,610,4 stars | 4 stars | 4 stars | 4 stars,"May 13, 2026",https://www.medicare.gov/care-compare/details/hospital/450124?city=Austin&state=TX&zipcode=,2026-07-29T16:19:55.674705+00:00,Voluntary non-profit - Private,TRAVIS,8,4,0,4,0,8,7,1,6,0,11,4,0,4,0,15,10,10,7,1,0,1,0.066666667,0,32,Large,High
450147,DE Tar Hospital Navarro,506 E San Antonio St,Victoria,TX,77901,(361) 575-7441,Acute Care Hospitals,Yes,2,2 stars,3,3 stars,235,2 stars | 3 stars | 2 stars | 3 stars,"May 13, 2026",https://www.medicare.gov/care-compare/details/hospital/450147?city=San%20Antonio&state=TX&zipcode=,2026-08-04T16:25:34.161074+00:00,Proprietary,VICTORIA,8,7,0,7,0,8,6,1,5,0,11,9,1,7,1,15,15,10,8,2,1,1,0.090909091,0.045454545,45,Medium,Low
450165,Methodist Hospital Atascosa,1905 Hwy 97 East,Jourdanton,TX,78026,(830) 769-3515,Acute Care Hospitals,Yes,3,3 stars,4,4 stars,136,3 stars | 4 stars | 3 stars | 4 stars,"May 13, 2026",https://www.medicare.gov/care-compare/details/hospital/450165?city=San%20Antonio&state=TX&zipcode=,2026-08-04T16:27:57.078242+00:00,Proprietary,ATASCOSA,8,3,0,3,0,8,2,0,2,0,11,4,0,4,0,15,15,10,8,0,0,0,0,0,32,Small,Medium
450184,Memorial Hermann Hospital System,1635 North Loop West,Houston,TX,77008,(713) 448-6796,Acute Care Hospitals,Yes,3,3 stars,3,3 stars,3309,3 stars | 3 stars | 3 stars | 3 stars,"May 13, 2026",https://www.medicare.gov/care-compare/details/hospital/450184?city=Houston&state=TX&zipcode=,2026-07-29T17:07:30.582227+00:00,Voluntary non-profit - Private,HARRIS,8,8,3,4,1,8,8,4,3,1,11,9,0,6,3,15,15,10,10,7,5,2,0.28,0.2,50,Large,Medium
450193,Baylor St Lukes Medical Center,"6720 Bertner Ave, Ste Mc1-266",Houston,TX,77030,(832) 355-1000,Acute Care Hospitals,Yes,4,4 stars,3,3 stars,1178,4 stars | 3 stars | 4 stars | 3 stars,"May 13, 2026",https://www.medicare.gov/care-compare/details/hospital/450193?city=Houston&state=TX&zipcode=,2026-07-29T16:54:45.162131+00:00,Voluntary non-profit - Church,HARRIS,8,8,2,6,0,8,7,3,4,0,11,10,0,9,1,15,15,10,8,5,1,4,0.2,0.04,48,Large,High
450213,University Health System,4502 Medical Dr,San Antonio,TX,78229,(210) 358-2637,Acute Care Hospitals,Yes,3,3 stars,3,3 stars,1450,3 stars | 3 stars | 3 stars | 3 stars,"May 13, 2026",https://www.medicare.gov/care-compare/details/hospital/450213?city=San%20Antonio&state=TX&zipcode=,2026-08-04T16:31:06.211076+00:00,Government - Hospital District or Authority,BEXAR,8,8,0,8,0,8,7,5,2,0,11,10,1,9,0,15,15,10,8,6,0,6,0.24,0,48,Large,Medium
450222,Hca Houston Healthcare Conroe,504 Medical Center Blvd,Conroe,TX,77304,(936) 539-1111,Acute Care Hospitals,Yes,2,2 stars,2,2 stars,374,2 stars | 2 stars | 2 stars | 2 stars,"May 13, 2026",https://www.medicare.gov/care-compare/details/hospital/450222?city=Houston&state=TX&zipcode=,2026-07-29T17:00:01.389537+00:00,Proprietary,MONTGOMERY,8,8,0,8,0,8,6,2,4,0,11,8,1,4,3,15,15,10,7,3,3,0,0.136363636,0.136363636,44,Medium,Low
450235,Memorial Hospital,1110 North Sarah Dewitt Drive,Gonzales,TX,78629,(830) 672-7581,Acute Care Hospitals,No,,,,,101,,"May 13, 2026",https://www.medicare.gov/care-compare/details/hospital/450235?city=San%20Antonio&state=TX&zipcode=,2026-08-04T16:27:31.255097+00:00,Government - Hospital District or Authority,GONZALES,8,2,0,2,0,8,1,0,1,0,11,4,0,4,0,15,5,10,7,0,0,0,0,0,19,Small,
450237,Christus Santa Rosa Medical Center,11212 State Hwy 151,San Antonio,TX,78251,(210) 703-8211,Acute Care Hospitals,Yes,3,3 stars,3,3 stars,410,3 stars | 3 stars | 3 stars | 3 stars,"May 13, 2026",https://www.medicare.gov/care-compare/details/hospital/450237?city=San%20Antonio&state=TX&zipcode=,2026-08-04T16:24:39.122906+00:00,Voluntary non-profit - Private,BEXAR,8,8,0,8,0,8,8,1,6,1,11,11,2,9,0,15,15,10,9,3,1,2,0.111111111,0.037037037,51,Medium,Medium
450253,Bellville Medical Center,44 N Cummings St,Bellville,TX,77418,(979) 865-3141,Acute Care Hospitals,Yes,,,,,65,,"May 13, 2026",https://www.medicare.gov/care-compare/details/hospital/450253?city=Houston&state=TX&zipcode=,2026-07-29T16:55:49.191836+00:00,Government - Hospital District or Authority,AUSTIN,8,,,,,8,,,,,11,3,0,3,0,15,5,10,5,0,0,0,0,0,13,Small,
450272,Christus Santa Rosa Hospital-San Marcos,1301 Wonder World Drive,San Marcos,TX,78666,(512) 753-3511,Acute Care Hospitals,Yes,4,4 stars,3,3 stars,670,4 stars | 3 stars | 4 stars | 3 stars,"May 13, 2026",https://www.medicare.gov/care-compare/details/hospital/450272?city=San%20Antonio&state=TX&zipcode=,2026-08-04T16:24:23.572218+00:00,Voluntary non-profit - Church,HAYS,8,6,0,6,0,8,3,1,2,0,11,6,1,4,1,15,15,10,7,2,1,1,0.133333333,0.066666667,37,Large,High
450289,Harris Health,1504 Taub Loop,Houston,TX,77030,(713) 873-2000,Acute Care Hospitals,Yes,3,3 stars,3,3 stars,1280,3 stars | 3 stars | 3 stars | 3 stars,"May 13, 2026",https://www.medicare.gov/care-compare/details/hospital/450289?city=Houston&state=TX&zipcode=,2026-07-29T16:59:32.772085+00:00,Government - Hospital District or Authority,HARRIS,8,4,0,4,0,8,7,1,5,1,11,5,0,4,1,15,15,10,8,1,2,-1,0.0625,0.125,39,Large,Medium
450330,Oakbend Medical Center,1705 Jackson St,Richmond,TX,77469,(281) 341-3000,Acute Care Hospitals,Yes,3,3 stars,3,3 stars,243,3 stars | 3 stars | 3 stars | 3 stars,"May 13, 2026",https://www.medicare.gov/care-compare/details/hospital/450330?city=Houston&state=TX&zipcode=,2026-07-29T17:09:24.502518+00:00,Government - Hospital District or Authority,FORT BEND,8,4,0,4,0,8,4,1,3,0,11,6,1,5,0,15,15,10,7,2,0,2,0.142857143,0,36,Medium,Medium
450346,Baptist Beaumont Hospital,3080 College Street,Beaumont,TX,77701,(409) 212-5000,Acute Care Hospitals,Yes,3,3 stars,3,3 stars,496,3 stars | 3 stars | 3 stars | 3 stars,"May 13, 2026",https://www.medicare.gov/care-compare/details/hospital/450346?city=Houston&state=TX&zipcode=,2026-07-29T16:53:45.601184+00:00,Voluntary non-profit - Private,JEFFERSON,8,8,0,5,3,8,6,2,4,0,11,10,0,8,2,15,15,10,9,2,5,-3,0.083333333,0.208333333,48,Medium,Medium
450347,Huntsville Memorial Hospital,110 Memorial Hospital Drive,Huntsville,TX,77340,(936) 291-3411,Acute Care Hospitals,Yes,2,2 stars,3,3 stars,189,2 stars | 3 stars | 2 stars | 3 stars,"May 13, 2026",https://www.medicare.gov/care-compare/details/hospital/450347?city=Houston&state=TX&zipcode=,2026-07-29T17:04:48.925898+00:00,Voluntary non-profit - Private,WALKER,8,5,0,5,0,8,4,0,4,0,11,6,0,6,0,15,15,10,8,0,0,0,0,0,38,Small,Low
450358,Houston Methodist Hospital,6565 Fannin,Houston,TX,77030,(713) 790-2221,Acute Care Hospitals,Yes,5,5 stars,4,4 stars,2318,5 stars | 4 stars | 5 stars | 4 stars,"May 13, 2026",https://www.medicare.gov/care-compare/details/hospital/450358?city=Houston&state=TX&zipcode=,2026-07-29T17:03:23.765736+00:00,Voluntary non-profit - Private,HARRIS,8,8,5,3,0,8,8,6,2,0,11,11,2,6,3,15,15,10,9,13,3,10,0.481481481,0.111111111,51,Large,High
450370,Columbus Community Hospital,110 Shult Dr,Columbus,TX,78934,(979) 732-2371,Acute Care Hospitals,Yes,2,2 stars,3,3 stars,247,2 stars | 3 stars | 2 stars | 3 stars,"May 13, 2026",https://www.medicare.gov/care-compare/details/hospital/450370?city=Houston&state=TX&zipcode=,2026-07-29T16:57:47.637973+00:00,Voluntary non-profit - Private,COLORADO,8,3,0,3,0,8,1,0,1,0,11,5,1,4,0,15,15,10,7,1,0,1,0.111111111,0,31,Medium,Low
450388,Methodist Hospital,7700 Floyd Curl Dr,San Antonio,TX,78229,(210) 575-4000,Acute Care Hospitals,Yes,4,4 stars,2,2 stars,1739,4 stars | 2 stars | 4 stars | 2 stars,"May 13, 2026",https://www.medicare.gov/care-compare/details/hospital/450388?city=San%20Antonio&state=TX&zipcode=,2026-08-04T16:27:44.560558+00:00,Proprietary,BEXAR,8,8,3,5,0,8,8,4,3,1,11,11,0,7,4,15,15,10,9,7,5,2,0.259259259,0.185185185,51,Large,High
450395,Chi St Lukes Health Memorial Livingston,1717 Hwy 59 Bypass,Livingston,TX,77351,(936) 327-4381,Acute Care Hospitals,Yes,4,4 stars,4,4 stars,167,4 stars | 4 stars | 4 stars | 4 stars,"May 13, 2026",https://www.medicare.gov/care-compare/details/hospital/450395?city=Houston&state=TX&zipcode=,2026-07-29T16:56:49.562268+00:00,Voluntary non-profit - Private,POLK,8,3,0,3,0,8,2,0,2,0,11,6,0,5,1,15,15,10,9,0,1,-1,0,0.090909091,35,Small,High
450424,Houston Methodist Baytown Hospital,4401 Garth Road,Baytown,TX,77521,(281) 420-8600,Acute Care Hospitals,Yes,5,5 stars,4,4 stars,636,5 stars | 4 stars | 5 stars | 4 stars,"May 13, 2026",https://www.medicare.gov/care-compare/details/hospital/450424?city=Houston&state=TX&zipcode=,2026-07-29T17:02:39.830988+00:00,Voluntary non-profit - Private,HARRIS,8,8,3,5,0,8,6,2,4,0,11,10,1,9,0,15,15,10,10,6,0,6,0.25,0,49,Large,High
450431,St David's Medical Center,919 E 32nd St,Austin,TX,78705,(512) 476-7111,Acute Care Hospitals,Yes,4,4 stars,3,3 stars,1239,4 stars | 3 stars | 4 stars | 3 stars,"May 13, 2026",https://www.medicare.gov/care-compare/details/hospital/450431?city=Austin&state=TX&zipcode=,2026-07-29T16:20:13.975063+00:00,Proprietary,TRAVIS,8,8,2,6,0,8,7,1,6,0,11,9,2,6,1,15,15,10,9,5,1,4,0.208333333,0.041666667,48,Large,High
450460,Tyler County Hospital,1100 West Bluff,Woodville,TX,75979,(409) 283-8141,Acute Care Hospitals,Yes,,,,,61,,"May 13, 2026",https://www.medicare.gov/care-compare/details/hospital/450460?city=Houston&state=TX&zipcode=,2026-07-29T17:15:33.083637+00:00,Government - Hospital District or Authority,TYLER,8,2,0,2,0,8,,,,,11,2,1,1,0,15,,10,5,1,0,1,0.25,0,9,Small,
450465,Matagorda Regional Medical Center,104 7th Street,Bay City,TX,77414,(979) 245-6383,Acute Care Hospitals,Yes,5,5 stars,3,3 stars,144,5 stars | 3 stars | 5 stars | 3 stars,"May 13, 2026",https://www.medicare.gov/care-compare/details/hospital/450465?city=Houston&state=TX&zipcode=,2026-07-29T17:06:47.730789+00:00,Government - Hospital District or Authority,MATAGORDA,8,4,0,4,0,8,2,0,2,0,11,5,2,3,0,15,15,10,7,2,0,2,0.181818182,0,33,Small,High
450518,The Medical Center of Southeast Texas,2555 Jimmy Johnson Blvd,Port Arthur,TX,77640,(409) 853-5900,Acute Care Hospitals,Yes,3,3 stars,3,3 stars,86,3 stars | 3 stars | 3 stars | 3 stars,"May 13, 2026",https://www.medicare.gov/care-compare/details/hospital/450518?city=Houston&state=TX&zipcode=,2026-07-29T17:14:32.885747+00:00,Physician,JEFFERSON,8,7,0,7,0,8,3,0,3,0,11,8,1,6,1,15,15,10,8,1,1,0,0.055555556,0.055555556,41,Small,Medium
450597,Cuero Regional Hospital,2550 N Esplanade,Cuero,TX,77954,(361) 275-6191,Acute Care Hospitals,Yes,4,4 stars,4,4 stars,153,4 stars | 4 stars,"May 13, 2026",https://www.medicare.gov/care-compare/details/hospital/450597?city=San%20Antonio&state=TX&zipcode=,2026-08-04T16:25:20.362187+00:00,Government - Hospital District or Authority,DE WITT,8,3,0,3,0,8,1,0,1,0,11,5,2,3,0,15,5,10,8,2,0,2,0.222222222,0,22,Small,High
450604,Hill Country Memorial Hospital,1020 South State Highway 16,Fredericksburg,TX,78624,(830) 997-4353,Acute Care Hospitals,Yes,4,4 stars,4,4 stars,320,4 stars | 4 stars | 4 stars | 4 stars,"May 13, 2026",https://www.medicare.gov/care-compare/details/hospital/450604?city=Texas%20Hill%20Country&state=TX&zipcode=,2026-07-29T17:02:10.887447+00:00,Proprietary,GILLESPIE,8,5,0,5,0,8,4,1,3,0,11,7,1,6,0,15,15,10,10,2,0,2,0.125,0,41,Medium,High
450610,Memorial Hermann Memorial City Hospital,921 Gessner,Houston,TX,77024,(713) 242-3000,Acute Care Hospitals,Yes,4,4 stars,3,3 stars,1181,4 stars | 3 stars | 4 stars | 3 stars,"May 13, 2026",https://www.medicare.gov/care-compare/details/hospital/450610?city=Houston&state=TX&zipcode=,2026-07-29T17:08:12.393713+00:00,Voluntary non-profit - Private,HARRIS,8,8,2,6,0,8,7,3,4,0,11,8,1,7,0,15,15,10,10,6,0,6,0.260869565,0,48,Large,High
450617,Hca Houston Healthcare Clear Lake,500 W Medical Center Blvd,Webster,TX,77598,(281) 332-2511,Acute Care Hospitals,Yes,4,4 stars,2,2 stars,703,4 stars | 2 stars | 4 stars | 2 stars,"May 13, 2026",https://www.medicare.gov/care-compare/details/hospital/450617?city=Houston&state=TX&zipcode=,2026-07-29T16:59:46.979934+00:00,Proprietary,HARRIS,8,8,0,8,0,8,8,2,6,0,11,9,1,6,2,15,15,10,8,3,2,1,0.12,0.08,48,Large,High
450638,Hca Houston Healthcare Northwest,710 Cypress Creek Parkway,Houston,TX,77090,(281) 440-1000,Acute Care Hospitals,Yes,2,2 stars,2,2 stars,259,2 stars | 2 stars | 2 stars | 2 stars,"May 13, 2026",https://www.medicare.gov/care-compare/details/hospital/450638?city=Houston&state=TX&zipcode=,2026-07-29T17:00:44.153422+00:00,Proprietary,HARRIS,8,6,0,6,0,8,6,1,5,0,11,5,0,3,2,15,15,10,7,1,2,-1,0.058823529,0.117647059,39,Medium,Low
450644,Hca Houston Healthcare West,12141 Richmond Ave,Houston,TX,77082,(281) 588-8080,Acute Care Hospitals,Yes,1,1 stars,2,2 stars,272,1 stars | 2 stars | 1 stars | 2 stars,"May 13, 2026",https://www.medicare.gov/care-compare/details/hospital/450644?city=Houston&state=TX&zipcode=,2026-07-29T17:01:41.333709+00:00,Proprietary,HARRIS,8,6,0,6,0,8,6,1,5,0,11,5,0,3,2,15,15,10,7,1,2,-1,0.058823529,0.117647059,39,Medium,Low
450659,Hca Houston Healthcare Medical Center,1313 Hermann Dr,Houston,TX,77004,(713) 527-5019,Acute Care Hospitals,Yes,4,4 stars,2,2 stars,215,4 stars | 2 stars | 4 stars | 2 stars,"May 13, 2026",https://www.medicare.gov/care-compare/details/hospital/450659?city=Houston&state=TX&zipcode=,2026-07-29T17:00:29.709036+00:00,Proprietary,HARRIS,8,4,0,4,0,8,7,1,6,0,11,5,0,4,1,15,15,10,7,1,1,0,0.0625,0.0625,38,Small,High
450668,Sierra Medical Center,1625 Medical Center Dr,El Paso,TX,79902,(915) 747-4000,Acute Care Hospitals,Yes,2,2 stars,2,2 stars,491,2 stars | 2 stars | 2 stars | 2 stars,"May 13, 2026",https://www.medicare.gov/care-compare/details/hospital/450668?city=El%20Paso&state=TX&zipcode=,2026-08-04T16:37:18.800989+00:00,Proprietary,EL PASO,8,7,0,7,0,8,7,2,5,0,11,8,1,7,0,15,15,10,7,3,0,3,0.136363636,0,44,Medium,Low
450670,Hca Houston Healthcare Tomball,605 Holderrieth,Tomball,TX,77375,(281) 351-7500,Acute Care Hospitals,Yes,3,3 stars,2,2 stars,334,3 stars | 2 stars | 3 stars | 2 stars,"May 13, 2026",https://www.medicare.gov/care-compare/details/hospital/450670?city=Houston&state=TX&zipcode=,2026-07-29T17:01:27.408096+00:00,Proprietary,HARRIS,8,8,0,8,0,8,7,1,6,0,11,9,0,5,4,15,15,10,8,1,4,-3,0.041666667,0.166666667,47,Medium,Medium
450674,"Womans Hospital of Texas,the",7600 Fannin,Houston,TX,77054,(713) 790-1234,Acute Care Hospitals,Yes,4,4 stars,3,3 stars,125,4 stars | 3 stars | 4 stars | 3 stars,"May 13, 2026",https://www.medicare.gov/care-compare/details/hospital/450674?city=Houston&state=TX&zipcode=,2026-07-29T17:17:00.836130+00:00,Proprietary,HARRIS,8,1,0,1,0,8,6,2,4,0,11,2,0,2,0,15,15,10,5,2,0,2,0.222222222,0,29,Small,High
450684,Memorial Hermann Northeast Hospital,18951 Memorial North,Humble,TX,77338,(281) 540-7700,Acute Care Hospitals,Yes,3,3 stars,3,3 stars,799,3 stars | 3 stars | 3 stars | 3 stars,"May 13, 2026",https://www.medicare.gov/care-compare/details/hospital/450684?city=Houston&state=TX&zipcode=,2026-07-29T17:08:26.392544+00:00,Voluntary non-profit - Private,HARRIS,8,7,0,7,0,8,7,1,5,1,11,7,0,5,2,15,15,10,8,1,3,-2,0.047619048,0.142857143,44,Large,Medium
45068F,William Beaumont Amg (FT Bliss),18511 Highlander Medics St,El Paso,TX,79920,(915) 742-7777,Acute Care - Department of Defense,Yes,5,5 stars,5,5 stars,,5 stars | 5 stars,"May 13, 2026",https://www.medicare.gov/care-compare/details/hospital/45068F?city=El%20Paso&state=TX&zipcode=,2026-08-04T16:38:43.433509+00:00,Department of Defense,EL PASO,,,,,,,,,,,,,,,,,,,,,,,,,,Unknown,High
450694,El Campo Memorial Hospital,303 Sandy Corner Rd,El Campo,TX,77437,(979) 578-5251,Acute Care Hospitals,Yes,3,3 stars,3,3 stars,135,3 stars | 3 stars | 3 stars | 3 stars,"May 13, 2026",https://www.medicare.gov/care-compare/details/hospital/450694?city=Houston&state=TX&zipcode=,2026-07-29T16:58:33.222573+00:00,Voluntary non-profit - Other,WHARTON,8,3,0,3,0,8,1,0,1,0,11,4,1,3,0,15,15,10,7,1,0,1,0.125,0,30,Small,Medium
45069F,Brooke Army Medical Center (FT Sam Houston),3551 Roger Brooke Dr,Fort Sam Houston,TX,78234,(210) 916-4141,Acute Care - Department of Defense,Yes,5,5 stars,5,5 stars,,5 stars | 5 stars,"May 13, 2026",https://www.medicare.gov/care-compare/details/hospital/45069F?city=San%20Antonio&state=TX&zipcode=,2026-08-04T16:23:25.314533+00:00,Department of Defense,BEXAR,,,,,,,,,,,,,,,,,,,,,,,,,,Unknown,High
450709,Houston Methodist Clear Lake Hospital,18300 St John Drive,Nassau Bay,TX,77058,(281) 333-5503,Acute Care Hospitals,Yes,5,5 stars,4,4 stars,816,5 stars | 4 stars | 5 stars | 4 stars,"May 13, 2026",https://www.medicare.gov/care-compare/details/hospital/450709?city=Houston&state=TX&zipcode=,2026-07-29T17:02:54.253471+00:00,Voluntary non-profit - Private,HARRIS,8,7,1,6,0,8,6,2,4,0,11,9,1,5,3,15,15,10,9,4,3,1,0.181818182,0.136363636,46,Large,High
450713,St David's South Austin Medical Center,901 West Ben White Blvd,Austin,TX,78704,(512) 448-7107,Acute Care Hospitals,Yes,3,3 stars,3,3 stars,723,3 stars | 3 stars | 3 stars | 3 stars,"May 13, 2026",https://www.medicare.gov/care-compare/details/hospital/450713?city=Austin&state=TX&zipcode=,2026-07-29T16:21:26.614133+00:00,Proprietary,TRAVIS,8,8,0,7,1,8,7,2,5,0,11,11,1,8,2,15,15,10,8,3,3,0,0.115384615,0.115384615,49,Large,Medium
450718,Round Rock Medical Center,2400 Round Rock Ave,Round Rock,TX,78681,(512) 341-1000,Acute Care Hospitals,Yes,3,3 stars,3,3 stars,665,3 stars | 3 stars | 3 stars | 3 stars,"May 13, 2026",https://www.medicare.gov/care-compare/details/hospital/450718?city=San%20Antonio&state=TX&zipcode=,2026-08-04T16:29:17.886938+00:00,Proprietary,WILLIAMSON,8,8,0,8,0,8,6,1,5,0,11,8,1,6,1,15,15,10,9,2,1,1,0.090909091,0.045454545,46,Large,Medium
45074F,Houston VA Medical Center,2002 Holcombe Blvd.,Houston,TX,77030,(713) 794-7100,Acute Care - Veterans Administration,Yes,5,5 stars,3,3 stars,,5 stars | 3 stars | 5 stars | 3 stars,"May 13, 2026",https://www.medicare.gov/care-compare/details/hospital/45074F?city=Houston&state=TX&zipcode=,2026-07-29T17:04:34.935659+00:00,Veterans Health Administration,HARRIS,8,5,3,2,0,8,4,1,3,0,11,6,0,4,2,15,10,10,5,4,2,2,0.266666667,0.133333333,30,Unknown,High
450774,Tops Surgical Specialty Hospital,17080 Red Oak Drive,Houston,TX,77090,(281) 539-2900,Acute Care Hospitals,No,4,4 stars,4,4 stars,312,4 stars | 4 stars,"May 13, 2026",https://www.medicare.gov/care-compare/details/hospital/450774?city=Houston&state=TX&zipcode=,2026-07-29T17:15:02.647992+00:00,Physician,HARRIS,8,1,0,1,0,8,2,0,2,0,11,4,0,3,1,15,15,10,3,0,1,-1,0,0.142857143,25,Medium,High
450775,Hca Houston Healthcare Kingwood,22999 US Hwy 59,Kingwood,TX,77325,(281) 359-7500,Acute Care Hospitals,Yes,3,3 stars,2,2 stars,918,3 stars | 2 stars | 3 stars | 2 stars,"May 13, 2026",https://www.medicare.gov/care-compare/details/hospital/450775?city=Houston&state=TX&zipcode=,2026-07-29T17:00:15.553317+00:00,Proprietary,HARRIS,8,8,3,5,0,8,7,4,3,0,11,9,0,7,2,15,15,10,9,7,2,5,0.291666667,0.083333333,48,Large,Medium
450804,Texas Orthopedic Hospital,7401 South Main Street,Houston,TX,77030,(713) 799-8600,Acute Care Hospitals,Yes,4,4 stars,4,4 stars,229,4 stars | 4 stars,"May 13, 2026",https://www.medicare.gov/care-compare/details/hospital/450804?city=Houston&state=TX&zipcode=,2026-07-29T17:14:18.338406+00:00,Voluntary non-profit - Other,HARRIS,8,1,0,1,0,8,2,1,1,0,11,3,2,1,0,15,15,10,5,3,0,3,0.5,0,26,Small,High
450808,Northwest Hills Surgical Hospital,6818 Austin Ctr Blvd Suite 100,Austin,TX,78731,(512) 346-1994,Acute Care Hospitals,Yes,,,,,69,,"May 13, 2026",https://www.medicare.gov/care-compare/details/hospital/450808?city=Austin&state=TX&zipcode=,2026-07-29T16:22:21.080839+00:00,Voluntary non-profit - Private,TRAVIS,8,1,0,1,0,8,1,0,1,0,11,3,0,3,0,15,5,10,3,0,0,0,0,0,13,Small,
450809,North Austin Medical Center,12221 Mopac Expressway North,Austin,TX,78758,(512) 901-1000,Acute Care Hospitals,Yes,3,3 stars,3,3 stars,724,3 stars | 3 stars | 3 stars | 3 stars,"May 13, 2026",https://www.medicare.gov/care-compare/details/hospital/450809?city=Austin&state=TX&zipcode=,2026-07-29T16:23:52.439775+00:00,Proprietary,TRAVIS,8,7,0,7,0,8,8,2,6,0,11,8,1,6,1,15,15,10,8,3,1,2,0.130434783,0.043478261,46,Large,Medium
450820,Houston Methodist Sugarland Hospital,16655 Southwest Freeway,Sugar Land,TX,77479,(281) 274-8000,Acute Care Hospitals,Yes,5,5 stars,4,4 stars,1439,5 stars | 4 stars | 5 stars | 4 stars,"May 13, 2026",https://www.medicare.gov/care-compare/details/hospital/450820?city=Houston&state=TX&zipcode=,2026-07-29T17:03:38.090554+00:00,Voluntary non-profit - Private,FORT BEND,8,8,5,3,0,8,8,4,3,1,11,11,2,8,1,15,15,10,10,11,2,9,0.407407407,0.074074074,52,Large,High
450831,Surgery Specialty Hospitals of America SE Houston,4301 B Vista,Pasadena,TX,77504,(713) 378-3000,Acute Care Hospitals,Yes,,,,,11,,"May 13, 2026",https://www.medicare.gov/care-compare/details/hospital/450831?city=Houston&state=TX&zipcode=,2026-07-29T17:13:33.929744+00:00,Proprietary,HARRIS,8,,,,,8,,,,,11,,,,,15,,10,2,,,,,,2,Small,
450834,"Physicians Centre,the",3131 University Drive East,Bryan,TX,77802,(979) 731-3100,Acute Care Hospitals,Yes,4,4 stars,4,4 stars,91,4 stars | 4 stars,"May 13, 2026",https://www.medicare.gov/care-compare/details/hospital/450834?city=Houston&state=TX&zipcode=,2026-07-29T17:10:38.033479+00:00,Proprietary,BRAZOS,8,1,0,1,0,8,2,0,2,0,11,3,0,2,1,15,15,10,4,0,1,-1,0,0.166666667,25,Small,High
450844,Houston Methodist Willowbrook Hospital,18220 State Highway 249,Houston,TX,77070,(281) 477-1000,Acute Care Hospitals,Yes,5,5 stars,4,4 stars,1119,5 stars | 4 stars | 5 stars | 4 stars,"May 13, 2026",https://www.medicare.gov/care-compare/details/hospital/450844?city=Houston&state=TX&zipcode=,2026-07-29T17:04:06.076775+00:00,Voluntary non-profit - Private,HARRIS,8,8,5,3,0,8,7,4,3,0,11,10,1,7,2,15,15,10,10,10,2,8,0.4,0.08,50,Large,High
450847,Memorial Hermann Katy Hospital,23900 Katy Freeway,Katy,TX,77494,(281) 392-1111,Acute Care Hospitals,Yes,3,3 stars,3,3 stars,823,3 stars | 3 stars | 3 stars | 3 stars,"May 13, 2026",https://www.medicare.gov/care-compare/details/hospital/450847?city=Houston&state=TX&zipcode=,2026-07-29T17:07:58.472908+00:00,Voluntary non-profit - Private,FORT BEND,8,7,0,7,0,8,7,4,3,0,11,7,1,5,1,15,15,10,10,5,1,4,0.238095238,0.047619048,46,Large,Medium
450848,Memorial Hermann Sugar Land Hospital,17500 W Grand Parkway South,Sugar Land,TX,77479,(281) 725-5000,Acute Care Hospitals,Yes,4,4 stars,3,3 stars,741,4 stars | 3 stars | 4 stars | 3 stars,"May 13, 2026",https://www.medicare.gov/care-compare/details/hospital/450848?city=Houston&state=TX&zipcode=,2026-07-29T17:08:40.447604+00:00,Voluntary non-profit - Private,FORT BEND,8,7,0,7,0,8,6,1,5,0,11,7,2,4,1,15,15,10,10,3,1,2,0.15,0.05,45,Large,High
450856,South Texas Spine and Surgical Hospital,18600 North Hardy Oak Blvd,San Antonio,TX,78258,(210) 404-0800,Acute Care Hospitals,Yes,4,4 stars,4,4 stars,74,4 stars | 4 stars,"May 13, 2026",https://www.medicare.gov/care-compare/details/hospital/450856?city=San%20Antonio&state=TX&zipcode=,2026-08-04T16:30:11.185288+00:00,Physician,BEXAR,8,1,0,1,0,8,2,0,2,0,11,3,0,2,1,15,15,10,3,0,1,-1,0,0.166666667,24,Small,High
450860,Sugar Land Surgical Hospital LLP,16906 Southwest Freeway,Sugar Land,TX,77479,(281) 243-1000,Acute Care Hospitals,Yes,,,,,65,,"May 13, 2026",https://www.medicare.gov/care-compare/details/hospital/450860?city=Houston&state=TX&zipcode=,2026-07-29T17:13:03.520168+00:00,Physician,FORT BEND,8,,,,,8,2,0,2,0,11,3,0,3,0,15,5,10,4,0,0,0,0,0,14,Small,
450862,St Luke's the Woodlands Hospital,17200 St Luke's Way,The Woodlands,TX,77384,(936) 266-4050,Acute Care Hospitals,Yes,3,3 stars,3,3 stars,484,3 stars | 3 stars | 3 stars | 3 stars,"May 13, 2026",https://www.medicare.gov/care-compare/details/hospital/450862?city=Houston&state=TX&zipcode=,2026-07-29T17:12:32.771031+00:00,Voluntary non-profit - Private,MONTGOMERY,8,8,0,8,0,8,7,1,6,0,11,10,0,9,1,15,15,10,9,1,1,0,0.04,0.04,49,Medium,Medium
450865,Ascension Seton Southwest,7900 Fm 1826,Austin,TX,78737,(512) 324-9000,Acute Care Hospitals,Yes,,,,,130,,"May 13, 2026",https://www.medicare.gov/care-compare/details/hospital/450865?city=Austin&state=TX&zipcode=,2026-07-29T16:23:16.642801+00:00,Voluntary non-profit - Private,HAYS,8,2,0,2,0,8,1,0,1,0,11,4,0,4,0,15,,10,5,0,0,0,0,0,12,Small,
450867,Ascension Seton Northwest,11113 Research Boulevard,Austin,TX,78759,(512) 324-6000,Acute Care Hospitals,Yes,4,4 stars,3,3 stars,306,4 stars | 3 stars | 4 stars | 3 stars,"May 13, 2026",https://www.medicare.gov/care-compare/details/hospital/450867?city=Austin&state=TX&zipcode=,2026-07-29T16:23:34.830134+00:00,Voluntary non-profit - Private,TRAVIS,8,4,0,4,0,8,3,0,3,0,11,7,0,5,2,15,10,10,6,0,2,-2,0,0.142857143,30,Medium,High
45090F,San Antonio VA Medical Center (VA South Texas Healthcare System),7400 Merton Minter Blvd.,San Antonio,TX,78229,(210) 617-5300,Acute Care - Veterans Administration,Yes,5,5 stars,4,4 stars,,5 stars | 4 stars | 5 stars | 4 stars,"May 13, 2026",https://www.medicare.gov/care-compare/details/hospital/45090F?city=San%20Antonio&state=TX&zipcode=,2026-08-04T16:29:58.170538+00:00,Veterans Health Administration,BEXAR,8,5,2,3,0,8,4,1,3,0,11,6,0,6,0,15,10,10,5,3,0,3,0.2,0,30,Unknown,High
451305,Burleson St Joseph Health Center,1101 Woodson Drive,Caldwell,TX,77836,(979) 567-3245,Critical Access Hospitals,Yes,,,,,55,,"May 13, 2026",https://www.medicare.gov/care-compare/details/hospital/451305?city=Houston&state=TX&zipcode=,2026-07-29T16:56:05.376790+00:00,Voluntary non-profit - Private,BURLESON,8,,,,,8,,,,,11,,,,,15,,10,4,,,,,,4,Small,
451311,Sweeny Community Hospital,305 North McKinney,Sweeny,TX,77480,(979) 548-3311,Critical Access Hospitals,Yes,,,,,77,,"May 13, 2026",https://www.medicare.gov/care-compare/details/hospital/451311?city=Houston&state=TX&zipcode=,2026-07-29T17:13:48.868318+00:00,Government - Hospital District or Authority,BRAZORIA,8,1,0,1,0,8,,,,,11,1,0,1,0,15,,10,4,0,0,0,0,0,6,Small,
451312,Rice Medical Center,600 South Austin Road,Eagle Lake,TX,77434,(979) 234-5571,Critical Access Hospitals,Yes,,,,,41,,"May 13, 2026",https://www.medicare.gov/care-compare/details/hospital/451312?city=Houston&state=TX&zipcode=,2026-07-29T17:10:53.129595+00:00,Proprietary,COLORADO,8,,,,,8,,,,,11,1,0,1,0,15,,10,1,0,0,0,0,0,2,Small,
451316,Madison St Joseph Health Center,100 West Cross Street,Madisonville,TX,77864,(936) 348-2631,Critical Access Hospitals,Yes,,,,,39,,"May 13, 2026",https://www.medicare.gov/care-compare/details/hospital/451316?city=Houston&state=TX&zipcode=,2026-07-29T17:06:33.824982+00:00,Voluntary non-profit - Private,MADISON,8,,,,,8,,,,,11,,,,,15,,10,4,,,,,,4,Small,
451320,Bayside Community Hospital,200 Hospital Drive,Anahuac,TX,77514,(409) 267-3143,Critical Access Hospitals,Yes,,,,,36,,"May 13, 2026",https://www.medicare.gov/care-compare/details/hospital/451320?city=Houston&state=TX&zipcode=,2026-07-29T16:55:01.097692+00:00,Government - Hospital District or Authority,CHAMBERS,8,,,,,8,,,,,11,,,,,15,,10,4,,,,,,4,Small,
451322,Grimes St Joseph Health Center,210 Judson St,Navasota,TX,77868,(936) 825-6585,Critical Access Hospitals,Yes,,,,,36,,"May 13, 2026",https://www.medicare.gov/care-compare/details/hospital/451322?city=Houston&state=TX&zipcode=,2026-07-29T16:59:03.587441+00:00,Voluntary non-profit - Private,GRIMES,8,,,,,8,,,,,11,,,,,15,,10,4,,,,,,4,Small,
451328,Riceland Medical Center,538 Broadway,Winnie,TX,77665,(409) 296-6000,Critical Access Hospitals,Yes,,,,,74,,"May 13, 2026",https://www.medicare.gov/care-compare/details/hospital/451328?city=Houston&state=TX&zipcode=,2026-07-29T17:11:08.045160+00:00,Proprietary,CHAMBERS,8,,,,,8,,,,,11,,,,,15,,10,2,,,,,,2,Small,
451330,Medina Regional Hospital,3100 Avenue E,Hondo,TX,78861,(830) 426-7700,Critical Access Hospitals,Yes,,,,,144,,"May 13, 2026",https://www.medicare.gov/care-compare/details/hospital/451330?city=San%20Antonio&state=TX&zipcode=,2026-08-04T16:27:17.065189+00:00,Government - Hospital District or Authority,MEDINA,8,2,0,2,0,8,1,0,1,0,11,2,0,2,0,15,,10,5,0,0,0,0,0,10,Small,
451332,Palacios Community Medical Center,311 Green Avenue,Palacios,TX,77465,(361) 972-2511,Critical Access Hospitals,Yes,,,,,24,,"May 13, 2026",https://www.medicare.gov/care-compare/details/hospital/451332?city=Houston&state=TX&zipcode=,2026-07-29T17:10:09.881149+00:00,Voluntary non-profit - Private,MATAGORDA,8,,,,,8,,,,,11,,,,,15,,10,3,,,,,,3,Small,
451346,Yoakum Community Hospital,1200 Carl Ramert Drive,Yoakum,TX,77995,(361) 293-2321,Critical Access Hospitals,Yes,3,3 stars,3,3 stars,104,3 stars | 3 stars,"May 13, 2026",https://www.medicare.gov/care-compare/details/hospital/451346?city=San%20Antonio&state=TX&zipcode=,2026-08-04T16:31:44.275934+00:00,Voluntary non-profit - Private,LAVACA,8,4,0,4,0,8,,,,,11,5,1,4,0,15,,10,5,1,0,1,0.111111111,0,14,Small,Medium
451363,Jackson Healthcare Center,1013 S Wells,Edna,TX,77957,(361) 782-7800,Critical Access Hospitals,Yes,,,,,89,,"May 13, 2026",https://www.medicare.gov/care-compare/details/hospital/451363?city=Houston&state=TX&zipcode=,2026-07-29T17:05:03.953102+00:00,Government - Hospital District or Authority,JACKSON,8,,,,,8,,,,,11,2,0,2,0,15,,10,3,0,0,0,0,0,5,Small,
451364,Otto Kaiser Memorial Hospital,3349 S Highway 181,Kenedy,TX,78119,(830) 583-3401,Critical Access Hospitals,Yes,,,,,63,,"May 13, 2026",https://www.medicare.gov/care-compare/details/hospital/451364?city=San%20Antonio&state=TX&zipcode=,2026-08-04T16:28:38.442904+00:00,Government - Hospital District or Authority,KARNES,8,,,,,8,,,,,11,,,,,15,,10,2,,,,,,2,Small,
451365,Ascension Seton Highland Lakes,Highway 281 South,Burnet,TX,78611,(512) 715-3000,Critical Access Hospitals,Yes,5,5 stars,5,5 stars,101,5 stars | 5 stars,"May 13, 2026",https://www.medicare.gov/care-compare/details/hospital/451365?city=San%20Antonio&state=TX&zipcode=,2026-08-04T16:21:39.315361+00:00,Voluntary non-profit - Private,BURNET,8,3,0,3,0,8,1,0,1,0,11,6,1,5,0,15,,10,6,1,0,1,0.1,0,16,Small,High
451371,Ascension Seton Edgar B Davis,130 Hays Street,Luling,TX,78648,(830) 875-7000,Critical Access Hospitals,Yes,,,,,58,,"May 13, 2026",https://www.medicare.gov/care-compare/details/hospital/451371?city=San%20Antonio&state=TX&zipcode=,2026-08-04T16:21:12.374613+00:00,Voluntary non-profit - Private,CALDWELL,8,2,0,2,0,8,,,,,11,3,1,2,0,15,,10,5,1,0,1,0.2,0,10,Small,
451375,Liberty Dayton Regional Medical Center,1353 N Travis St,Liberty,TX,77575,(936) 336-7316,Critical Access Hospitals,Yes,,,,,50,,"May 13, 2026",https://www.medicare.gov/care-compare/details/hospital/451375?city=Houston&state=TX&zipcode=,2026-07-29T17:06:04.005084+00:00,Government - Hospital District or Authority,LIBERTY,8,,,,,8,,,,,11,1,0,1,0,15,,10,4,0,0,0,0,0,5,Small,
451376,Lavaca Medical Center,1400 North Texana Street,Hallettsville,TX,77964,(361) 798-3671,Critical Access Hospitals,Yes,4,4 stars,4,4 stars,139,4 stars | 4 stars,"May 13, 2026",https://www.medicare.gov/care-compare/details/hospital/451376?city=Houston&state=TX&zipcode=,2026-07-29T17:05:33.568945+00:00,Government - Hospital District or Authority,LAVACA,8,3,0,3,0,8,,,,,11,3,1,2,0,15,,10,4,1,0,1,0.166666667,0,10,Small,High
451387,Uvalde Memorial Hospital,1025 Garner Field Road,Uvalde,TX,78801,(830) 278-6251,Critical Access Hospitals,Yes,3,3 stars,4,4 stars,160,3 stars | 4 stars | 3 stars | 4 stars,"May 13, 2026",https://www.medicare.gov/care-compare/details/hospital/451387?city=San%20Antonio&state=TX&zipcode=,2026-08-04T16:31:19.123244+00:00,Government - Hospital District or Authority,UVALDE,8,4,0,4,0,8,2,0,2,0,11,7,0,6,1,15,15,10,6,0,1,-1,0,0.076923077,34,Small,Medium
451391,Frio Regional Hospital,200 S Ih 35,Pearsall,TX,78061,(830) 334-3617,Critical Access Hospitals,Yes,,,,,60,,"May 13, 2026",https://www.medicare.gov/care-compare/details/hospital/451391?city=San%20Antonio&state=TX&zipcode=,2026-08-04T16:26:06.643585+00:00,Voluntary non-profit - Private,FRIO,8,1,0,1,0,8,,,,,11,1,0,1,0,15,,10,6,0,0,0,0,0,8,Small,
451396,Mid Coast Medical Center - Central,200 W Ollie,Llano,TX,78643,(325) 247-5040,Critical Access Hospitals,Yes,,,,,20,,"May 13, 2026",https://www.medicare.gov/care-compare/details/hospital/451396?city=San%20Antonio&state=TX&zipcode=,2026-08-04T16:28:24.096406+00:00,Physician,LLANO,8,,,,,8,,,,,11,,,,,15,,10,3,,,,,,3,Small,
451397,Baylor Scott & White Hospital Brenham,700 Medical Parkway,Brenham,TX,77833,(979) 836-6173,Critical Access Hospitals,Yes,4,4 stars,4,4 stars,166,4 stars | 4 stars | 4 stars | 4 stars,"May 13, 2026",https://www.medicare.gov/care-compare/details/hospital/451397?city=Houston&state=TX&zipcode=,2026-07-29T16:53:59.905238+00:00,Voluntary non-profit - Private,WASHINGTON,8,3,0,3,0,8,2,0,2,0,11,3,1,1,1,15,15,10,5,1,1,0,0.125,0.125,28,Small,High
452114,Atrium Medical Center,"11929 W Airport Blvd, Suite 110",Stafford,TX,77477,(281) 207-8200,Long-term,No,,,,,,,"May 13, 2026",https://www.medicare.gov/care-compare/details/hospital/452114?city=Houston&state=TX&zipcode=,2026-07-29T16:53:31.306563+00:00,Physician,FORT BEND,,,,,,,,,,,,,,,,,,,,,,,,,,Unknown,
453304,Texas Childrens Hospital,6621 Fannin Street,Houston,TX,77030,(832) 824-1000,Childrens,Yes,,,,,125,,"May 13, 2026",https://www.medicare.gov/care-compare/details/hospital/453304?city=Houston&state=TX&zipcode=,2026-07-29T17:14:04.152973+00:00,Voluntary non-profit - Private,HARRIS,,,,,,,,,,,,,,,,,,,,,,,,,,Small,
453309,Healthbridge Childrens's Hospital of Houston,2929 Woodland Park Drive,Houston,TX,77082,(281) 293-7774,Childrens,No,,,,,,,"May 13, 2026",https://www.medicare.gov/care-compare/details/hospital/453309?city=Houston&state=TX&zipcode=,2026-07-29T17:01:56.264710+00:00,Voluntary non-profit - Private,HARRIS,,,,,,,,,,,,,,,,,,,,,,,,,,Unknown,
453310,Dell Children's Medical Center,4900 Mueller Blvd,Austin,TX,78723,(512) 324-0000,Childrens,Yes,,,,,16,,"May 13, 2026",https://www.medicare.gov/care-compare/details/hospital/453310?city=Austin&state=TX&zipcode=,2026-07-29T16:21:09.617252+00:00,Voluntary non-profit - Private,TRAVIS,,,,,,,,,,,,,,,,,,,,,,,,,,Small,
453311,Shriners Hospitals for Children,815 Market Street,Galveston,TX,77550,(409) 770-6600,Childrens,No,,,,,,,"May 13, 2026",https://www.medicare.gov/care-compare/details/hospital/453311?city=Houston&state=TX&zipcode=,2026-07-29T17:11:22.915742+00:00,Voluntary non-profit - Private,GALVESTON,,,,,,,,,,,,,,,,,,,,,,,,,,Unknown,
453313,El Paso Children's Hospital,4845 Alameda Avenue,El Paso,TX,79905,(915) 521-7148,Childrens,Yes,,,,,5,,"May 13, 2026",https://www.medicare.gov/care-compare/details/hospital/453313?city=El%20Paso&state=TX&zipcode=,2026-08-04T16:35:40.198943+00:00,Voluntary non-profit - Private,EL PASO,,,,,,,,,,,,,,,,,,,,,,,,,,Small,
453315,Children's Hospital of San Antonio,333 N Santa Rosa St,San Antonio,TX,78207,(210) 704-3342,Childrens,Yes,,,,,50,,"May 13, 2026",https://www.medicare.gov/care-compare/details/hospital/453315?city=San%20Antonio&state=TX&zipcode=,2026-08-04T16:24:09.157277+00:00,Voluntary non-profit - Church,BEXAR,,,,,,,,,,,,,,,,,,,,,,,,,,Small,
453319,Texas Childrens Hospital North Austin Campus,9835 North Lake Creek Parkway Bldg A,Austin,TX,78717,(832) 824-1100,Childrens,Yes,,,,,3,,"May 13, 2026",https://www.medicare.gov/care-compare/details/hospital/453319?city=San%20Antonio&state=TX&zipcode=,2026-08-04T16:30:39.172840+00:00,Voluntary non-profit - Private,WILLIAMSON,,,,,,,,,,,,,,,,,,,,,,,,,,Small,
454011,San Antonio State Hosp State School,6711 S New Braunfels Ave,San Antonio,TX,78223,(210) 531-7711,Psychiatric,No,,,,,,,"May 13, 2026",https://www.medicare.gov/care-compare/details/hospital/454011?city=San%20Antonio&state=TX&zipcode=,2026-08-04T16:29:45.735966+00:00,Government - State,BEXAR,,,,,,,,,,,,,,,,,,,,,,,,,,Unknown,
454026,West Oaks Hospital,6500 Hornwood,Houston,TX,77074,(713) 995-0909,Psychiatric,No,,,,,,,"May 13, 2026",https://www.medicare.gov/care-compare/details/hospital/454026?city=Houston&state=TX&zipcode=,2026-07-29T17:16:31.813361+00:00,Proprietary,HARRIS,,,,,,,,,,,,,,,,,,,,,,,,,,Unknown,
454060,Laurel Ridge Treatment Center,17720 Corporate Woods Drive,San Antonio,TX,78259,(512) 491-9400,Psychiatric,No,,,,,,,"May 13, 2026",https://www.medicare.gov/care-compare/details/hospital/454060?city=San%20Antonio&state=TX&zipcode=,2026-08-04T16:26:48.673245+00:00,Proprietary,BEXAR,,,,,,,,,,,,,,,,,,,,,,,,,,Unknown,
454076,Harris County Psychiatric Center,2800 MacGregor Way,Houston,TX,77021,(713) 741-5000,Psychiatric,No,,,,,,,"May 13, 2026",https://www.medicare.gov/care-compare/details/hospital/454076?city=Houston&state=TX&zipcode=,2026-07-29T16:59:18.566711+00:00,Government - State,HARRIS,,,,,,,,,,,,,,,,,,,,,,,,,,Unknown,
454084,Austin State Hospital,4110 Guadalupe,Austin,TX,78751,(512) 419-2100,Psychiatric,No,,,,,,,"May 13, 2026",https://www.medicare.gov/care-compare/details/hospital/454084?city=Austin&state=TX&zipcode=,2026-07-29T16:20:51.204047+00:00,Government - State,TRAVIS,,,,,,,,,,,,,,,,,,,,,,,,,,Unknown,
454100,El Paso Psychiatric Center,4615 Alameda Avenue,El Paso,TX,79905,(915) 532-2202,Psychiatric,No,,,,,,,"May 13, 2026",https://www.medicare.gov/care-compare/details/hospital/454100?city=El%20Paso&state=TX&zipcode=,2026-08-04T16:35:53.285371+00:00,Government - State,EL PASO,,,,,,,,,,,,,,,,,,,,,,,,,,Unknown,
454103,Kingwood Pines Hospital,2001 Ladbrook,Kingwood,TX,77339,(281) 358-1495,Psychiatric,No,,,,,,,"May 13, 2026",https://www.medicare.gov/care-compare/details/hospital/454103?city=Houston&state=TX&zipcode=,2026-07-29T17:05:18.964953+00:00,Proprietary,HARRIS,,,,,,,,,,,,,,,,,,,,,,,,,,Unknown,
454107,Behavioral Hospital of Bellaire,"5314 Dashwood, Suite 200",Houston,TX,77081,(713) 600-9500,Psychiatric,No,,,,,,,"May 13, 2026",https://www.medicare.gov/care-compare/details/hospital/454107?city=Houston&state=TX&zipcode=,2026-07-29T16:55:33.719349+00:00,Proprietary,HARRIS,,,,,,,,,,,,,,,,,,,,,,,,,,Unknown,
454108,Cypress Creek Hospital,17750 Cali Drive,Houston,TX,77090,(281) 586-7600,Psychiatric,Yes,,,,,,,"May 13, 2026",https://www.medicare.gov/care-compare/details/hospital/454108?city=Houston&state=TX&zipcode=,2026-07-29T16:58:03.063171+00:00,Proprietary,HARRIS,,,,,,,,,,,,,,,,,,,,,,,,,,Unknown,
454109,El Paso Behavioral Health System,1900 Denver Ave,El Paso,TX,79902,(915) 544-4000,Psychiatric,No,,,,,,,"May 13, 2026",https://www.medicare.gov/care-compare/details/hospital/454109?city=El%20Paso&state=TX&zipcode=,2026-08-04T16:35:25.999344+00:00,Proprietary,EL PASO,,,,,,,,,,,,,,,,,,,,,,,,,,Unknown,
454118,Lone Star Behavioral Health Cypress,16303 Grant Road,Cypress,TX,77429,(281) 516-6186,Psychiatric,No,,,,,,,"May 13, 2026",https://www.medicare.gov/care-compare/details/hospital/454118?city=Houston&state=TX&zipcode=,2026-07-29T17:06:18.913253+00:00,Proprietary,HARRIS,,,,,,,,,,,,,,,,,,,,,,,,,,Unknown,
454121,Austin Oaks Hospital,1407 West Stassney Lane,Austin,TX,78745,(512) 383-8939,Psychiatric,No,,,,,,,"May 13, 2026",https://www.medicare.gov/care-compare/details/hospital/454121?city=Austin&state=TX&zipcode=,2026-07-29T16:21:45.703848+00:00,Proprietary,TRAVIS,,,,,,,,,,,,,,,,,,,,,,,,,,Unknown,
454127,Rock Springs,700 Southeast Inner Loop,Georgetown,TX,78626,(512) 819-9400,Psychiatric,No,,,,,,,"May 13, 2026",https://www.medicare.gov/care-compare/details/hospital/454127?city=San%20Antonio&state=TX&zipcode=,2026-08-04T16:29:04.306080+00:00,Proprietary,WILLIAMSON,,,,,,,,,,,,,,,,,,,,,,,,,,Unknown,
454129,Georgetown Behavioral Health Institute,3101 S Austin Avenue,Georgetown,TX,78626,(248) 905-5091,Psychiatric,No,,,,,,,"May 13, 2026",https://www.medicare.gov/care-compare/details/hospital/454129?city=San%20Antonio&state=TX&zipcode=,2026-08-04T16:26:20.525831+00:00,Proprietary,WILLIAMSON,,,,,,,,,,,,,,,,,,,,,,,,,,Unknown,
454131,Westpark Springs LLC,6902 S Peek Road,Richmond,TX,77407,(832) 535-2770,Psychiatric,Yes,,,,,,,"May 13, 2026",https://www.medicare.gov/care-compare/details/hospital/454131?city=Houston&state=TX&zipcode=,2026-07-29T17:16:46.732256+00:00,Proprietary,FORT BEND,,,,,,,,,,,,,,,,,,,,,,,,,,Unknown,
454132,San Antonio Behavioral Healthcare Hospital,8550 Huebner Road,San Antonio,TX,78240,(210) 541-5300,Psychiatric,No,,,,,,,"May 13, 2026",https://www.medicare.gov/care-compare/details/hospital/454132?city=San%20Antonio&state=TX&zipcode=,2026-08-04T16:29:32.034415+00:00,Proprietary,BEXAR,,,,,,,,,,,,,,,,,,,,,,,,,,Unknown,
454133,Cross Creek Hospital,8402 Cross Park Drive,Austin,TX,78754,(844) 572-4956,Psychiatric,No,,,,,,,"May 13, 2026",https://www.medicare.gov/care-compare/details/hospital/454133?city=Austin&state=TX&zipcode=,2026-07-29T16:22:39.664061+00:00,Proprietary,TRAVIS,,,,,,,,,,,,,,,,,,,,,,,,,,Unknown,
454135,Houston Behavioral Healthcare Hospital LLC,2801 Gessner Road,Houston,TX,77080,(832) 834-7710,Psychiatric,No,,,,,,,"May 13, 2026",https://www.medicare.gov/care-compare/details/hospital/454135?city=Houston&state=TX&zipcode=,2026-07-29T17:02:25.856765+00:00,Proprietary,HARRIS,,,,,,,,,,,,,,,,,,,,,,,,,,Unknown,
454136,Oceans Behavioral Hospital of Katy,455 Park Grove Lane,Katy,TX,77450,(281) 492-8888,Psychiatric,No,,,,,,,"May 13, 2026",https://www.medicare.gov/care-compare/details/hospital/454136?city=Houston&state=TX&zipcode=,2026-07-29T17:09:39.417869+00:00,Proprietary,HARRIS,,,,,,,,,,,,,,,,,,,,,,,,,,Unknown,
454139,Sun Behavioral Houston,7601 Fannin Street,Houston,TX,77054,(713) 795-5025,Psychiatric,Yes,,,,,,,"May 13, 2026",https://www.medicare.gov/care-compare/details/hospital/454139?city=Houston&state=TX&zipcode=,2026-07-29T17:13:18.816522+00:00,Proprietary,HARRIS,,,,,,,,,,,,,,,,,,,,,,,,,,Unknown,
454144,Woodland Springs,15860 Old Conroe Road,Conroe,TX,77384,(936) 270-7520,Psychiatric,No,,,,,,,"May 13, 2026",https://www.medicare.gov/care-compare/details/hospital/454144?city=Houston&state=TX&zipcode=,2026-07-29T17:17:16.183525+00:00,Proprietary,MONTGOMERY,,,,,,,,,,,,,,,,,,,,,,,,,,Unknown,
454146,Rio Vista Behavioral Health,1390 Northwestern Dr.,El Paso,TX,79912,(915) 493-8564,Psychiatric,No,,,,,,,"May 13, 2026",https://www.medicare.gov/care-compare/details/hospital/454146?city=El%20Paso&state=TX&zipcode=,2026-08-04T16:37:06.992858+00:00,Proprietary,EL PASO,,,,,,,,,,,,,,,,,,,,,,,,,,Unknown,
454147,Oceans Behavioral Hospital of Pasadena,4001 Preston Avenue,Pasadena,TX,77505,(832) 619-8836,Psychiatric,No,,,,,,,"May 13, 2026",https://www.medicare.gov/care-compare/details/hospital/454147?city=Houston&state=TX&zipcode=,2026-07-29T17:09:54.346267+00:00,Proprietary,HARRIS,,,,,,,,,,,,,,,,,,,,,,,,,,Unknown,
454151,"Medical Behavioral Hospital of Clear Lake, LLC",16850 Buccaneer LN,Clear Lake City,TX,77058,(833) 971-2356,Psychiatric,No,,,,,,,"May 13, 2026",https://www.medicare.gov/care-compare/details/hospital/454151?city=Houston&state=TX&zipcode=,2026-07-29T17:07:02.772170+00:00,Proprietary,HARRIS,,,,,,,,,,,,,,,,,,,,,,,,,,Unknown,
454156,Voyages Behavioral Health of Sugar Land,11931 Highway 6 South,Sugar Land,TX,77498,(281) 896-0112,Psychiatric,No,,,,,,,"May 13, 2026",https://www.medicare.gov/care-compare/details/hospital/454156?city=Houston&state=TX&zipcode=,2026-07-29T17:16:16.870535+00:00,Proprietary,FORT BEND,,,,,,,,,,,,,,,,,,,,,,,,,,Unknown,
454158,Voyages Behavioral Health of Conroe,1317 S Loop 336 West,Conroe,TX,77304,(936) 242-0409,Psychiatric,No,,,,,,,"May 13, 2026",https://www.medicare.gov/care-compare/details/hospital/454158?city=Houston&state=TX&zipcode=,2026-07-29T17:16:02.024281+00:00,Proprietary,MONTGOMERY,,,,,,,,,,,,,,,,,,,,,,,,,,Unknown,
454159,Cedar Hills Behavioral,1975 Babcock Rd,San Antonio,TX,78229,(210) 846-9757,Psychiatric,Yes,,,,,,,"May 13, 2026",https://www.medicare.gov/care-compare/details/hospital/454159?city=San%20Antonio&state=TX&zipcode=,2026-08-04T16:23:55.611128+00:00,Voluntary non-profit - Other,BEXAR,,,,,,,,,,,,,,,,,,,,,,,,,,Unknown,
670005,Memorial Hermann Surgical Hospital Kingwood,300 Kingwood Medical Drive,Kingwood,TX,77339,(281) 312-4000,Acute Care Hospitals,Yes,,,,,83,,"May 13, 2026",https://www.medicare.gov/care-compare/details/hospital/670005?city=Houston&state=TX&zipcode=,2026-07-29T17:08:55.394967+00:00,Proprietary,HARRIS,8,1,0,1,0,8,2,0,2,0,11,4,0,3,1,15,5,10,2,0,1,-1,0,0.142857143,14,Small,
670006,The Hospital at Westlake Medical Center,"5656 Bee Caves Road, Suite M-302",Austin,TX,78746,(512) 327-0000,Acute Care Hospitals,Yes,2,2 stars,2,2 stars,55,2 stars | 2 stars,"May 13, 2026",https://www.medicare.gov/care-compare/details/hospital/670006?city=Austin&state=TX&zipcode=,2026-07-29T16:22:02.720246+00:00,Physician,TRAVIS,8,1,0,1,0,8,2,0,2,0,11,4,0,4,0,15,5,10,2,0,0,0,0,0,14,Small,Low
670008,Memorial Hermann Houston Physicians Hospital,"333 N Texas Avenue, Suite 1000",Webster,TX,77598,(281) 335-1700,Acute Care Hospitals,Yes,5,5 stars,5,5 stars,239,5 stars | 5 stars,"May 13, 2026",https://www.medicare.gov/care-compare/details/hospital/670008?city=Houston&state=TX&zipcode=,2026-07-29T17:07:44.529060+00:00,Physician,HARRIS,8,1,0,1,0,8,2,0,2,0,11,4,0,3,1,15,15,10,5,0,1,-1,0,0.142857143,27,Medium,High
670031,St Luke's Patients Medical Center,4600 East Sam Houston Parkway South,Pasadena,TX,77505,(281) 487-0700,Acute Care Hospitals,Yes,3,3 stars,2,2 stars,153,3 stars | 2 stars | 3 stars | 2 stars,"May 13, 2026",https://www.medicare.gov/care-compare/details/hospital/670031?city=Houston&state=TX&zipcode=,2026-07-29T17:12:04.801190+00:00,Proprietary,HARRIS,8,4,0,4,0,8,5,1,4,0,11,6,0,4,2,15,15,10,7,1,2,-1,0.066666667,0.133333333,37,Small,Medium
670034,Baylor Scott & White Medical Center - Round Rock,300 University Blvd,Round Rock,TX,78664,(512) 509-0401,Acute Care Hospitals,Yes,4,4 stars,4,4 stars,1134,4 stars | 4 stars | 4 stars | 4 stars,"May 13, 2026",https://www.medicare.gov/care-compare/details/hospital/670034?city=San%20Antonio&state=TX&zipcode=,2026-08-04T16:22:59.743322+00:00,Voluntary non-profit - Private,WILLIAMSON,8,8,2,6,0,8,7,1,6,0,11,11,2,9,0,15,15,10,10,5,0,5,0.192307692,0,51,Large,High
670041,Ascension Seton Williamson,201 Seton Parkway,Round Rock,TX,78664,(512) 324-0000,Acute Care Hospitals,Yes,4,4 stars,3,3 stars,400,4 stars | 3 stars | 4 stars | 3 stars,"May 13, 2026",https://www.medicare.gov/care-compare/details/hospital/670041?city=San%20Antonio&state=TX&zipcode=,2026-08-04T16:21:51.546725+00:00,Voluntary non-profit - Private,WILLIAMSON,8,8,0,8,0,8,4,1,3,0,11,8,2,6,0,15,10,10,7,3,0,3,0.15,0,37,Medium,High
670043,Ascension Seton Cedar Park,1401 Medical Parkway,Cedar Park,TX,78613,(512) 528-7000,Acute Care Hospitals,Yes,3,3 stars,2,2 stars,337,3 stars | 2 stars | 3 stars | 2 stars,"May 13, 2026",https://www.medicare.gov/care-compare/details/hospital/670043?city=San%20Antonio&state=TX&zipcode=,2026-08-04T16:20:57.121312+00:00,Voluntary non-profit - Other,WILLIAMSON,8,7,0,7,0,8,6,1,5,0,11,8,0,7,1,15,15,10,9,1,1,0,0.047619048,0.047619048,45,Medium,Medium
670047,The Hospitals of Providence - East Campus,3280 Joe Battle Blvd,El Paso,TX,79938,(915) 856-7349,Acute Care Hospitals,Yes,2,2 stars,2,2 stars,364,2 stars | 2 stars | 2 stars | 2 stars,"May 13, 2026",https://www.medicare.gov/care-compare/details/hospital/670047?city=El%20Paso&state=TX&zipcode=,2026-08-04T16:37:31.309144+00:00,Proprietary,EL PASO,8,7,0,7,0,8,6,2,4,0,11,6,1,3,2,15,15,10,7,3,2,1,0.157894737,0.105263158,41,Medium,Low
670053,St Luke's Sugar Land Hospital,1317 Lake Pointe Parkway,Sugar Land,TX,77478,(281) 637-7000,Acute Care Hospitals,Yes,3,3 stars,3,3 stars,226,3 stars | 3 stars | 3 stars | 3 stars,"May 13, 2026",https://www.medicare.gov/care-compare/details/hospital/670053?city=Houston&state=TX&zipcode=,2026-07-29T17:12:18.817283+00:00,Voluntary non-profit - Private,FORT BEND,8,3,0,3,0,8,6,1,5,0,11,5,0,4,1,15,15,10,7,1,1,0,0.071428571,0.071428571,36,Small,Medium
670054,Foundation Surgical Hospital of San Antonio,9522 Huebner Road,San Antonio,TX,78240,(210) 478-5400,Acute Care Hospitals,Yes,,,,,32,,"May 13, 2026",https://www.medicare.gov/care-compare/details/hospital/670054?city=San%20Antonio&state=TX&zipcode=,2026-08-04T16:25:51.604178+00:00,Proprietary,BEXAR,8,1,0,1,0,8,2,0,2,0,11,3,0,2,1,15,15,10,2,0,1,-1,0,0.166666667,23,Small,
670055,Methodist Hospital Stone Oak,"1139 E Sonterra Blvd,",San Antonio,TX,78258,(210) 638-2101,Acute Care Hospitals,Yes,4,4 stars,3,3 stars,788,4 stars | 3 stars | 4 stars | 3 stars,"May 13, 2026",https://www.medicare.gov/care-compare/details/hospital/670055?city=San%20Antonio&state=TX&zipcode=,2026-08-04T16:28:09.767695+00:00,Proprietary,BEXAR,8,8,1,7,0,8,8,2,6,0,11,9,2,5,2,15,15,10,8,5,2,3,0.2,0.08,48,Large,High
670056,Ascension Seton Hays,6001 Kyle Pkwy,Kyle,TX,78640,(512) 324-5000,Acute Care Hospitals,Yes,3,3 stars,3,3 stars,537,3 stars | 3 stars | 3 stars | 3 stars,"May 13, 2026",https://www.medicare.gov/care-compare/details/hospital/670056?city=San%20Antonio&state=TX&zipcode=,2026-08-04T16:21:25.044290+00:00,Voluntary non-profit - Private,HAYS,8,8,0,8,0,8,4,0,4,0,11,8,1,6,1,15,10,10,7,1,1,0,0.05,0.05,37,Medium,Medium
670059,Chi St Lukes Lakeside Hospital,17400 St Lukes Way,The Woodlands,TX,77384,(936) 266-4055,Acute Care Hospitals,Yes,3,3 stars,3,3 stars,164,3 stars | 3 stars,"May 13, 2026",https://www.medicare.gov/care-compare/details/hospital/670059?city=Houston&state=TX&zipcode=,2026-07-29T16:57:03.763353+00:00,Voluntary non-profit - Other,MONTGOMERY,8,1,0,1,0,8,1,0,1,0,11,2,0,2,0,15,15,10,5,0,0,0,0,0,24,Small,Medium
670075,St Luke's Hospital at the Vintage,20171 Chasewood Park Drive,Houston,TX,77070,(832) 534-5000,Acute Care Hospitals,Yes,4,4 stars,3,3 stars,219,4 stars | 3 stars | 4 stars | 3 stars,"May 13, 2026",https://www.medicare.gov/care-compare/details/hospital/670075?city=Houston&state=TX&zipcode=,2026-07-29T17:11:50.865826+00:00,Voluntary non-profit - Private,HARRIS,8,6,0,6,0,8,5,1,4,0,11,6,0,6,0,15,15,10,7,1,0,1,0.058823529,0,39,Small,High
670077,Houston Methodist West Hospital,18500 Katy Freeway,Houston,TX,77094,(832) 522-1000,Acute Care Hospitals,Yes,5,5 stars,4,4 stars,1180,5 stars | 4 stars | 5 stars | 4 stars,"May 13, 2026",https://www.medicare.gov/care-compare/details/hospital/670077?city=Houston&state=TX&zipcode=,2026-07-29T17:03:52.075926+00:00,Voluntary non-profit - Private,HARRIS,8,8,1,7,0,8,8,2,6,0,11,11,1,10,0,15,15,10,10,4,0,4,0.148148148,0,52,Large,High
670078,Baptist Neighborhood Hospital Thousand Oaks,16088 San Pedro,San Antonio,TX,78232,(210) 402-4092,Acute Care Hospitals,Yes,5,5 stars,4,4 stars,213,5 stars | 4 stars | 5 stars | 4 stars,"May 13, 2026",https://www.medicare.gov/care-compare/details/hospital/670078?city=San%20Antonio&state=TX&zipcode=,2026-08-04T16:22:33.282115+00:00,Proprietary,BEXAR,8,3,0,3,0,8,1,0,1,0,11,3,0,3,0,15,,10,6,0,0,0,0,0,13,Small,High
670088,Baylor Scott & White Medical Center- College Stati,700 Scott & White Drive,College Station,TX,77845,(979) 691-3701,Acute Care Hospitals,Yes,4,4 stars,4,4 stars,571,4 stars | 4 stars | 4 stars | 4 stars,"May 13, 2026",https://www.medicare.gov/care-compare/details/hospital/670088?city=Houston&state=TX&zipcode=,2026-07-29T16:54:30.987693+00:00,Voluntary non-profit - Private,BRAZOS,8,8,0,8,0,8,8,1,7,0,11,11,0,9,2,15,15,10,10,1,2,-1,0.037037037,0.074074074,52,Medium,High
670093,Aspire Hospital,"2006 South Loop 336 West, Suite 500",Conroe,TX,77304,(936) 647-3500,Acute Care Hospitals,No,,,,,146,,"May 13, 2026",https://www.medicare.gov/care-compare/details/hospital/670093?city=Houston&state=TX&zipcode=,2026-07-29T16:53:15.897789+00:00,Physician,MONTGOMERY,8,,,,,8,,,,,11,,,,,15,,10,3,,,,,,3,Small,
670098,Resolute Health Hospital,"555 Creekside Xing,",New Braunfels,TX,78130,(469) 839-6778,Acute Care Hospitals,Yes,4,4 stars,3,3 stars,276,4 stars | 3 stars | 4 stars | 3 stars,"May 13, 2026",https://www.medicare.gov/care-compare/details/hospital/670098?city=San%20Antonio&state=TX&zipcode=,2026-08-04T16:28:51.062210+00:00,Proprietary,COMAL,8,6,0,6,0,8,4,1,3,0,11,8,0,6,2,15,15,10,8,1,2,-1,0.055555556,0.111111111,41,Medium,High
670102,"Ad Hospital East, LLC","12950 East Freeway, Suite 100",Houston,TX,77015,(281) 863-2100,Acute Care Hospitals,Yes,,,,,110,,"May 13, 2026",https://www.medicare.gov/care-compare/details/hospital/670102?city=Houston&state=TX&zipcode=,2026-07-29T16:52:28.812097+00:00,Proprietary,HARRIS,8,1,0,1,0,8,2,0,2,0,11,2,0,2,0,15,5,10,4,0,0,0,0,0,14,Small,
670106,Hca Houston Healthcare Pearland,11100 Shadow Creek Parkway,Pearland,TX,77584,(713) 770-7000,Acute Care Hospitals,Yes,3,3 stars,2,2 stars,181,3 stars | 2 stars | 3 stars | 2 stars,"May 13, 2026",https://www.medicare.gov/care-compare/details/hospital/670106?city=Houston&state=TX&zipcode=,2026-07-29T17:00:58.133994+00:00,Proprietary,BRAZORIA,8,4,0,4,0,8,5,1,4,0,11,5,0,5,0,15,15,10,7,1,0,1,0.071428571,0,36,Small,Medium
670108,Baylor Scott & White Medical Center - Marble Falls,810 W Highway 71,Marble Falls,TX,78654,(254) 215-9791,Acute Care Hospitals,Yes,4,4 stars,4,4 stars,506,4 stars | 4 stars | 4 stars | 4 stars,"May 13, 2026",https://www.medicare.gov/care-compare/details/hospital/670108?city=San%20Antonio&state=TX&zipcode=,2026-08-04T16:22:47.244347+00:00,Voluntary non-profit - Private,BURNET,8,5,0,5,0,8,3,0,3,0,11,9,1,8,0,15,15,10,9,1,0,1,0.058823529,0,41,Medium,High
670109,Baytown Medical Center LP,1626 W Baker Road,Baytown,TX,77521,(281) 837-7600,Acute Care Hospitals,Yes,,,,,96,,"May 13, 2026",https://www.medicare.gov/care-compare/details/hospital/670109?city=Houston&state=TX&zipcode=,2026-07-29T16:55:17.970648+00:00,Proprietary,HARRIS,8,,,,,8,1,0,1,0,11,1,0,1,0,15,,10,2,0,0,0,0,0,4,Small,
670112,Legent Orthopedic + Spine,5330 North Loop 1604 West,San Antonio,TX,78249,(717) 620-2424,Acute Care Hospitals,No,5,5 stars,5,5 stars,73,5 stars | 5 stars,"May 13, 2026",https://www.medicare.gov/care-compare/details/hospital/670112?city=San%20Antonio&state=TX&zipcode=,2026-08-04T16:27:02.712448+00:00,Proprietary,BEXAR,8,1,0,1,0,8,2,0,2,0,11,3,0,3,0,15,15,10,2,0,0,0,0,0,23,Small,High
670115,Cleveland Emergency Hospital,"8901 Fm 1960 Bypass Rd W, Suite 105",Humble,TX,77338,(281) 592-5400,Acute Care Hospitals,Yes,,,,,9,,"May 13, 2026",https://www.medicare.gov/care-compare/details/hospital/670115?city=Houston&state=TX&zipcode=,2026-07-29T16:57:33.404855+00:00,Proprietary,HARRIS,8,,,,,8,,,,,11,,,,,15,,10,1,,,,,,1,Small,
670120,The Hospitals of Providence Transmountain Campus,2000 Transmountain Rd,El Paso,TX,79911,(915) 877-8136,Acute Care Hospitals,Yes,2,2 stars,2,2 stars,247,2 stars | 2 stars | 2 stars | 2 stars,"May 13, 2026",https://www.medicare.gov/care-compare/details/hospital/670120?city=El%20Paso&state=TX&zipcode=,2026-08-04T16:38:07.857057+00:00,Proprietary,EL PASO,8,5,0,5,0,8,6,1,5,0,11,5,0,4,1,15,15,10,7,1,1,0,0.0625,0.0625,38,Medium,Low
670122,Houston Methodist the Woodlands Hospital,17201 Interstate 45 South,The Woodlands,TX,77385,(936) 270-2000,Acute Care Hospitals,Yes,5,5 stars,4,4 stars,1213,5 stars | 4 stars | 5 stars | 4 stars,"May 13, 2026",https://www.medicare.gov/care-compare/details/hospital/670122?city=Houston&state=TX&zipcode=,2026-07-29T17:04:20.736083+00:00,Voluntary non-profit - Private,MONTGOMERY,8,8,3,5,0,8,8,4,4,0,11,11,2,9,0,15,15,10,9,9,0,9,0.333333333,0,51,Large,High
670124,The Hospitals of Providence Horizon City Campus,"13600 Horizon Street, Suite 100",Horizon City,TX,79928,(915) 407-7878,Acute Care Hospitals,Yes,,,,,98,,"May 13, 2026",https://www.medicare.gov/care-compare/details/hospital/670124?city=El%20Paso&state=TX&zipcode=,2026-08-04T16:37:56.109627+00:00,Proprietary,EL PASO,8,2,0,2,0,8,,,,,11,2,0,2,0,15,,10,6,0,0,0,0,0,10,Small,
670125,Texas Center for Infectious Disease,2303 SE Military Dr P O Box 23340,San Antonio,TX,78223,(210) 534-8857,Acute Care Hospitals,No,,,,,,,"May 13, 2026",https://www.medicare.gov/care-compare/details/hospital/670125?city=San%20Antonio&state=TX&zipcode=,2026-08-04T16:30:25.153808+00:00,Government - State,BEXAR,,,,,,,,,,,,,,,,,,,,,,,,,,Unknown,
670128,Baylor Scott & White Medical Center Pflugerville,2600 East Pflugerville Parkway,Pflugerville,TX,78660,(512) 654-6100,Acute Care Hospitals,Yes,4,4 stars,5,5 stars,361,4 stars | 5 stars | 4 stars | 5 stars,"May 13, 2026",https://www.medicare.gov/care-compare/details/hospital/670128?city=San%20Antonio&state=TX&zipcode=,2026-08-04T16:23:12.138912+00:00,Voluntary non-profit - Private,TRAVIS,8,3,0,3,0,8,2,0,2,0,11,5,0,4,1,15,15,10,7,0,1,-1,0,0.1,32,Medium,High
670131,Baylor Scott & White Medical Center - Buda,5330 Overpass Road Suite 110,Buda,TX,78610,(737) 999-6200,Acute Care Hospitals,Yes,,,,,127,,"May 13, 2026",https://www.medicare.gov/care-compare/details/hospital/670131?city=Austin&state=TX&zipcode=,2026-07-29T16:24:11.101452+00:00,Voluntary non-profit - Private,HAYS,8,1,0,1,0,8,1,0,1,0,11,1,0,1,0,15,5,10,7,0,0,0,0,0,15,Small,
670134,Altus Lumberton Hospital,220 Blanco St,Lumberton,TX,77657,(409) 227-0520,Acute Care Hospitals,Yes,,,,,31,,"May 13, 2026",https://www.medicare.gov/care-compare/details/hospital/670134?city=Houston&state=TX&zipcode=,2026-07-29T16:53:00.280741+00:00,Proprietary,HARDIN,8,2,0,2,0,8,,,,,11,2,0,2,0,15,,10,3,0,0,0,0,0,7,Small,
670135,"Altus Houston Hospital, LP",6011 W Sam Houston Pkwy South,Houston,TX,77072,(713) 773-0556,Acute Care Hospitals,Yes,,,,,29,,"May 13, 2026",https://www.medicare.gov/care-compare/details/hospital/670135?city=Houston&state=TX&zipcode=,2026-07-29T16:52:44.965215+00:00,Proprietary,HARRIS,8,,,,,8,,,,,11,,,,,15,,10,1,,,,,,1,Small,
670136,Baylor Scott & White Medical Center- Austin,5245 W US 290,Austin,TX,78735,(512) 654-2100,Acute Care Hospitals,No,,,,,190,,"May 13, 2026",https://www.medicare.gov/care-compare/details/hospital/670136?city=Austin&state=TX&zipcode=,2026-07-29T16:22:58.453210+00:00,Voluntary non-profit - Private,TRAVIS,8,2,0,2,0,8,1,0,1,0,11,4,0,3,1,15,5,10,8,0,1,-1,0,0.142857143,20,Small,
670266,Townsen Memorial Hospital,1475 Fm 1960 Bypass E,Humble,TX,77338,(281) 369-9001,Acute Care Hospitals,Yes,,,,,140,,"May 13, 2026",https://www.medicare.gov/care-compare/details/hospital/670266?city=Houston&state=TX&zipcode=,2026-07-29T17:15:18.050933+00:00,Proprietary,HARRIS,8,,,,,8,1,0,1,0,11,2,0,2,0,15,,10,3,0,0,0,0,0,6,Small,
670267,The Woodlands Specialty Hospital,25440 Interstate 45 North,Spring,TX,77386,(281) 602-8160,Acute Care Hospitals,Yes,,,,,21,,"May 13, 2026",https://www.medicare.gov/care-compare/details/hospital/670267?city=Houston&state=TX&zipcode=,2026-07-29T17:14:48.652210+00:00,Proprietary,MONTGOMERY,8,1,0,1,0,8,1,0,1,0,11,1,0,1,0,15,5,10,4,0,0,0,0,0,12,Small,
670285,Elite Hospital Kingwood,23330 Highway 59 N,Kingwood,TX,77339,(832) 777-6165,Acute Care Hospitals,No,,,,,18,,"May 13, 2026",https://www.medicare.gov/care-compare/details/hospital/670285?city=Houston&state=TX&zipcode=,2026-07-29T16:58:48.608092+00:00,Proprietary,HARRIS,8,,,,,8,,,,,11,,,,,15,,10,4,,,,,,4,Small,
670314,St Michaels Medical Hospital LLC,"16000 Southwest Freeway, Suite 100",Sugar Land,TX,77479,(281) 980-4357,Acute Care Hospitals,Yes,,,,,11,,"May 13, 2026",https://www.medicare.gov/care-compare/details/hospital/670314?city=Houston&state=TX&zipcode=,2026-07-29T17:12:48.345838+00:00,Proprietary,FORT BEND,8,,,,,8,,,,,11,,,,,15,,10,4,,,,,,4,Small,
670320,East Houston Medical Center,15149 Wallisville Road,Houston,TX,77049,(281) 988-9800,Acute Care Hospitals,Yes,,,,,30,,"May 13, 2026",https://www.medicare.gov/care-compare/details/hospital/670320?city=Houston&state=TX&zipcode=,2026-07-29T16:58:18.409235+00:00,Proprietary,HARRIS,8,,,,,8,,,,,11,,,,,15,,10,3,,,,,,3,Small,
670326,Brushy Creek Family Hospital LLC,230 Deer Ridge Dr,Round Rock,TX,78681,(512) 766-1400,Acute Care Hospitals,No,,,,,24,,"May 13, 2026",https://www.medicare.gov/care-compare/details/hospital/670326?city=San%20Antonio&state=TX&zipcode=,2026-08-04T16:23:39.645286+00:00,Proprietary,WILLIAMSON,8,,,,,8,,,,,11,,,,,15,,10,1,,,,,,1,Small,
670331,Mid Coast Medical Center-Trinity,317 Prospect Drive,Trinity,TX,75862,(936) 744-1256,Acute Care Hospitals,Yes,,,,,,,"May 13, 2026",https://www.medicare.gov/care-compare/details/hospital/670331?city=Houston&state=TX&zipcode=,2026-07-29T17:09:10.496107+00:00,Voluntary non-profit - Other,TRINITY,8,,,,,8,,,,,11,,,,,15,,10,,,,,,,,Unknown,
670333,Westover Hills Baptist Hospital,3011 W Loop 1604 N,San Antonio,TX,78251,(726) 266-8100,Acute Care Hospitals,Yes,,,,,216,,"May 13, 2026",https://www.medicare.gov/care-compare/details/hospital/670333?city=San%20Antonio&state=TX&zipcode=,2026-08-04T16:31:32.246390+00:00,Proprietary,BEXAR,8,,,,,8,1,0,1,0,11,,,,,15,,10,1,0,0,0,0,0,2,Small,
670335,UT Health San Antonio Multispecialty & Research Ho,8311 Ewing Halsell Dr,San Antonio,TX,78229,(210) 450-7044,Acute Care Hospitals,No,,,,,772,,"May 13, 2026",https://www.medicare.gov/care-compare/details/hospital/670335?city=San%20Antonio&state=TX&zipcode=,2026-08-04T16:30:53.363431+00:00,Government - State,BEXAR,8,,,,,8,,,,,11,,,,,15,,10,1,,,,,,1,Large,
670336,Bandera Family Hospital,8703 Bandera Rd,San Antonio,TX,78250,(210) 332-1730,Acute Care Hospitals,Yes,,,,,8,,"May 13, 2026",https://www.medicare.gov/care-compare/details/hospital/670336?city=San%20Antonio&state=TX&zipcode=,2026-08-04T16:22:05.792496+00:00,Proprietary,BEXAR,,,,,,,,,,,,,,,,,,,,,,,,,,Small,
670342,Houston Methodist Cypress Hospital,24500 Northwest Fwy,Cypress,TX,77429,(346) 618-1506,Acute Care Hospitals,Yes,,,,,531,,"May 13, 2026",https://www.medicare.gov/care-compare/details/hospital/670342?city=Houston&state=TX&zipcode=,2026-07-29T17:03:09.724130+00:00,Voluntary non-profit - Private,HARRIS,,,,,,,,,,,,,,,,,,,,,,,,,,Medium,
670343,Baylor Scott & White Hospital Brenham,700 Medical Parkway,Brenham,TX,77833,(979) 836-6173,Acute Care Hospitals,Yes,,,,,,,"May 13, 2026",https://www.medicare.gov/care-compare/details/hospital/670343?city=Houston&state=TX&zipcode=,2026-07-29T16:54:15.715637+00:00,Voluntary non-profit - Private,WASHINGTON,,,,,,,,,,,,,,,,,,,,,,,,,,Unknown,
670345,Legent North Houston Surgical Hospital,24429 Tomball Parkway,Tomball,TX,77375,(346) 766-0880,Acute Care Hospitals,No,,,,,,,"May 13, 2026",https://www.medicare.gov/care-compare/details/hospital/670345?city=Houston&state=TX&zipcode=,2026-07-29T17:05:49.053512+00:00,Physician,HARRIS,,,,,,,,,,,,,,,,,,,,,,,,,,Unknown,
